Axis1,Axis2,Axis3,datetime,hand,hand_dominance,type,hand_type,session,hand_label,id
85,22,82,2017-12-19 22:05:50,R,R,td,dom,dom,dom,TD0
0,0,0,2017-12-19 22:05:50,L,R,td,ndom,dom,ndom,TD0
122,45,105,2017-12-19 22:05:51,R,R,td,dom,dom,dom,TD0
0,0,0,2017-12-19 22:05:51,L,R,td,ndom,dom,ndom,TD0
113,75,93,2017-12-19 22:05:52,R,R,td,dom,dom,dom,TD0
0,0,0,2017-12-19 22:05:52,L,R,td,ndom,dom,ndom,TD0
72,69,97,2017-12-19 22:05:53,R,R,td,dom,dom,dom,TD0
0,0,0,2017-12-19 22:05:53,L,R,td,ndom,dom,ndom,TD0
56,48,94,2017-12-19 22:05:54,R,R,td,dom,dom,dom,TD0
0,0,0,2017-12-19 22:05:54,L,R,td,ndom,dom,ndom,TD0
123,48,80,2017-12-19 22:05:55,R,R,td,dom,dom,dom,TD0
0,0,0,2017-12-19 22:05:55,L,R,td,ndom,dom,ndom,TD0
0,0,0,2017-12-19 22:05:56,L,R,td,ndom,dom,ndom,TD0
173,43,50,2017-12-19 22:05:56,R,R,td,dom,dom,dom,TD0
97,70,80,2017-12-19 22:05:57,R,R,td,dom,dom,dom,TD0
0,0,0,2017-12-19 22:05:57,L,R,td,ndom,dom,ndom,TD0
50,81,95,2017-12-19 22:05:58,R,R,td,dom,dom,dom,TD0
0,0,0,2017-12-19 22:05:58,L,R,td,ndom,dom,ndom,TD0
69,93,118,2017-12-19 22:05:59,R,R,td,dom,dom,dom,TD0
0,0,0,2017-12-19 22:05:59,L,R,td,ndom,dom,ndom,TD0
63,45,121,2017-12-19 22:06:00,R,R,td,dom,dom,dom,TD0
0,0,0,2017-12-19 22:06:00,L,R,td,ndom,dom,ndom,TD0
54,29,122,2017-12-19 22:06:01,R,R,td,dom,dom,dom,TD0
0,0,0,2017-12-19 22:06:01,L,R,td,ndom,dom,ndom,TD0
0,0,0,2017-12-19 22:06:02,L,R,td,ndom,dom,ndom,TD0
59,38,116,2017-12-19 22:06:02,R,R,td,dom,dom,dom,TD0
73,70,105,2017-12-19 22:06:03,R,R,td,dom,dom,dom,TD0
0,0,0,2017-12-19 22:06:03,L,R,td,ndom,dom,ndom,TD0
52,34,125,2017-12-19 22:06:04,R,R,td,dom,dom,dom,TD0
0,0,0,2017-12-19 22:06:04,L,R,td,ndom,dom,ndom,TD0
0,0,0,2017-12-19 22:06:05,L,R,td,ndom,dom,ndom,TD0
44,49,122,2017-12-19 22:06:05,R,R,td,dom,dom,dom,TD0
75,44,136,2017-12-19 22:06:06,R,R,td,dom,dom,dom,TD0
0,0,0,2017-12-19 22:06:06,L,R,td,ndom,dom,ndom,TD0
68,74,70,2017-12-19 22:06:07,R,R,td,dom,dom,dom,TD0
0,0,0,2017-12-19 22:06:07,L,R,td,ndom,dom,ndom,TD0
64,62,121,2017-12-19 22:06:08,R,R,td,dom,dom,dom,TD0
0,0,0,2017-12-19 22:06:08,L,R,td,ndom,dom,ndom,TD0
0,0,0,2017-12-19 22:06:09,L,R,td,ndom,dom,ndom,TD0
109,53,66,2017-12-19 22:06:09,R,R,td,dom,dom,dom,TD0
0,0,0,2017-12-19 22:06:10,L,R,td,ndom,dom,ndom,TD0
177,46,69,2017-12-19 22:06:10,R,R,td,dom,dom,dom,TD0
0,0,0,2017-12-19 22:06:11,L,R,td,ndom,dom,ndom,TD0
122,40,79,2017-12-19 22:06:11,R,R,td,dom,dom,dom,TD0
78,96,70,2017-12-19 22:06:12,R,R,td,dom,dom,dom,TD0
0,0,0,2017-12-19 22:06:12,L,R,td,ndom,dom,ndom,TD0
0,0,0,2017-12-19 22:06:13,L,R,td,ndom,dom,ndom,TD0
45,95,62,2017-12-19 22:06:13,R,R,td,dom,dom,dom,TD0
134,42,82,2017-12-19 22:06:14,R,R,td,dom,dom,dom,TD0
0,0,0,2017-12-19 22:06:14,L,R,td,ndom,dom,ndom,TD0
0,0,0,2017-12-19 22:06:15,L,R,td,ndom,dom,ndom,TD0
25,57,88,2017-12-19 22:06:15,R,R,td,dom,dom,dom,TD0
0,0,0,2017-12-19 22:06:16,L,R,td,ndom,dom,ndom,TD0
123,68,70,2017-12-19 22:06:16,R,R,td,dom,dom,dom,TD0
174,51,59,2017-12-19 22:06:17,R,R,td,dom,dom,dom,TD0
0,0,0,2017-12-19 22:06:17,L,R,td,ndom,dom,ndom,TD0
70,29,126,2017-12-19 22:06:18,R,R,td,dom,dom,dom,TD0
0,0,0,2017-12-19 22:06:18,L,R,td,ndom,dom,ndom,TD0
60,15,115,2017-12-19 22:06:19,R,R,td,dom,dom,dom,TD0
0,0,0,2017-12-19 22:06:19,L,R,td,ndom,dom,ndom,TD0
71,71,160,2017-12-19 22:06:20,R,R,td,dom,dom,dom,TD0
0,0,0,2017-12-19 22:06:20,L,R,td,ndom,dom,ndom,TD0
42,12,156,2017-12-19 22:06:21,R,R,td,dom,dom,dom,TD0
0,0,0,2017-12-19 22:06:21,L,R,td,ndom,dom,ndom,TD0
45,31,117,2017-12-19 22:06:22,R,R,td,dom,dom,dom,TD0
0,0,0,2017-12-19 22:06:22,L,R,td,ndom,dom,ndom,TD0
0,0,0,2017-12-19 22:06:23,L,R,td,ndom,dom,ndom,TD0
57,36,154,2017-12-19 22:06:23,R,R,td,dom,dom,dom,TD0
0,0,0,2017-12-19 22:06:24,L,R,td,ndom,dom,ndom,TD0
62,25,136,2017-12-19 22:06:24,R,R,td,dom,dom,dom,TD0
0,0,0,2017-12-19 22:06:25,L,R,td,ndom,dom,ndom,TD0
81,88,47,2017-12-19 22:06:25,R,R,td,dom,dom,dom,TD0
0,0,0,2017-12-19 22:06:26,L,R,td,ndom,dom,ndom,TD0
79,93,141,2017-12-19 22:06:26,R,R,td,dom,dom,dom,TD0
0,0,0,2017-12-19 22:06:27,L,R,td,ndom,dom,ndom,TD0
70,28,141,2017-12-19 22:06:27,R,R,td,dom,dom,dom,TD0
56,98,117,2017-12-19 22:06:28,R,R,td,dom,dom,dom,TD0
0,0,0,2017-12-19 22:06:28,L,R,td,ndom,dom,ndom,TD0
0,0,0,2017-12-19 22:06:29,L,R,td,ndom,dom,ndom,TD0
78,89,34,2017-12-19 22:06:29,R,R,td,dom,dom,dom,TD0
45,34,100,2017-12-19 22:06:30,R,R,td,dom,dom,dom,TD0
0,0,0,2017-12-19 22:06:30,L,R,td,ndom,dom,ndom,TD0
68,67,115,2017-12-19 22:06:31,R,R,td,dom,dom,dom,TD0
0,0,0,2017-12-19 22:06:31,L,R,td,ndom,dom,ndom,TD0
96,26,114,2017-12-19 22:06:32,R,R,td,dom,dom,dom,TD0
0,0,0,2017-12-19 22:06:32,L,R,td,ndom,dom,ndom,TD0
47,48,143,2017-12-19 22:06:33,R,R,td,dom,dom,dom,TD0
0,0,0,2017-12-19 22:06:33,L,R,td,ndom,dom,ndom,TD0
0,0,0,2017-12-19 22:06:34,L,R,td,ndom,dom,ndom,TD0
64,81,138,2017-12-19 22:06:34,R,R,td,dom,dom,dom,TD0
48,139,64,2017-12-19 22:06:35,R,R,td,dom,dom,dom,TD0
0,0,0,2017-12-19 22:06:35,L,R,td,ndom,dom,ndom,TD0
137,57,88,2017-12-19 22:06:36,R,R,td,dom,dom,dom,TD0
0,0,0,2017-12-19 22:06:36,L,R,td,ndom,dom,ndom,TD0
0,0,0,2017-12-19 22:06:37,L,R,td,ndom,dom,ndom,TD0
151,63,64,2017-12-19 22:06:37,R,R,td,dom,dom,dom,TD0
131,59,62,2017-12-19 22:06:38,R,R,td,dom,dom,dom,TD0
0,0,0,2017-12-19 22:06:38,L,R,td,ndom,dom,ndom,TD0
75,59,128,2017-12-19 22:06:39,R,R,td,dom,dom,dom,TD0
0,0,0,2017-12-19 22:06:39,L,R,td,ndom,dom,ndom,TD0
106,78,120,2017-12-19 22:06:40,R,R,td,dom,dom,dom,TD0
0,0,0,2017-12-19 22:06:40,L,R,td,ndom,dom,ndom,TD0
88,100,105,2017-12-19 22:06:41,R,R,td,dom,dom,dom,TD0
0,0,0,2017-12-19 22:06:41,L,R,td,ndom,dom,ndom,TD0
85,65,104,2017-12-19 22:06:42,R,R,td,dom,dom,dom,TD0
0,0,0,2017-12-19 22:06:42,L,R,td,ndom,dom,ndom,TD0
54,61,75,2017-12-19 22:06:43,R,R,td,dom,dom,dom,TD0
0,0,0,2017-12-19 22:06:43,L,R,td,ndom,dom,ndom,TD0
85,104,87,2017-12-19 22:06:44,R,R,td,dom,dom,dom,TD0
0,0,0,2017-12-19 22:06:44,L,R,td,ndom,dom,ndom,TD0
32,66,102,2017-12-19 22:06:45,R,R,td,dom,dom,dom,TD0
0,0,0,2017-12-19 22:06:45,L,R,td,ndom,dom,ndom,TD0
0,0,0,2017-12-19 22:06:46,L,R,td,ndom,dom,ndom,TD0
28,43,131,2017-12-19 22:06:46,R,R,td,dom,dom,dom,TD0
0,0,0,2017-12-19 22:06:47,L,R,td,ndom,dom,ndom,TD0
56,26,96,2017-12-19 22:06:47,R,R,td,dom,dom,dom,TD0
0,0,0,2017-12-19 22:06:48,L,R,td,ndom,dom,ndom,TD0
32,24,93,2017-12-19 22:06:48,R,R,td,dom,dom,dom,TD0
81,81,117,2017-12-19 22:06:49,R,R,td,dom,dom,dom,TD0
20,41,11,2017-12-19 22:06:49,L,R,td,ndom,dom,ndom,TD0
13,93,6,2017-12-19 22:06:50,R,R,td,dom,dom,dom,TD0
0,20,0,2017-12-19 22:06:50,L,R,td,ndom,dom,ndom,TD0
72,58,94,2017-12-19 22:08:20,L,R,td,ndom,ndom,ndom,TD0
0,0,0,2017-12-19 22:08:20,R,R,td,dom,ndom,dom,TD0
68,42,112,2017-12-19 22:08:21,L,R,td,ndom,ndom,ndom,TD0
0,0,0,2017-12-19 22:08:21,R,R,td,dom,ndom,dom,TD0
0,0,0,2017-12-19 22:08:22,R,R,td,dom,ndom,dom,TD0
118,26,90,2017-12-19 22:08:22,L,R,td,ndom,ndom,ndom,TD0
0,0,0,2017-12-19 22:08:23,R,R,td,dom,ndom,dom,TD0
113,18,100,2017-12-19 22:08:23,L,R,td,ndom,ndom,ndom,TD0
114,56,120,2017-12-19 22:08:24,L,R,td,ndom,ndom,ndom,TD0
0,0,0,2017-12-19 22:08:24,R,R,td,dom,ndom,dom,TD0
0,0,0,2017-12-19 22:08:25,R,R,td,dom,ndom,dom,TD0
183,24,48,2017-12-19 22:08:25,L,R,td,ndom,ndom,ndom,TD0
173,56,51,2017-12-19 22:08:26,L,R,td,ndom,ndom,ndom,TD0
0,0,0,2017-12-19 22:08:26,R,R,td,dom,ndom,dom,TD0
169,42,46,2017-12-19 22:08:27,L,R,td,ndom,ndom,ndom,TD0
0,0,0,2017-12-19 22:08:27,R,R,td,dom,ndom,dom,TD0
173,46,71,2017-12-19 22:08:28,L,R,td,ndom,ndom,ndom,TD0
0,0,0,2017-12-19 22:08:28,R,R,td,dom,ndom,dom,TD0
87,62,88,2017-12-19 22:08:29,L,R,td,ndom,ndom,ndom,TD0
0,0,0,2017-12-19 22:08:29,R,R,td,dom,ndom,dom,TD0
136,69,87,2017-12-19 22:08:30,L,R,td,ndom,ndom,ndom,TD0
0,0,0,2017-12-19 22:08:30,R,R,td,dom,ndom,dom,TD0
79,70,97,2017-12-19 22:08:31,L,R,td,ndom,ndom,ndom,TD0
0,0,0,2017-12-19 22:08:31,R,R,td,dom,ndom,dom,TD0
53,146,117,2017-12-19 22:08:32,L,R,td,ndom,ndom,ndom,TD0
0,0,0,2017-12-19 22:08:32,R,R,td,dom,ndom,dom,TD0
0,0,0,2017-12-19 22:08:33,R,R,td,dom,ndom,dom,TD0
164,39,97,2017-12-19 22:08:33,L,R,td,ndom,ndom,ndom,TD0
82,43,75,2017-12-19 22:08:34,L,R,td,ndom,ndom,ndom,TD0
0,0,0,2017-12-19 22:08:34,R,R,td,dom,ndom,dom,TD0
70,33,76,2017-12-19 22:08:35,L,R,td,ndom,ndom,ndom,TD0
0,0,0,2017-12-19 22:08:35,R,R,td,dom,ndom,dom,TD0
66,59,55,2017-12-19 22:08:36,L,R,td,ndom,ndom,ndom,TD0
0,0,0,2017-12-19 22:08:36,R,R,td,dom,ndom,dom,TD0
68,35,99,2017-12-19 22:08:37,L,R,td,ndom,ndom,ndom,TD0
0,0,0,2017-12-19 22:08:37,R,R,td,dom,ndom,dom,TD0
0,0,0,2017-12-19 22:08:38,R,R,td,dom,ndom,dom,TD0
56,23,85,2017-12-19 22:08:38,L,R,td,ndom,ndom,ndom,TD0
0,0,0,2017-12-19 22:08:39,R,R,td,dom,ndom,dom,TD0
74,61,103,2017-12-19 22:08:39,L,R,td,ndom,ndom,ndom,TD0
63,107,86,2017-12-19 22:08:40,L,R,td,ndom,ndom,ndom,TD0
0,0,0,2017-12-19 22:08:40,R,R,td,dom,ndom,dom,TD0
94,85,90,2017-12-19 22:08:41,L,R,td,ndom,ndom,ndom,TD0
0,0,0,2017-12-19 22:08:41,R,R,td,dom,ndom,dom,TD0
0,0,0,2017-12-19 22:08:42,R,R,td,dom,ndom,dom,TD0
158,22,98,2017-12-19 22:08:42,L,R,td,ndom,ndom,ndom,TD0
0,0,0,2017-12-19 22:08:43,R,R,td,dom,ndom,dom,TD0
78,37,44,2017-12-19 22:08:43,L,R,td,ndom,ndom,ndom,TD0
0,0,0,2017-12-19 22:08:44,R,R,td,dom,ndom,dom,TD0
66,32,112,2017-12-19 22:08:44,L,R,td,ndom,ndom,ndom,TD0
0,0,0,2017-12-19 22:08:45,R,R,td,dom,ndom,dom,TD0
114,32,101,2017-12-19 22:08:45,L,R,td,ndom,ndom,ndom,TD0
103,25,82,2017-12-19 22:08:46,L,R,td,ndom,ndom,ndom,TD0
0,0,0,2017-12-19 22:08:46,R,R,td,dom,ndom,dom,TD0
0,0,0,2017-12-19 22:08:47,R,R,td,dom,ndom,dom,TD0
91,44,99,2017-12-19 22:08:47,L,R,td,ndom,ndom,ndom,TD0
0,0,0,2017-12-19 22:08:48,R,R,td,dom,ndom,dom,TD0
107,53,99,2017-12-19 22:08:48,L,R,td,ndom,ndom,ndom,TD0
0,0,0,2017-12-19 22:08:49,R,R,td,dom,ndom,dom,TD0
55,64,113,2017-12-19 22:08:49,L,R,td,ndom,ndom,ndom,TD0
91,44,136,2017-12-19 22:08:50,L,R,td,ndom,ndom,ndom,TD0
0,0,0,2017-12-19 22:08:50,R,R,td,dom,ndom,dom,TD0
91,67,95,2017-12-19 22:08:51,L,R,td,ndom,ndom,ndom,TD0
0,0,0,2017-12-19 22:08:51,R,R,td,dom,ndom,dom,TD0
67,57,92,2017-12-19 22:08:52,L,R,td,ndom,ndom,ndom,TD0
0,0,0,2017-12-19 22:08:52,R,R,td,dom,ndom,dom,TD0
89,71,109,2017-12-19 22:08:53,L,R,td,ndom,ndom,ndom,TD0
0,0,0,2017-12-19 22:08:53,R,R,td,dom,ndom,dom,TD0
102,54,74,2017-12-19 22:08:54,L,R,td,ndom,ndom,ndom,TD0
0,0,0,2017-12-19 22:08:54,R,R,td,dom,ndom,dom,TD0
73,31,73,2017-12-19 22:08:55,L,R,td,ndom,ndom,ndom,TD0
0,0,0,2017-12-19 22:08:55,R,R,td,dom,ndom,dom,TD0
55,51,95,2017-12-19 22:08:56,L,R,td,ndom,ndom,ndom,TD0
0,0,0,2017-12-19 22:08:56,R,R,td,dom,ndom,dom,TD0
0,0,0,2017-12-19 22:08:57,R,R,td,dom,ndom,dom,TD0
58,65,64,2017-12-19 22:08:57,L,R,td,ndom,ndom,ndom,TD0
0,0,0,2017-12-19 22:08:58,R,R,td,dom,ndom,dom,TD0
64,130,64,2017-12-19 22:08:58,L,R,td,ndom,ndom,ndom,TD0
55,100,55,2017-12-19 22:08:59,L,R,td,ndom,ndom,ndom,TD0
0,0,0,2017-12-19 22:08:59,R,R,td,dom,ndom,dom,TD0
160,104,51,2017-12-19 22:09:00,L,R,td,ndom,ndom,ndom,TD0
0,0,0,2017-12-19 22:09:00,R,R,td,dom,ndom,dom,TD0
120,52,60,2017-12-19 22:09:01,L,R,td,ndom,ndom,ndom,TD0
0,0,0,2017-12-19 22:09:01,R,R,td,dom,ndom,dom,TD0
0,0,0,2017-12-19 22:09:02,R,R,td,dom,ndom,dom,TD0
191,53,52,2017-12-19 22:09:02,L,R,td,ndom,ndom,ndom,TD0
124,88,44,2017-12-19 22:09:03,L,R,td,ndom,ndom,ndom,TD0
0,0,0,2017-12-19 22:09:03,R,R,td,dom,ndom,dom,TD0
0,0,0,2017-12-19 22:09:04,R,R,td,dom,ndom,dom,TD0
105,43,78,2017-12-19 22:09:04,L,R,td,ndom,ndom,ndom,TD0
0,0,0,2017-12-19 22:09:05,R,R,td,dom,ndom,dom,TD0
56,35,115,2017-12-19 22:09:05,L,R,td,ndom,ndom,ndom,TD0
32,67,67,2017-12-19 22:09:06,L,R,td,ndom,ndom,ndom,TD0
0,0,0,2017-12-19 22:09:06,R,R,td,dom,ndom,dom,TD0
0,0,0,2017-12-19 22:09:07,R,R,td,dom,ndom,dom,TD0
30,60,56,2017-12-19 22:09:07,L,R,td,ndom,ndom,ndom,TD0
0,0,0,2017-12-19 22:09:08,R,R,td,dom,ndom,dom,TD0
85,28,125,2017-12-19 22:09:08,L,R,td,ndom,ndom,ndom,TD0
0,0,0,2017-12-19 22:09:09,R,R,td,dom,ndom,dom,TD0
111,32,129,2017-12-19 22:09:09,L,R,td,ndom,ndom,ndom,TD0
48,85,96,2017-12-19 22:09:10,L,R,td,ndom,ndom,ndom,TD0
0,0,0,2017-12-19 22:09:10,R,R,td,dom,ndom,dom,TD0
93,74,31,2017-12-19 22:09:11,L,R,td,ndom,ndom,ndom,TD0
0,0,0,2017-12-19 22:09:11,R,R,td,dom,ndom,dom,TD0
83,46,115,2017-12-19 22:09:12,L,R,td,ndom,ndom,ndom,TD0
0,0,0,2017-12-19 22:09:12,R,R,td,dom,ndom,dom,TD0
43,47,116,2017-12-19 22:09:13,L,R,td,ndom,ndom,ndom,TD0
0,0,0,2017-12-19 22:09:13,R,R,td,dom,ndom,dom,TD0
94,66,130,2017-12-19 22:09:14,L,R,td,ndom,ndom,ndom,TD0
0,0,0,2017-12-19 22:09:14,R,R,td,dom,ndom,dom,TD0
0,0,0,2017-12-19 22:09:15,R,R,td,dom,ndom,dom,TD0
48,90,105,2017-12-19 22:09:15,L,R,td,ndom,ndom,ndom,TD0
0,0,0,2017-12-19 22:09:16,R,R,td,dom,ndom,dom,TD0
59,66,117,2017-12-19 22:09:16,L,R,td,ndom,ndom,ndom,TD0
0,0,0,2017-12-19 22:09:17,R,R,td,dom,ndom,dom,TD0
45,46,124,2017-12-19 22:09:17,L,R,td,ndom,ndom,ndom,TD0
0,0,0,2017-12-19 22:09:18,R,R,td,dom,ndom,dom,TD0
76,73,114,2017-12-19 22:09:18,L,R,td,ndom,ndom,ndom,TD0
84,38,39,2017-12-19 22:09:19,L,R,td,ndom,ndom,ndom,TD0
0,0,0,2017-12-19 22:09:19,R,R,td,dom,ndom,dom,TD0
6,1,1,2017-12-19 22:09:20,R,R,td,dom,ndom,dom,TD0
107,112,78,2017-12-19 22:09:20,L,R,td,ndom,ndom,ndom,TD0
0,0,5,2017-04-18 16:09:45,L,R,td,ndom,dom,ndom,TD1
296,87,184,2017-04-18 16:09:45,R,R,td,dom,dom,dom,TD1
0,0,0,2017-04-18 16:09:46,L,R,td,ndom,dom,ndom,TD1
351,82,217,2017-04-18 16:09:46,R,R,td,dom,dom,dom,TD1
0,0,0,2017-04-18 16:09:47,L,R,td,ndom,dom,ndom,TD1
264,75,199,2017-04-18 16:09:47,R,R,td,dom,dom,dom,TD1
0,0,0,2017-04-18 16:09:48,L,R,td,ndom,dom,ndom,TD1
140,40,123,2017-04-18 16:09:48,R,R,td,dom,dom,dom,TD1
0,0,0,2017-04-18 16:09:49,L,R,td,ndom,dom,ndom,TD1
153,175,104,2017-04-18 16:09:49,R,R,td,dom,dom,dom,TD1
0,0,0,2017-04-18 16:09:50,L,R,td,ndom,dom,ndom,TD1
80,121,92,2017-04-18 16:09:50,R,R,td,dom,dom,dom,TD1
138,145,152,2017-04-18 16:09:51,R,R,td,dom,dom,dom,TD1
0,0,0,2017-04-18 16:09:51,L,R,td,ndom,dom,ndom,TD1
177,125,139,2017-04-18 16:09:52,R,R,td,dom,dom,dom,TD1
0,0,0,2017-04-18 16:09:52,L,R,td,ndom,dom,ndom,TD1
0,0,0,2017-04-18 16:09:53,L,R,td,ndom,dom,ndom,TD1
206,112,97,2017-04-18 16:09:53,R,R,td,dom,dom,dom,TD1
195,81,115,2017-04-18 16:09:54,R,R,td,dom,dom,dom,TD1
0,0,0,2017-04-18 16:09:54,L,R,td,ndom,dom,ndom,TD1
0,0,0,2017-04-18 16:09:55,L,R,td,ndom,dom,ndom,TD1
92,86,127,2017-04-18 16:09:55,R,R,td,dom,dom,dom,TD1
123,108,116,2017-04-18 16:09:56,R,R,td,dom,dom,dom,TD1
0,0,0,2017-04-18 16:09:56,L,R,td,ndom,dom,ndom,TD1
0,0,0,2017-04-18 16:09:57,L,R,td,ndom,dom,ndom,TD1
114,69,105,2017-04-18 16:09:57,R,R,td,dom,dom,dom,TD1
0,0,0,2017-04-18 16:09:58,L,R,td,ndom,dom,ndom,TD1
117,91,115,2017-04-18 16:09:58,R,R,td,dom,dom,dom,TD1
0,0,0,2017-04-18 16:09:59,L,R,td,ndom,dom,ndom,TD1
74,96,131,2017-04-18 16:09:59,R,R,td,dom,dom,dom,TD1
0,0,0,2017-04-18 16:10:00,L,R,td,ndom,dom,ndom,TD1
84,103,103,2017-04-18 16:10:00,R,R,td,dom,dom,dom,TD1
0,0,0,2017-04-18 16:10:01,L,R,td,ndom,dom,ndom,TD1
32,130,120,2017-04-18 16:10:01,R,R,td,dom,dom,dom,TD1
0,0,0,2017-04-18 16:10:02,L,R,td,ndom,dom,ndom,TD1
34,76,107,2017-04-18 16:10:02,R,R,td,dom,dom,dom,TD1
0,0,0,2017-04-18 16:10:03,L,R,td,ndom,dom,ndom,TD1
42,53,67,2017-04-18 16:10:03,R,R,td,dom,dom,dom,TD1
0,0,0,2017-04-18 16:10:04,L,R,td,ndom,dom,ndom,TD1
44,55,61,2017-04-18 16:10:04,R,R,td,dom,dom,dom,TD1
0,0,0,2017-04-18 16:10:05,L,R,td,ndom,dom,ndom,TD1
47,63,64,2017-04-18 16:10:05,R,R,td,dom,dom,dom,TD1
0,0,0,2017-04-18 16:10:06,L,R,td,ndom,dom,ndom,TD1
72,77,76,2017-04-18 16:10:06,R,R,td,dom,dom,dom,TD1
29,36,59,2017-04-18 16:10:07,R,R,td,dom,dom,dom,TD1
0,0,0,2017-04-18 16:10:07,L,R,td,ndom,dom,ndom,TD1
0,0,0,2017-04-18 16:10:08,L,R,td,ndom,dom,ndom,TD1
76,67,96,2017-04-18 16:10:08,R,R,td,dom,dom,dom,TD1
76,99,56,2017-04-18 16:10:09,R,R,td,dom,dom,dom,TD1
0,0,0,2017-04-18 16:10:09,L,R,td,ndom,dom,ndom,TD1
0,0,0,2017-04-18 16:10:10,L,R,td,ndom,dom,ndom,TD1
107,75,89,2017-04-18 16:10:10,R,R,td,dom,dom,dom,TD1
66,106,68,2017-04-18 16:10:11,R,R,td,dom,dom,dom,TD1
0,0,0,2017-04-18 16:10:11,L,R,td,ndom,dom,ndom,TD1
0,0,0,2017-04-18 16:10:12,L,R,td,ndom,dom,ndom,TD1
39,56,117,2017-04-18 16:10:12,R,R,td,dom,dom,dom,TD1
0,0,0,2017-04-18 16:10:13,L,R,td,ndom,dom,ndom,TD1
39,39,104,2017-04-18 16:10:13,R,R,td,dom,dom,dom,TD1
0,0,0,2017-04-18 16:10:14,L,R,td,ndom,dom,ndom,TD1
47,87,89,2017-04-18 16:10:14,R,R,td,dom,dom,dom,TD1
18,83,96,2017-04-18 16:10:15,R,R,td,dom,dom,dom,TD1
0,0,0,2017-04-18 16:10:15,L,R,td,ndom,dom,ndom,TD1
43,51,114,2017-04-18 16:10:16,R,R,td,dom,dom,dom,TD1
0,0,0,2017-04-18 16:10:16,L,R,td,ndom,dom,ndom,TD1
39,62,92,2017-04-18 16:10:17,R,R,td,dom,dom,dom,TD1
0,0,0,2017-04-18 16:10:17,L,R,td,ndom,dom,ndom,TD1
73,78,63,2017-04-18 16:10:18,R,R,td,dom,dom,dom,TD1
0,0,0,2017-04-18 16:10:18,L,R,td,ndom,dom,ndom,TD1
97,83,70,2017-04-18 16:10:19,R,R,td,dom,dom,dom,TD1
0,0,0,2017-04-18 16:10:19,L,R,td,ndom,dom,ndom,TD1
89,45,26,2017-04-18 16:10:20,R,R,td,dom,dom,dom,TD1
0,0,0,2017-04-18 16:10:20,L,R,td,ndom,dom,ndom,TD1
112,62,49,2017-04-18 16:10:21,R,R,td,dom,dom,dom,TD1
0,0,0,2017-04-18 16:10:21,L,R,td,ndom,dom,ndom,TD1
0,0,0,2017-04-18 16:10:22,L,R,td,ndom,dom,ndom,TD1
37,62,62,2017-04-18 16:10:22,R,R,td,dom,dom,dom,TD1
41,41,78,2017-04-18 16:10:23,R,R,td,dom,dom,dom,TD1
0,0,0,2017-04-18 16:10:23,L,R,td,ndom,dom,ndom,TD1
45,41,76,2017-04-18 16:10:24,R,R,td,dom,dom,dom,TD1
0,0,0,2017-04-18 16:10:24,L,R,td,ndom,dom,ndom,TD1
44,74,66,2017-04-18 16:10:25,R,R,td,dom,dom,dom,TD1
0,0,0,2017-04-18 16:10:25,L,R,td,ndom,dom,ndom,TD1
67,68,50,2017-04-18 16:10:26,R,R,td,dom,dom,dom,TD1
0,0,0,2017-04-18 16:10:26,L,R,td,ndom,dom,ndom,TD1
44,69,75,2017-04-18 16:10:27,R,R,td,dom,dom,dom,TD1
0,0,0,2017-04-18 16:10:27,L,R,td,ndom,dom,ndom,TD1
83,20,81,2017-04-18 16:10:28,R,R,td,dom,dom,dom,TD1
0,0,0,2017-04-18 16:10:28,L,R,td,ndom,dom,ndom,TD1
86,61,68,2017-04-18 16:10:29,R,R,td,dom,dom,dom,TD1
0,0,0,2017-04-18 16:10:29,L,R,td,ndom,dom,ndom,TD1
113,87,78,2017-04-18 16:10:30,R,R,td,dom,dom,dom,TD1
0,0,0,2017-04-18 16:10:30,L,R,td,ndom,dom,ndom,TD1
0,0,0,2017-04-18 16:10:31,L,R,td,ndom,dom,ndom,TD1
126,71,63,2017-04-18 16:10:31,R,R,td,dom,dom,dom,TD1
54,50,80,2017-04-18 16:10:32,R,R,td,dom,dom,dom,TD1
0,0,0,2017-04-18 16:10:32,L,R,td,ndom,dom,ndom,TD1
63,110,79,2017-04-18 16:10:33,R,R,td,dom,dom,dom,TD1
0,0,0,2017-04-18 16:10:33,L,R,td,ndom,dom,ndom,TD1
0,0,0,2017-04-18 16:10:34,L,R,td,ndom,dom,ndom,TD1
105,84,61,2017-04-18 16:10:34,R,R,td,dom,dom,dom,TD1
0,0,0,2017-04-18 16:10:35,L,R,td,ndom,dom,ndom,TD1
80,60,81,2017-04-18 16:10:35,R,R,td,dom,dom,dom,TD1
0,0,0,2017-04-18 16:10:36,L,R,td,ndom,dom,ndom,TD1
84,57,103,2017-04-18 16:10:36,R,R,td,dom,dom,dom,TD1
0,0,0,2017-04-18 16:10:37,L,R,td,ndom,dom,ndom,TD1
101,70,99,2017-04-18 16:10:37,R,R,td,dom,dom,dom,TD1
0,0,0,2017-04-18 16:10:38,L,R,td,ndom,dom,ndom,TD1
133,54,107,2017-04-18 16:10:38,R,R,td,dom,dom,dom,TD1
0,0,0,2017-04-18 16:10:39,L,R,td,ndom,dom,ndom,TD1
95,51,116,2017-04-18 16:10:39,R,R,td,dom,dom,dom,TD1
0,0,0,2017-04-18 16:10:40,L,R,td,ndom,dom,ndom,TD1
175,102,100,2017-04-18 16:10:40,R,R,td,dom,dom,dom,TD1
135,94,76,2017-04-18 16:10:41,R,R,td,dom,dom,dom,TD1
0,0,0,2017-04-18 16:10:41,L,R,td,ndom,dom,ndom,TD1
143,41,112,2017-04-18 16:10:42,R,R,td,dom,dom,dom,TD1
0,0,0,2017-04-18 16:10:42,L,R,td,ndom,dom,ndom,TD1
0,0,0,2017-04-18 16:10:43,L,R,td,ndom,dom,ndom,TD1
168,44,71,2017-04-18 16:10:43,R,R,td,dom,dom,dom,TD1
47,32,10,2017-04-18 16:10:44,L,R,td,ndom,dom,ndom,TD1
200,85,84,2017-04-18 16:10:44,R,R,td,dom,dom,dom,TD1
107,78,47,2017-04-18 16:10:45,L,R,td,ndom,dom,ndom,TD1
61,18,43,2017-04-18 16:10:45,R,R,td,dom,dom,dom,TD1
0,0,0,2017-04-18 16:12:00,R,R,td,dom,ndom,dom,TD1
178,150,75,2017-04-18 16:12:00,L,R,td,ndom,ndom,ndom,TD1
0,0,0,2017-04-18 16:12:01,R,R,td,dom,ndom,dom,TD1
122,112,46,2017-04-18 16:12:01,L,R,td,ndom,ndom,ndom,TD1
0,0,0,2017-04-18 16:12:02,R,R,td,dom,ndom,dom,TD1
167,110,44,2017-04-18 16:12:02,L,R,td,ndom,ndom,ndom,TD1
0,0,0,2017-04-18 16:12:03,R,R,td,dom,ndom,dom,TD1
158,90,76,2017-04-18 16:12:03,L,R,td,ndom,ndom,ndom,TD1
0,0,0,2017-04-18 16:12:04,R,R,td,dom,ndom,dom,TD1
70,136,55,2017-04-18 16:12:04,L,R,td,ndom,ndom,ndom,TD1
130,111,46,2017-04-18 16:12:05,L,R,td,ndom,ndom,ndom,TD1
0,0,0,2017-04-18 16:12:05,R,R,td,dom,ndom,dom,TD1
86,115,66,2017-04-18 16:12:06,L,R,td,ndom,ndom,ndom,TD1
0,0,0,2017-04-18 16:12:06,R,R,td,dom,ndom,dom,TD1
40,47,60,2017-04-18 16:12:07,L,R,td,ndom,ndom,ndom,TD1
0,0,0,2017-04-18 16:12:07,R,R,td,dom,ndom,dom,TD1
76,84,55,2017-04-18 16:12:08,L,R,td,ndom,ndom,ndom,TD1
0,0,0,2017-04-18 16:12:08,R,R,td,dom,ndom,dom,TD1
38,85,45,2017-04-18 16:12:09,L,R,td,ndom,ndom,ndom,TD1
0,0,0,2017-04-18 16:12:09,R,R,td,dom,ndom,dom,TD1
88,54,65,2017-04-18 16:12:10,L,R,td,ndom,ndom,ndom,TD1
0,0,0,2017-04-18 16:12:10,R,R,td,dom,ndom,dom,TD1
199,105,37,2017-04-18 16:12:11,L,R,td,ndom,ndom,ndom,TD1
0,0,0,2017-04-18 16:12:11,R,R,td,dom,ndom,dom,TD1
0,0,0,2017-04-18 16:12:12,R,R,td,dom,ndom,dom,TD1
129,51,51,2017-04-18 16:12:12,L,R,td,ndom,ndom,ndom,TD1
0,0,0,2017-04-18 16:12:13,R,R,td,dom,ndom,dom,TD1
48,111,40,2017-04-18 16:12:13,L,R,td,ndom,ndom,ndom,TD1
0,0,0,2017-04-18 16:12:14,R,R,td,dom,ndom,dom,TD1
77,57,36,2017-04-18 16:12:14,L,R,td,ndom,ndom,ndom,TD1
64,64,84,2017-04-18 16:12:15,L,R,td,ndom,ndom,ndom,TD1
0,0,0,2017-04-18 16:12:15,R,R,td,dom,ndom,dom,TD1
0,0,0,2017-04-18 16:12:16,R,R,td,dom,ndom,dom,TD1
103,66,63,2017-04-18 16:12:16,L,R,td,ndom,ndom,ndom,TD1
87,76,52,2017-04-18 16:12:17,L,R,td,ndom,ndom,ndom,TD1
0,0,0,2017-04-18 16:12:17,R,R,td,dom,ndom,dom,TD1
102,81,25,2017-04-18 16:12:18,L,R,td,ndom,ndom,ndom,TD1
0,0,0,2017-04-18 16:12:18,R,R,td,dom,ndom,dom,TD1
0,0,0,2017-04-18 16:12:19,R,R,td,dom,ndom,dom,TD1
119,89,43,2017-04-18 16:12:19,L,R,td,ndom,ndom,ndom,TD1
69,47,27,2017-04-18 16:12:20,L,R,td,ndom,ndom,ndom,TD1
0,0,0,2017-04-18 16:12:20,R,R,td,dom,ndom,dom,TD1
0,0,0,2017-04-18 16:12:21,R,R,td,dom,ndom,dom,TD1
117,72,33,2017-04-18 16:12:21,L,R,td,ndom,ndom,ndom,TD1
0,0,0,2017-04-18 16:12:22,R,R,td,dom,ndom,dom,TD1
114,30,66,2017-04-18 16:12:22,L,R,td,ndom,ndom,ndom,TD1
151,72,58,2017-04-18 16:12:23,L,R,td,ndom,ndom,ndom,TD1
0,0,0,2017-04-18 16:12:23,R,R,td,dom,ndom,dom,TD1
69,65,63,2017-04-18 16:12:24,L,R,td,ndom,ndom,ndom,TD1
0,0,0,2017-04-18 16:12:24,R,R,td,dom,ndom,dom,TD1
72,96,54,2017-04-18 16:12:25,L,R,td,ndom,ndom,ndom,TD1
0,0,0,2017-04-18 16:12:25,R,R,td,dom,ndom,dom,TD1
83,64,106,2017-04-18 16:12:26,L,R,td,ndom,ndom,ndom,TD1
0,0,0,2017-04-18 16:12:26,R,R,td,dom,ndom,dom,TD1
0,0,0,2017-04-18 16:12:27,R,R,td,dom,ndom,dom,TD1
61,78,58,2017-04-18 16:12:27,L,R,td,ndom,ndom,ndom,TD1
0,0,0,2017-04-18 16:12:28,R,R,td,dom,ndom,dom,TD1
48,107,18,2017-04-18 16:12:28,L,R,td,ndom,ndom,ndom,TD1
96,102,49,2017-04-18 16:12:29,L,R,td,ndom,ndom,ndom,TD1
0,0,0,2017-04-18 16:12:29,R,R,td,dom,ndom,dom,TD1
79,85,38,2017-04-18 16:12:30,L,R,td,ndom,ndom,ndom,TD1
0,0,0,2017-04-18 16:12:30,R,R,td,dom,ndom,dom,TD1
50,158,28,2017-04-18 16:12:31,L,R,td,ndom,ndom,ndom,TD1
0,0,0,2017-04-18 16:12:31,R,R,td,dom,ndom,dom,TD1
60,116,46,2017-04-18 16:12:32,L,R,td,ndom,ndom,ndom,TD1
0,0,0,2017-04-18 16:12:32,R,R,td,dom,ndom,dom,TD1
45,161,32,2017-04-18 16:12:33,L,R,td,ndom,ndom,ndom,TD1
0,0,0,2017-04-18 16:12:33,R,R,td,dom,ndom,dom,TD1
0,0,0,2017-04-18 16:12:34,R,R,td,dom,ndom,dom,TD1
106,129,61,2017-04-18 16:12:34,L,R,td,ndom,ndom,ndom,TD1
47,93,34,2017-04-18 16:12:35,L,R,td,ndom,ndom,ndom,TD1
0,0,0,2017-04-18 16:12:35,R,R,td,dom,ndom,dom,TD1
75,85,36,2017-04-18 16:12:36,L,R,td,ndom,ndom,ndom,TD1
0,0,0,2017-04-18 16:12:36,R,R,td,dom,ndom,dom,TD1
104,145,37,2017-04-18 16:12:37,L,R,td,ndom,ndom,ndom,TD1
0,0,0,2017-04-18 16:12:37,R,R,td,dom,ndom,dom,TD1
78,154,29,2017-04-18 16:12:38,L,R,td,ndom,ndom,ndom,TD1
0,0,0,2017-04-18 16:12:38,R,R,td,dom,ndom,dom,TD1
103,63,31,2017-04-18 16:12:39,L,R,td,ndom,ndom,ndom,TD1
0,0,0,2017-04-18 16:12:39,R,R,td,dom,ndom,dom,TD1
0,0,0,2017-04-18 16:12:40,R,R,td,dom,ndom,dom,TD1
77,98,0,2017-04-18 16:12:40,L,R,td,ndom,ndom,ndom,TD1
0,0,0,2017-04-18 16:12:41,R,R,td,dom,ndom,dom,TD1
116,115,32,2017-04-18 16:12:41,L,R,td,ndom,ndom,ndom,TD1
0,0,0,2017-04-18 16:12:42,R,R,td,dom,ndom,dom,TD1
56,100,33,2017-04-18 16:12:42,L,R,td,ndom,ndom,ndom,TD1
0,0,0,2017-04-18 16:12:43,R,R,td,dom,ndom,dom,TD1
76,86,41,2017-04-18 16:12:43,L,R,td,ndom,ndom,ndom,TD1
0,0,0,2017-04-18 16:12:44,R,R,td,dom,ndom,dom,TD1
84,95,22,2017-04-18 16:12:44,L,R,td,ndom,ndom,ndom,TD1
76,68,123,2017-04-18 16:12:45,L,R,td,ndom,ndom,ndom,TD1
0,0,0,2017-04-18 16:12:45,R,R,td,dom,ndom,dom,TD1
91,137,187,2017-04-18 16:12:46,L,R,td,ndom,ndom,ndom,TD1
0,0,0,2017-04-18 16:12:46,R,R,td,dom,ndom,dom,TD1
85,87,52,2017-04-18 16:12:47,L,R,td,ndom,ndom,ndom,TD1
0,0,0,2017-04-18 16:12:47,R,R,td,dom,ndom,dom,TD1
0,0,0,2017-04-18 16:12:48,R,R,td,dom,ndom,dom,TD1
86,101,77,2017-04-18 16:12:48,L,R,td,ndom,ndom,ndom,TD1
97,75,66,2017-04-18 16:12:49,L,R,td,ndom,ndom,ndom,TD1
0,0,0,2017-04-18 16:12:49,R,R,td,dom,ndom,dom,TD1
0,0,0,2017-04-18 16:12:50,R,R,td,dom,ndom,dom,TD1
59,110,61,2017-04-18 16:12:50,L,R,td,ndom,ndom,ndom,TD1
69,64,24,2017-04-18 16:12:51,L,R,td,ndom,ndom,ndom,TD1
0,0,0,2017-04-18 16:12:51,R,R,td,dom,ndom,dom,TD1
108,60,49,2017-04-18 16:12:52,L,R,td,ndom,ndom,ndom,TD1
0,0,0,2017-04-18 16:12:52,R,R,td,dom,ndom,dom,TD1
102,91,54,2017-04-18 16:12:53,L,R,td,ndom,ndom,ndom,TD1
0,0,0,2017-04-18 16:12:53,R,R,td,dom,ndom,dom,TD1
45,62,86,2017-04-18 16:12:54,L,R,td,ndom,ndom,ndom,TD1
0,0,0,2017-04-18 16:12:54,R,R,td,dom,ndom,dom,TD1
62,87,104,2017-04-18 16:12:55,L,R,td,ndom,ndom,ndom,TD1
0,0,0,2017-04-18 16:12:55,R,R,td,dom,ndom,dom,TD1
91,109,34,2017-04-18 16:12:56,L,R,td,ndom,ndom,ndom,TD1
0,0,0,2017-04-18 16:12:56,R,R,td,dom,ndom,dom,TD1
50,64,82,2017-04-18 16:12:57,L,R,td,ndom,ndom,ndom,TD1
0,0,0,2017-04-18 16:12:57,R,R,td,dom,ndom,dom,TD1
36,105,68,2017-04-18 16:12:58,L,R,td,ndom,ndom,ndom,TD1
0,0,0,2017-04-18 16:12:58,R,R,td,dom,ndom,dom,TD1
166,141,160,2017-04-18 16:12:59,L,R,td,ndom,ndom,ndom,TD1
0,0,0,2017-04-18 16:12:59,R,R,td,dom,ndom,dom,TD1
134,93,127,2017-04-18 16:13:00,R,R,td,dom,ndom,dom,TD1
132,154,92,2017-04-18 16:13:00,L,R,td,ndom,ndom,ndom,TD1
0,14,0,2017-07-27 14:09:10,R,R,td,dom,ndom,dom,TD2
234,219,155,2017-07-27 14:09:10,L,R,td,ndom,ndom,ndom,TD2
0,0,0,2017-07-27 14:09:11,R,R,td,dom,ndom,dom,TD2
246,107,118,2017-07-27 14:09:11,L,R,td,ndom,ndom,ndom,TD2
0,20,0,2017-07-27 14:09:12,R,R,td,dom,ndom,dom,TD2
125,74,156,2017-07-27 14:09:12,L,R,td,ndom,ndom,ndom,TD2
0,0,0,2017-07-27 14:09:13,R,R,td,dom,ndom,dom,TD2
183,156,122,2017-07-27 14:09:13,L,R,td,ndom,ndom,ndom,TD2
0,3,0,2017-07-27 14:09:14,R,R,td,dom,ndom,dom,TD2
275,212,154,2017-07-27 14:09:14,L,R,td,ndom,ndom,ndom,TD2
0,0,0,2017-07-27 14:09:15,R,R,td,dom,ndom,dom,TD2
99,126,91,2017-07-27 14:09:15,L,R,td,ndom,ndom,ndom,TD2
0,3,0,2017-07-27 14:09:16,R,R,td,dom,ndom,dom,TD2
183,215,123,2017-07-27 14:09:16,L,R,td,ndom,ndom,ndom,TD2
0,13,0,2017-07-27 14:09:17,R,R,td,dom,ndom,dom,TD2
54,118,77,2017-07-27 14:09:17,L,R,td,ndom,ndom,ndom,TD2
0,0,0,2017-07-27 14:09:18,R,R,td,dom,ndom,dom,TD2
88,54,50,2017-07-27 14:09:18,L,R,td,ndom,ndom,ndom,TD2
0,0,0,2017-07-27 14:09:19,R,R,td,dom,ndom,dom,TD2
96,132,13,2017-07-27 14:09:19,L,R,td,ndom,ndom,ndom,TD2
0,0,0,2017-07-27 14:09:20,R,R,td,dom,ndom,dom,TD2
132,138,56,2017-07-27 14:09:20,L,R,td,ndom,ndom,ndom,TD2
0,0,0,2017-07-27 14:09:21,R,R,td,dom,ndom,dom,TD2
89,137,37,2017-07-27 14:09:21,L,R,td,ndom,ndom,ndom,TD2
0,0,0,2017-07-27 14:09:22,R,R,td,dom,ndom,dom,TD2
83,85,7,2017-07-27 14:09:22,L,R,td,ndom,ndom,ndom,TD2
54,36,12,2017-07-27 14:09:23,L,R,td,ndom,ndom,ndom,TD2
0,0,0,2017-07-27 14:09:23,R,R,td,dom,ndom,dom,TD2
0,0,0,2017-07-27 14:09:24,R,R,td,dom,ndom,dom,TD2
129,100,50,2017-07-27 14:09:24,L,R,td,ndom,ndom,ndom,TD2
0,2,0,2017-07-27 14:09:25,R,R,td,dom,ndom,dom,TD2
102,139,78,2017-07-27 14:09:25,L,R,td,ndom,ndom,ndom,TD2
0,4,0,2017-07-27 14:09:26,R,R,td,dom,ndom,dom,TD2
57,129,35,2017-07-27 14:09:26,L,R,td,ndom,ndom,ndom,TD2
0,0,0,2017-07-27 14:09:27,R,R,td,dom,ndom,dom,TD2
104,194,37,2017-07-27 14:09:27,L,R,td,ndom,ndom,ndom,TD2
66,87,31,2017-07-27 14:09:28,L,R,td,ndom,ndom,ndom,TD2
0,0,0,2017-07-27 14:09:28,R,R,td,dom,ndom,dom,TD2
0,0,0,2017-07-27 14:09:29,R,R,td,dom,ndom,dom,TD2
49,86,44,2017-07-27 14:09:29,L,R,td,ndom,ndom,ndom,TD2
0,0,0,2017-07-27 14:09:30,R,R,td,dom,ndom,dom,TD2
87,147,40,2017-07-27 14:09:30,L,R,td,ndom,ndom,ndom,TD2
0,0,0,2017-07-27 14:09:31,R,R,td,dom,ndom,dom,TD2
108,75,41,2017-07-27 14:09:31,L,R,td,ndom,ndom,ndom,TD2
0,0,0,2017-07-27 14:09:32,R,R,td,dom,ndom,dom,TD2
106,98,25,2017-07-27 14:09:32,L,R,td,ndom,ndom,ndom,TD2
0,0,0,2017-07-27 14:09:33,R,R,td,dom,ndom,dom,TD2
90,156,47,2017-07-27 14:09:33,L,R,td,ndom,ndom,ndom,TD2
0,0,0,2017-07-27 14:09:34,R,R,td,dom,ndom,dom,TD2
78,81,50,2017-07-27 14:09:34,L,R,td,ndom,ndom,ndom,TD2
0,0,0,2017-07-27 14:09:35,R,R,td,dom,ndom,dom,TD2
68,112,64,2017-07-27 14:09:35,L,R,td,ndom,ndom,ndom,TD2
0,0,0,2017-07-27 14:09:36,R,R,td,dom,ndom,dom,TD2
120,102,41,2017-07-27 14:09:36,L,R,td,ndom,ndom,ndom,TD2
0,0,0,2017-07-27 14:09:37,R,R,td,dom,ndom,dom,TD2
57,61,9,2017-07-27 14:09:37,L,R,td,ndom,ndom,ndom,TD2
0,0,0,2017-07-27 14:09:38,R,R,td,dom,ndom,dom,TD2
129,128,85,2017-07-27 14:09:38,L,R,td,ndom,ndom,ndom,TD2
0,0,0,2017-07-27 14:09:39,R,R,td,dom,ndom,dom,TD2
57,129,26,2017-07-27 14:09:39,L,R,td,ndom,ndom,ndom,TD2
0,0,0,2017-07-27 14:09:40,R,R,td,dom,ndom,dom,TD2
121,90,57,2017-07-27 14:09:40,L,R,td,ndom,ndom,ndom,TD2
46,70,22,2017-07-27 14:09:41,L,R,td,ndom,ndom,ndom,TD2
0,0,0,2017-07-27 14:09:41,R,R,td,dom,ndom,dom,TD2
161,149,82,2017-07-27 14:09:42,L,R,td,ndom,ndom,ndom,TD2
0,0,0,2017-07-27 14:09:42,R,R,td,dom,ndom,dom,TD2
81,129,57,2017-07-27 14:09:43,L,R,td,ndom,ndom,ndom,TD2
0,6,0,2017-07-27 14:09:43,R,R,td,dom,ndom,dom,TD2
51,74,30,2017-07-27 14:09:44,L,R,td,ndom,ndom,ndom,TD2
0,0,0,2017-07-27 14:09:44,R,R,td,dom,ndom,dom,TD2
121,170,78,2017-07-27 14:09:45,L,R,td,ndom,ndom,ndom,TD2
0,0,0,2017-07-27 14:09:45,R,R,td,dom,ndom,dom,TD2
72,64,26,2017-07-27 14:09:46,L,R,td,ndom,ndom,ndom,TD2
0,0,0,2017-07-27 14:09:46,R,R,td,dom,ndom,dom,TD2
158,85,47,2017-07-27 14:09:47,L,R,td,ndom,ndom,ndom,TD2
0,0,0,2017-07-27 14:09:47,R,R,td,dom,ndom,dom,TD2
30,47,18,2017-07-27 14:09:48,L,R,td,ndom,ndom,ndom,TD2
0,0,0,2017-07-27 14:09:48,R,R,td,dom,ndom,dom,TD2
20,94,31,2017-07-27 14:09:49,L,R,td,ndom,ndom,ndom,TD2
0,0,0,2017-07-27 14:09:49,R,R,td,dom,ndom,dom,TD2
74,63,49,2017-07-27 14:09:50,L,R,td,ndom,ndom,ndom,TD2
0,0,0,2017-07-27 14:09:50,R,R,td,dom,ndom,dom,TD2
0,0,0,2017-07-27 14:09:51,R,R,td,dom,ndom,dom,TD2
119,119,30,2017-07-27 14:09:51,L,R,td,ndom,ndom,ndom,TD2
0,0,0,2017-07-27 14:09:52,R,R,td,dom,ndom,dom,TD2
133,156,49,2017-07-27 14:09:52,L,R,td,ndom,ndom,ndom,TD2
63,141,38,2017-07-27 14:09:53,L,R,td,ndom,ndom,ndom,TD2
0,0,0,2017-07-27 14:09:53,R,R,td,dom,ndom,dom,TD2
164,144,58,2017-07-27 14:09:54,L,R,td,ndom,ndom,ndom,TD2
0,0,0,2017-07-27 14:09:54,R,R,td,dom,ndom,dom,TD2
0,0,0,2017-07-27 14:09:55,R,R,td,dom,ndom,dom,TD2
85,173,55,2017-07-27 14:09:55,L,R,td,ndom,ndom,ndom,TD2
0,0,0,2017-07-27 14:09:56,R,R,td,dom,ndom,dom,TD2
65,49,44,2017-07-27 14:09:56,L,R,td,ndom,ndom,ndom,TD2
11,39,4,2017-07-27 14:09:57,L,R,td,ndom,ndom,ndom,TD2
0,0,0,2017-07-27 14:09:57,R,R,td,dom,ndom,dom,TD2
124,139,35,2017-07-27 14:09:58,L,R,td,ndom,ndom,ndom,TD2
0,0,0,2017-07-27 14:09:58,R,R,td,dom,ndom,dom,TD2
100,154,40,2017-07-27 14:09:59,L,R,td,ndom,ndom,ndom,TD2
0,0,0,2017-07-27 14:09:59,R,R,td,dom,ndom,dom,TD2
41,45,15,2017-07-27 14:10:00,L,R,td,ndom,ndom,ndom,TD2
0,0,0,2017-07-27 14:10:00,R,R,td,dom,ndom,dom,TD2
161,96,87,2017-07-27 14:10:01,L,R,td,ndom,ndom,ndom,TD2
0,0,0,2017-07-27 14:10:01,R,R,td,dom,ndom,dom,TD2
0,0,0,2017-07-27 14:10:02,R,R,td,dom,ndom,dom,TD2
92,65,23,2017-07-27 14:10:02,L,R,td,ndom,ndom,ndom,TD2
169,156,66,2017-07-27 14:10:03,L,R,td,ndom,ndom,ndom,TD2
0,0,0,2017-07-27 14:10:03,R,R,td,dom,ndom,dom,TD2
75,144,27,2017-07-27 14:10:04,L,R,td,ndom,ndom,ndom,TD2
0,0,0,2017-07-27 14:10:04,R,R,td,dom,ndom,dom,TD2
101,94,27,2017-07-27 14:10:05,L,R,td,ndom,ndom,ndom,TD2
0,0,0,2017-07-27 14:10:05,R,R,td,dom,ndom,dom,TD2
0,0,0,2017-07-27 14:10:06,R,R,td,dom,ndom,dom,TD2
105,97,42,2017-07-27 14:10:06,L,R,td,ndom,ndom,ndom,TD2
138,116,53,2017-07-27 14:10:07,L,R,td,ndom,ndom,ndom,TD2
0,0,0,2017-07-27 14:10:07,R,R,td,dom,ndom,dom,TD2
89,80,43,2017-07-27 14:10:08,L,R,td,ndom,ndom,ndom,TD2
0,0,0,2017-07-27 14:10:08,R,R,td,dom,ndom,dom,TD2
0,0,0,2017-07-27 14:10:09,R,R,td,dom,ndom,dom,TD2
18,74,38,2017-07-27 14:10:09,L,R,td,ndom,ndom,ndom,TD2
6,8,7,2017-07-27 14:10:10,R,R,td,dom,ndom,dom,TD2
161,120,89,2017-07-27 14:10:10,L,R,td,ndom,ndom,ndom,TD2
101,57,34,2017-07-27 14:11:30,R,R,td,dom,dom,dom,TD2
0,39,12,2017-07-27 14:11:30,L,R,td,ndom,dom,ndom,TD2
0,20,0,2017-07-27 14:11:31,L,R,td,ndom,dom,ndom,TD2
255,236,111,2017-07-27 14:11:31,R,R,td,dom,dom,dom,TD2
0,0,0,2017-07-27 14:11:32,L,R,td,ndom,dom,ndom,TD2
26,137,59,2017-07-27 14:11:32,R,R,td,dom,dom,dom,TD2
163,82,104,2017-07-27 14:11:33,R,R,td,dom,dom,dom,TD2
0,3,0,2017-07-27 14:11:33,L,R,td,ndom,dom,ndom,TD2
0,7,0,2017-07-27 14:11:34,L,R,td,ndom,dom,ndom,TD2
186,210,153,2017-07-27 14:11:34,R,R,td,dom,dom,dom,TD2
2,0,0,2017-07-27 14:11:35,L,R,td,ndom,dom,ndom,TD2
247,213,161,2017-07-27 14:11:35,R,R,td,dom,dom,dom,TD2
12,4,0,2017-07-27 14:11:36,L,R,td,ndom,dom,ndom,TD2
181,90,105,2017-07-27 14:11:36,R,R,td,dom,dom,dom,TD2
0,0,0,2017-07-27 14:11:37,L,R,td,ndom,dom,ndom,TD2
78,68,13,2017-07-27 14:11:37,R,R,td,dom,dom,dom,TD2
235,233,128,2017-07-27 14:11:38,R,R,td,dom,dom,dom,TD2
17,7,0,2017-07-27 14:11:38,L,R,td,ndom,dom,ndom,TD2
43,48,74,2017-07-27 14:11:39,R,R,td,dom,dom,dom,TD2
0,0,0,2017-07-27 14:11:39,L,R,td,ndom,dom,ndom,TD2
80,40,55,2017-07-27 14:11:40,R,R,td,dom,dom,dom,TD2
0,0,0,2017-07-27 14:11:40,L,R,td,ndom,dom,ndom,TD2
0,0,0,2017-07-27 14:11:41,L,R,td,ndom,dom,ndom,TD2
103,157,70,2017-07-27 14:11:41,R,R,td,dom,dom,dom,TD2
0,0,0,2017-07-27 14:11:42,L,R,td,ndom,dom,ndom,TD2
125,207,72,2017-07-27 14:11:42,R,R,td,dom,dom,dom,TD2
146,133,62,2017-07-27 14:11:43,R,R,td,dom,dom,dom,TD2
16,12,0,2017-07-27 14:11:43,L,R,td,ndom,dom,ndom,TD2
195,279,132,2017-07-27 14:11:44,R,R,td,dom,dom,dom,TD2
23,10,0,2017-07-27 14:11:44,L,R,td,ndom,dom,ndom,TD2
162,111,109,2017-07-27 14:11:45,R,R,td,dom,dom,dom,TD2
0,0,0,2017-07-27 14:11:45,L,R,td,ndom,dom,ndom,TD2
108,150,64,2017-07-27 14:11:46,R,R,td,dom,dom,dom,TD2
0,0,0,2017-07-27 14:11:46,L,R,td,ndom,dom,ndom,TD2
140,152,77,2017-07-27 14:11:47,R,R,td,dom,dom,dom,TD2
0,0,0,2017-07-27 14:11:47,L,R,td,ndom,dom,ndom,TD2
41,43,25,2017-07-27 14:11:48,R,R,td,dom,dom,dom,TD2
0,0,0,2017-07-27 14:11:48,L,R,td,ndom,dom,ndom,TD2
7,36,0,2017-07-27 14:11:49,R,R,td,dom,dom,dom,TD2
0,0,0,2017-07-27 14:11:49,L,R,td,ndom,dom,ndom,TD2
0,0,0,2017-07-27 14:11:50,L,R,td,ndom,dom,ndom,TD2
210,341,125,2017-07-27 14:11:50,R,R,td,dom,dom,dom,TD2
58,110,121,2017-07-27 14:11:51,R,R,td,dom,dom,dom,TD2
0,0,0,2017-07-27 14:11:51,L,R,td,ndom,dom,ndom,TD2
173,106,79,2017-07-27 14:11:52,R,R,td,dom,dom,dom,TD2
7,0,0,2017-07-27 14:11:52,L,R,td,ndom,dom,ndom,TD2
155,64,74,2017-07-27 14:11:53,R,R,td,dom,dom,dom,TD2
0,0,0,2017-07-27 14:11:53,L,R,td,ndom,dom,ndom,TD2
8,0,0,2017-07-27 14:11:54,L,R,td,ndom,dom,ndom,TD2
148,194,65,2017-07-27 14:11:54,R,R,td,dom,dom,dom,TD2
0,0,0,2017-07-27 14:11:55,L,R,td,ndom,dom,ndom,TD2
188,138,96,2017-07-27 14:11:55,R,R,td,dom,dom,dom,TD2
58,6,20,2017-07-27 14:11:56,R,R,td,dom,dom,dom,TD2
0,0,0,2017-07-27 14:11:56,L,R,td,ndom,dom,ndom,TD2
98,83,32,2017-07-27 14:11:57,R,R,td,dom,dom,dom,TD2
0,0,0,2017-07-27 14:11:57,L,R,td,ndom,dom,ndom,TD2
196,181,115,2017-07-27 14:11:58,R,R,td,dom,dom,dom,TD2
0,0,0,2017-07-27 14:11:58,L,R,td,ndom,dom,ndom,TD2
0,0,0,2017-07-27 14:11:59,L,R,td,ndom,dom,ndom,TD2
30,19,12,2017-07-27 14:11:59,R,R,td,dom,dom,dom,TD2
175,153,113,2017-07-27 14:12:00,R,R,td,dom,dom,dom,TD2
10,0,0,2017-07-27 14:12:00,L,R,td,ndom,dom,ndom,TD2
0,0,0,2017-07-27 14:12:01,L,R,td,ndom,dom,ndom,TD2
69,65,29,2017-07-27 14:12:01,R,R,td,dom,dom,dom,TD2
0,0,0,2017-07-27 14:12:02,L,R,td,ndom,dom,ndom,TD2
137,190,80,2017-07-27 14:12:02,R,R,td,dom,dom,dom,TD2
0,0,0,2017-07-27 14:12:03,L,R,td,ndom,dom,ndom,TD2
143,82,8,2017-07-27 14:12:03,R,R,td,dom,dom,dom,TD2
0,0,0,2017-07-27 14:12:04,L,R,td,ndom,dom,ndom,TD2
5,48,8,2017-07-27 14:12:04,R,R,td,dom,dom,dom,TD2
0,0,0,2017-07-27 14:12:05,L,R,td,ndom,dom,ndom,TD2
63,27,12,2017-07-27 14:12:05,R,R,td,dom,dom,dom,TD2
0,0,0,2017-07-27 14:12:06,L,R,td,ndom,dom,ndom,TD2
84,73,46,2017-07-27 14:12:06,R,R,td,dom,dom,dom,TD2
0,0,0,2017-07-27 14:12:07,L,R,td,ndom,dom,ndom,TD2
200,140,120,2017-07-27 14:12:07,R,R,td,dom,dom,dom,TD2
6,0,0,2017-07-27 14:12:08,L,R,td,ndom,dom,ndom,TD2
52,64,16,2017-07-27 14:12:08,R,R,td,dom,dom,dom,TD2
2,0,0,2017-07-27 14:12:09,L,R,td,ndom,dom,ndom,TD2
124,109,81,2017-07-27 14:12:09,R,R,td,dom,dom,dom,TD2
11,0,0,2017-07-27 14:12:10,L,R,td,ndom,dom,ndom,TD2
139,216,50,2017-07-27 14:12:10,R,R,td,dom,dom,dom,TD2
0,0,0,2017-07-27 14:12:11,L,R,td,ndom,dom,ndom,TD2
95,114,77,2017-07-27 14:12:11,R,R,td,dom,dom,dom,TD2
0,0,0,2017-07-27 14:12:12,L,R,td,ndom,dom,ndom,TD2
97,91,27,2017-07-27 14:12:12,R,R,td,dom,dom,dom,TD2
120,122,59,2017-07-27 14:12:13,R,R,td,dom,dom,dom,TD2
0,0,0,2017-07-27 14:12:13,L,R,td,ndom,dom,ndom,TD2
156,176,107,2017-07-27 14:12:14,R,R,td,dom,dom,dom,TD2
0,0,0,2017-07-27 14:12:14,L,R,td,ndom,dom,ndom,TD2
2,0,0,2017-07-27 14:12:15,L,R,td,ndom,dom,ndom,TD2
133,90,48,2017-07-27 14:12:15,R,R,td,dom,dom,dom,TD2
153,33,58,2017-07-27 14:12:16,R,R,td,dom,dom,dom,TD2
0,0,0,2017-07-27 14:12:16,L,R,td,ndom,dom,ndom,TD2
0,0,0,2017-07-27 14:12:17,L,R,td,ndom,dom,ndom,TD2
163,196,98,2017-07-27 14:12:17,R,R,td,dom,dom,dom,TD2
0,0,0,2017-07-27 14:12:18,L,R,td,ndom,dom,ndom,TD2
116,72,51,2017-07-27 14:12:18,R,R,td,dom,dom,dom,TD2
161,112,53,2017-07-27 14:12:19,R,R,td,dom,dom,dom,TD2
31,0,0,2017-07-27 14:12:19,L,R,td,ndom,dom,ndom,TD2
111,138,45,2017-07-27 14:12:20,R,R,td,dom,dom,dom,TD2
0,0,0,2017-07-27 14:12:20,L,R,td,ndom,dom,ndom,TD2
174,148,102,2017-07-27 14:12:21,R,R,td,dom,dom,dom,TD2
93,90,76,2017-07-27 14:12:21,L,R,td,ndom,dom,ndom,TD2
63,75,48,2017-07-27 14:12:22,L,R,td,ndom,dom,ndom,TD2
135,36,163,2017-07-27 14:12:22,R,R,td,dom,dom,dom,TD2
59,58,44,2017-07-27 14:12:23,L,R,td,ndom,dom,ndom,TD2
228,36,85,2017-07-27 14:12:23,R,R,td,dom,dom,dom,TD2
63,88,0,2017-07-27 14:12:24,R,R,td,dom,dom,dom,TD2
0,0,0,2017-07-27 14:12:24,L,R,td,ndom,dom,ndom,TD2
10,55,28,2017-07-27 14:12:25,R,R,td,dom,dom,dom,TD2
0,8,0,2017-07-27 14:12:25,L,R,td,ndom,dom,ndom,TD2
64,122,124,2017-07-27 14:12:26,R,R,td,dom,dom,dom,TD2
13,0,0,2017-07-27 14:12:26,L,R,td,ndom,dom,ndom,TD2
167,220,151,2017-07-27 14:12:27,R,R,td,dom,dom,dom,TD2
14,6,4,2017-07-27 14:12:27,L,R,td,ndom,dom,ndom,TD2
103,116,62,2017-07-27 14:12:28,R,R,td,dom,dom,dom,TD2
16,0,0,2017-07-27 14:12:28,L,R,td,ndom,dom,ndom,TD2
146,264,135,2017-07-27 14:12:29,R,R,td,dom,dom,dom,TD2
21,41,60,2017-07-27 14:12:29,L,R,td,ndom,dom,ndom,TD2
106,202,102,2017-07-27 14:12:30,R,R,td,dom,dom,dom,TD2
41,38,32,2017-07-27 14:12:30,L,R,td,ndom,dom,ndom,TD2
0,0,0,2017-07-27 14:44:30,L,R,td,ndom,dom,ndom,TD3
71,144,60,2017-07-27 14:44:30,R,R,td,dom,dom,dom,TD3
77,90,50,2017-07-27 14:44:31,R,R,td,dom,dom,dom,TD3
0,0,0,2017-07-27 14:44:31,L,R,td,ndom,dom,ndom,TD3
0,0,0,2017-07-27 14:44:32,L,R,td,ndom,dom,ndom,TD3
87,93,45,2017-07-27 14:44:32,R,R,td,dom,dom,dom,TD3
0,0,0,2017-07-27 14:44:33,L,R,td,ndom,dom,ndom,TD3
60,156,84,2017-07-27 14:44:33,R,R,td,dom,dom,dom,TD3
80,135,76,2017-07-27 14:44:34,R,R,td,dom,dom,dom,TD3
0,0,0,2017-07-27 14:44:34,L,R,td,ndom,dom,ndom,TD3
104,47,47,2017-07-27 14:44:35,R,R,td,dom,dom,dom,TD3
0,0,0,2017-07-27 14:44:35,L,R,td,ndom,dom,ndom,TD3
62,73,50,2017-07-27 14:44:36,R,R,td,dom,dom,dom,TD3
0,0,0,2017-07-27 14:44:36,L,R,td,ndom,dom,ndom,TD3
0,0,0,2017-07-27 14:44:37,L,R,td,ndom,dom,ndom,TD3
130,91,95,2017-07-27 14:44:37,R,R,td,dom,dom,dom,TD3
78,107,97,2017-07-27 14:44:38,R,R,td,dom,dom,dom,TD3
0,0,0,2017-07-27 14:44:38,L,R,td,ndom,dom,ndom,TD3
77,87,66,2017-07-27 14:44:39,R,R,td,dom,dom,dom,TD3
0,0,0,2017-07-27 14:44:39,L,R,td,ndom,dom,ndom,TD3
73,106,81,2017-07-27 14:44:40,R,R,td,dom,dom,dom,TD3
0,0,0,2017-07-27 14:44:40,L,R,td,ndom,dom,ndom,TD3
79,67,117,2017-07-27 14:44:41,R,R,td,dom,dom,dom,TD3
0,0,0,2017-07-27 14:44:41,L,R,td,ndom,dom,ndom,TD3
79,71,125,2017-07-27 14:44:42,R,R,td,dom,dom,dom,TD3
0,0,0,2017-07-27 14:44:42,L,R,td,ndom,dom,ndom,TD3
58,57,85,2017-07-27 14:44:43,R,R,td,dom,dom,dom,TD3
0,0,0,2017-07-27 14:44:43,L,R,td,ndom,dom,ndom,TD3
0,0,0,2017-07-27 14:44:44,L,R,td,ndom,dom,ndom,TD3
50,103,25,2017-07-27 14:44:44,R,R,td,dom,dom,dom,TD3
100,113,88,2017-07-27 14:44:45,R,R,td,dom,dom,dom,TD3
0,0,0,2017-07-27 14:44:45,L,R,td,ndom,dom,ndom,TD3
74,71,56,2017-07-27 14:44:46,R,R,td,dom,dom,dom,TD3
0,0,0,2017-07-27 14:44:46,L,R,td,ndom,dom,ndom,TD3
72,79,77,2017-07-27 14:44:47,R,R,td,dom,dom,dom,TD3
0,0,0,2017-07-27 14:44:47,L,R,td,ndom,dom,ndom,TD3
115,233,79,2017-07-27 14:44:48,R,R,td,dom,dom,dom,TD3
0,0,0,2017-07-27 14:44:48,L,R,td,ndom,dom,ndom,TD3
85,99,122,2017-07-27 14:44:49,R,R,td,dom,dom,dom,TD3
0,0,0,2017-07-27 14:44:49,L,R,td,ndom,dom,ndom,TD3
82,99,68,2017-07-27 14:44:50,R,R,td,dom,dom,dom,TD3
0,0,0,2017-07-27 14:44:50,L,R,td,ndom,dom,ndom,TD3
122,88,68,2017-07-27 14:44:51,R,R,td,dom,dom,dom,TD3
0,0,0,2017-07-27 14:44:51,L,R,td,ndom,dom,ndom,TD3
112,104,80,2017-07-27 14:44:52,R,R,td,dom,dom,dom,TD3
0,0,0,2017-07-27 14:44:52,L,R,td,ndom,dom,ndom,TD3
0,0,0,2017-07-27 14:44:53,L,R,td,ndom,dom,ndom,TD3
127,67,93,2017-07-27 14:44:53,R,R,td,dom,dom,dom,TD3
0,0,0,2017-07-27 14:44:54,L,R,td,ndom,dom,ndom,TD3
0,32,12,2017-07-27 14:44:54,R,R,td,dom,dom,dom,TD3
0,0,0,2017-07-27 14:44:55,L,R,td,ndom,dom,ndom,TD3
57,114,82,2017-07-27 14:44:55,R,R,td,dom,dom,dom,TD3
0,0,0,2017-07-27 14:44:56,L,R,td,ndom,dom,ndom,TD3
88,85,80,2017-07-27 14:44:56,R,R,td,dom,dom,dom,TD3
127,114,60,2017-07-27 14:44:57,R,R,td,dom,dom,dom,TD3
0,0,0,2017-07-27 14:44:57,L,R,td,ndom,dom,ndom,TD3
118,132,53,2017-07-27 14:44:58,R,R,td,dom,dom,dom,TD3
0,0,0,2017-07-27 14:44:58,L,R,td,ndom,dom,ndom,TD3
0,0,0,2017-07-27 14:44:59,L,R,td,ndom,dom,ndom,TD3
67,121,80,2017-07-27 14:44:59,R,R,td,dom,dom,dom,TD3
0,0,0,2017-07-27 14:45:00,L,R,td,ndom,dom,ndom,TD3
57,98,96,2017-07-27 14:45:00,R,R,td,dom,dom,dom,TD3
0,0,0,2017-07-27 14:45:01,L,R,td,ndom,dom,ndom,TD3
69,95,75,2017-07-27 14:45:01,R,R,td,dom,dom,dom,TD3
75,116,91,2017-07-27 14:45:02,R,R,td,dom,dom,dom,TD3
0,0,0,2017-07-27 14:45:02,L,R,td,ndom,dom,ndom,TD3
0,0,0,2017-07-27 14:45:03,L,R,td,ndom,dom,ndom,TD3
72,126,91,2017-07-27 14:45:03,R,R,td,dom,dom,dom,TD3
0,0,0,2017-07-27 14:45:04,L,R,td,ndom,dom,ndom,TD3
60,141,55,2017-07-27 14:45:04,R,R,td,dom,dom,dom,TD3
52,79,66,2017-07-27 14:45:05,R,R,td,dom,dom,dom,TD3
0,0,0,2017-07-27 14:45:05,L,R,td,ndom,dom,ndom,TD3
44,119,58,2017-07-27 14:45:06,R,R,td,dom,dom,dom,TD3
0,0,0,2017-07-27 14:45:06,L,R,td,ndom,dom,ndom,TD3
41,100,60,2017-07-27 14:45:07,R,R,td,dom,dom,dom,TD3
0,0,0,2017-07-27 14:45:07,L,R,td,ndom,dom,ndom,TD3
100,93,53,2017-07-27 14:45:08,R,R,td,dom,dom,dom,TD3
0,0,0,2017-07-27 14:45:08,L,R,td,ndom,dom,ndom,TD3
77,132,74,2017-07-27 14:45:09,R,R,td,dom,dom,dom,TD3
0,0,0,2017-07-27 14:45:09,L,R,td,ndom,dom,ndom,TD3
106,107,100,2017-07-27 14:45:10,R,R,td,dom,dom,dom,TD3
0,0,0,2017-07-27 14:45:10,L,R,td,ndom,dom,ndom,TD3
86,106,124,2017-07-27 14:45:11,R,R,td,dom,dom,dom,TD3
0,0,0,2017-07-27 14:45:11,L,R,td,ndom,dom,ndom,TD3
75,119,92,2017-07-27 14:45:12,R,R,td,dom,dom,dom,TD3
0,0,0,2017-07-27 14:45:12,L,R,td,ndom,dom,ndom,TD3
57,121,51,2017-07-27 14:45:13,R,R,td,dom,dom,dom,TD3
0,0,0,2017-07-27 14:45:13,L,R,td,ndom,dom,ndom,TD3
0,0,0,2017-07-27 14:45:14,L,R,td,ndom,dom,ndom,TD3
87,110,42,2017-07-27 14:45:14,R,R,td,dom,dom,dom,TD3
0,0,0,2017-07-27 14:45:15,L,R,td,ndom,dom,ndom,TD3
21,87,58,2017-07-27 14:45:15,R,R,td,dom,dom,dom,TD3
0,0,0,2017-07-27 14:45:16,L,R,td,ndom,dom,ndom,TD3
97,116,71,2017-07-27 14:45:16,R,R,td,dom,dom,dom,TD3
0,0,0,2017-07-27 14:45:17,L,R,td,ndom,dom,ndom,TD3
93,134,47,2017-07-27 14:45:17,R,R,td,dom,dom,dom,TD3
87,122,87,2017-07-27 14:45:18,R,R,td,dom,dom,dom,TD3
0,0,0,2017-07-27 14:45:18,L,R,td,ndom,dom,ndom,TD3
0,0,0,2017-07-27 14:45:19,L,R,td,ndom,dom,ndom,TD3
108,144,83,2017-07-27 14:45:19,R,R,td,dom,dom,dom,TD3
104,108,67,2017-07-27 14:45:20,R,R,td,dom,dom,dom,TD3
0,0,0,2017-07-27 14:45:20,L,R,td,ndom,dom,ndom,TD3
0,0,0,2017-07-27 14:45:21,L,R,td,ndom,dom,ndom,TD3
104,101,73,2017-07-27 14:45:21,R,R,td,dom,dom,dom,TD3
0,0,0,2017-07-27 14:45:22,L,R,td,ndom,dom,ndom,TD3
83,123,102,2017-07-27 14:45:22,R,R,td,dom,dom,dom,TD3
0,0,0,2017-07-27 14:45:23,L,R,td,ndom,dom,ndom,TD3
129,126,127,2017-07-27 14:45:23,R,R,td,dom,dom,dom,TD3
0,0,0,2017-07-27 14:45:24,L,R,td,ndom,dom,ndom,TD3
135,101,94,2017-07-27 14:45:24,R,R,td,dom,dom,dom,TD3
0,0,0,2017-07-27 14:45:25,L,R,td,ndom,dom,ndom,TD3
26,63,77,2017-07-27 14:45:25,R,R,td,dom,dom,dom,TD3
0,0,0,2017-07-27 14:45:26,L,R,td,ndom,dom,ndom,TD3
105,72,77,2017-07-27 14:45:26,R,R,td,dom,dom,dom,TD3
0,0,0,2017-07-27 14:45:27,L,R,td,ndom,dom,ndom,TD3
115,33,30,2017-07-27 14:45:27,R,R,td,dom,dom,dom,TD3
0,0,0,2017-07-27 14:45:28,L,R,td,ndom,dom,ndom,TD3
119,111,132,2017-07-27 14:45:28,R,R,td,dom,dom,dom,TD3
140,98,38,2017-07-27 14:45:29,R,R,td,dom,dom,dom,TD3
0,0,0,2017-07-27 14:45:29,L,R,td,ndom,dom,ndom,TD3
51,204,325,2017-07-27 14:45:30,R,R,td,dom,dom,dom,TD3
55,57,77,2017-07-27 14:45:30,L,R,td,ndom,dom,ndom,TD3
149,66,107,2017-07-27 14:48:15,L,R,td,ndom,ndom,ndom,TD3
0,0,0,2017-07-27 14:48:15,R,R,td,dom,ndom,dom,TD3
135,148,76,2017-07-27 14:48:16,L,R,td,ndom,ndom,ndom,TD3
0,0,0,2017-07-27 14:48:16,R,R,td,dom,ndom,dom,TD3
120,111,82,2017-07-27 14:48:17,L,R,td,ndom,ndom,ndom,TD3
0,0,0,2017-07-27 14:48:17,R,R,td,dom,ndom,dom,TD3
0,0,0,2017-07-27 14:48:18,R,R,td,dom,ndom,dom,TD3
89,100,75,2017-07-27 14:48:18,L,R,td,ndom,ndom,ndom,TD3
62,129,73,2017-07-27 14:48:19,L,R,td,ndom,ndom,ndom,TD3
0,0,0,2017-07-27 14:48:19,R,R,td,dom,ndom,dom,TD3
0,0,0,2017-07-27 14:48:20,R,R,td,dom,ndom,dom,TD3
74,91,65,2017-07-27 14:48:20,L,R,td,ndom,ndom,ndom,TD3
0,0,0,2017-07-27 14:48:21,R,R,td,dom,ndom,dom,TD3
86,133,62,2017-07-27 14:48:21,L,R,td,ndom,ndom,ndom,TD3
0,0,0,2017-07-27 14:48:22,R,R,td,dom,ndom,dom,TD3
88,128,34,2017-07-27 14:48:22,L,R,td,ndom,ndom,ndom,TD3
0,0,0,2017-07-27 14:48:23,R,R,td,dom,ndom,dom,TD3
74,125,85,2017-07-27 14:48:23,L,R,td,ndom,ndom,ndom,TD3
0,0,0,2017-07-27 14:48:24,R,R,td,dom,ndom,dom,TD3
94,152,55,2017-07-27 14:48:24,L,R,td,ndom,ndom,ndom,TD3
0,0,0,2017-07-27 14:48:25,R,R,td,dom,ndom,dom,TD3
102,149,57,2017-07-27 14:48:25,L,R,td,ndom,ndom,ndom,TD3
0,0,0,2017-07-27 14:48:26,R,R,td,dom,ndom,dom,TD3
92,137,67,2017-07-27 14:48:26,L,R,td,ndom,ndom,ndom,TD3
0,0,0,2017-07-27 14:48:27,R,R,td,dom,ndom,dom,TD3
87,149,67,2017-07-27 14:48:27,L,R,td,ndom,ndom,ndom,TD3
0,0,0,2017-07-27 14:48:28,R,R,td,dom,ndom,dom,TD3
58,122,75,2017-07-27 14:48:28,L,R,td,ndom,ndom,ndom,TD3
66,107,126,2017-07-27 14:48:29,L,R,td,ndom,ndom,ndom,TD3
0,0,0,2017-07-27 14:48:29,R,R,td,dom,ndom,dom,TD3
0,0,0,2017-07-27 14:48:30,R,R,td,dom,ndom,dom,TD3
87,70,46,2017-07-27 14:48:30,L,R,td,ndom,ndom,ndom,TD3
0,0,0,2017-07-27 14:48:31,R,R,td,dom,ndom,dom,TD3
79,124,74,2017-07-27 14:48:31,L,R,td,ndom,ndom,ndom,TD3
0,0,0,2017-07-27 14:48:32,R,R,td,dom,ndom,dom,TD3
80,108,88,2017-07-27 14:48:32,L,R,td,ndom,ndom,ndom,TD3
109,114,117,2017-07-27 14:48:33,L,R,td,ndom,ndom,ndom,TD3
0,0,0,2017-07-27 14:48:33,R,R,td,dom,ndom,dom,TD3
0,0,0,2017-07-27 14:48:34,R,R,td,dom,ndom,dom,TD3
58,146,67,2017-07-27 14:48:34,L,R,td,ndom,ndom,ndom,TD3
76,130,79,2017-07-27 14:48:35,L,R,td,ndom,ndom,ndom,TD3
0,0,0,2017-07-27 14:48:35,R,R,td,dom,ndom,dom,TD3
38,87,73,2017-07-27 14:48:36,L,R,td,ndom,ndom,ndom,TD3
0,0,0,2017-07-27 14:48:36,R,R,td,dom,ndom,dom,TD3
51,108,97,2017-07-27 14:48:37,L,R,td,ndom,ndom,ndom,TD3
0,0,0,2017-07-27 14:48:37,R,R,td,dom,ndom,dom,TD3
56,160,72,2017-07-27 14:48:38,L,R,td,ndom,ndom,ndom,TD3
0,0,0,2017-07-27 14:48:38,R,R,td,dom,ndom,dom,TD3
95,110,65,2017-07-27 14:48:39,L,R,td,ndom,ndom,ndom,TD3
0,0,0,2017-07-27 14:48:39,R,R,td,dom,ndom,dom,TD3
0,0,0,2017-07-27 14:48:40,R,R,td,dom,ndom,dom,TD3
150,135,106,2017-07-27 14:48:40,L,R,td,ndom,ndom,ndom,TD3
104,122,70,2017-07-27 14:48:41,L,R,td,ndom,ndom,ndom,TD3
0,0,0,2017-07-27 14:48:41,R,R,td,dom,ndom,dom,TD3
91,118,69,2017-07-27 14:48:42,L,R,td,ndom,ndom,ndom,TD3
0,0,0,2017-07-27 14:48:42,R,R,td,dom,ndom,dom,TD3
109,79,5,2017-07-27 14:48:43,L,R,td,ndom,ndom,ndom,TD3
0,0,0,2017-07-27 14:48:43,R,R,td,dom,ndom,dom,TD3
89,103,57,2017-07-27 14:48:44,L,R,td,ndom,ndom,ndom,TD3
0,0,0,2017-07-27 14:48:44,R,R,td,dom,ndom,dom,TD3
98,88,80,2017-07-27 14:48:45,L,R,td,ndom,ndom,ndom,TD3
0,0,0,2017-07-27 14:48:45,R,R,td,dom,ndom,dom,TD3
0,0,0,2017-07-27 14:48:46,R,R,td,dom,ndom,dom,TD3
134,113,73,2017-07-27 14:48:46,L,R,td,ndom,ndom,ndom,TD3
134,99,74,2017-07-27 14:48:47,L,R,td,ndom,ndom,ndom,TD3
0,0,0,2017-07-27 14:48:47,R,R,td,dom,ndom,dom,TD3
0,0,0,2017-07-27 14:48:48,R,R,td,dom,ndom,dom,TD3
81,124,52,2017-07-27 14:48:48,L,R,td,ndom,ndom,ndom,TD3
168,138,142,2017-07-27 14:48:49,L,R,td,ndom,ndom,ndom,TD3
0,0,0,2017-07-27 14:48:49,R,R,td,dom,ndom,dom,TD3
105,148,73,2017-07-27 14:48:50,L,R,td,ndom,ndom,ndom,TD3
0,0,0,2017-07-27 14:48:50,R,R,td,dom,ndom,dom,TD3
0,0,0,2017-07-27 14:48:51,R,R,td,dom,ndom,dom,TD3
132,152,121,2017-07-27 14:48:51,L,R,td,ndom,ndom,ndom,TD3
0,0,0,2017-07-27 14:48:52,R,R,td,dom,ndom,dom,TD3
79,110,88,2017-07-27 14:48:52,L,R,td,ndom,ndom,ndom,TD3
0,0,0,2017-07-27 14:48:53,R,R,td,dom,ndom,dom,TD3
72,72,42,2017-07-27 14:48:53,L,R,td,ndom,ndom,ndom,TD3
60,99,80,2017-07-27 14:48:54,L,R,td,ndom,ndom,ndom,TD3
0,0,0,2017-07-27 14:48:54,R,R,td,dom,ndom,dom,TD3
0,0,0,2017-07-27 14:48:55,R,R,td,dom,ndom,dom,TD3
37,123,22,2017-07-27 14:48:55,L,R,td,ndom,ndom,ndom,TD3
28,72,0,2017-07-27 14:48:56,L,R,td,ndom,ndom,ndom,TD3
0,0,0,2017-07-27 14:48:56,R,R,td,dom,ndom,dom,TD3
0,0,0,2017-07-27 14:48:57,R,R,td,dom,ndom,dom,TD3
65,57,32,2017-07-27 14:48:57,L,R,td,ndom,ndom,ndom,TD3
0,0,0,2017-07-27 14:48:58,R,R,td,dom,ndom,dom,TD3
85,49,35,2017-07-27 14:48:58,L,R,td,ndom,ndom,ndom,TD3
36,85,97,2017-07-27 14:48:59,L,R,td,ndom,ndom,ndom,TD3
0,0,0,2017-07-27 14:48:59,R,R,td,dom,ndom,dom,TD3
0,0,0,2017-07-27 14:49:00,R,R,td,dom,ndom,dom,TD3
67,135,96,2017-07-27 14:49:00,L,R,td,ndom,ndom,ndom,TD3
0,0,0,2017-07-27 14:49:01,R,R,td,dom,ndom,dom,TD3
82,156,66,2017-07-27 14:49:01,L,R,td,ndom,ndom,ndom,TD3
0,0,0,2017-07-27 14:49:02,R,R,td,dom,ndom,dom,TD3
93,204,79,2017-07-27 14:49:02,L,R,td,ndom,ndom,ndom,TD3
0,0,0,2017-07-27 14:49:03,R,R,td,dom,ndom,dom,TD3
69,63,58,2017-07-27 14:49:03,L,R,td,ndom,ndom,ndom,TD3
93,116,94,2017-07-27 14:49:04,L,R,td,ndom,ndom,ndom,TD3
0,0,0,2017-07-27 14:49:04,R,R,td,dom,ndom,dom,TD3
0,0,0,2017-07-27 14:49:05,R,R,td,dom,ndom,dom,TD3
89,123,81,2017-07-27 14:49:05,L,R,td,ndom,ndom,ndom,TD3
58,57,32,2017-07-27 14:49:06,L,R,td,ndom,ndom,ndom,TD3
0,0,0,2017-07-27 14:49:06,R,R,td,dom,ndom,dom,TD3
0,0,0,2017-07-27 14:49:07,R,R,td,dom,ndom,dom,TD3
52,105,64,2017-07-27 14:49:07,L,R,td,ndom,ndom,ndom,TD3
57,87,66,2017-07-27 14:49:08,L,R,td,ndom,ndom,ndom,TD3
0,0,0,2017-07-27 14:49:08,R,R,td,dom,ndom,dom,TD3
0,0,0,2017-07-27 14:49:09,R,R,td,dom,ndom,dom,TD3
57,69,68,2017-07-27 14:49:09,L,R,td,ndom,ndom,ndom,TD3
0,0,0,2017-07-27 14:49:10,R,R,td,dom,ndom,dom,TD3
40,40,17,2017-07-27 14:49:10,L,R,td,ndom,ndom,ndom,TD3
0,0,0,2017-07-27 14:49:11,R,R,td,dom,ndom,dom,TD3
102,122,71,2017-07-27 14:49:11,L,R,td,ndom,ndom,ndom,TD3
0,0,0,2017-07-27 14:49:12,R,R,td,dom,ndom,dom,TD3
92,165,50,2017-07-27 14:49:12,L,R,td,ndom,ndom,ndom,TD3
47,87,52,2017-07-27 14:49:13,L,R,td,ndom,ndom,ndom,TD3
0,0,0,2017-07-27 14:49:13,R,R,td,dom,ndom,dom,TD3
72,155,76,2017-07-27 14:49:14,L,R,td,ndom,ndom,ndom,TD3
0,0,0,2017-07-27 14:49:14,R,R,td,dom,ndom,dom,TD3
101,124,54,2017-07-27 14:49:15,L,R,td,ndom,ndom,ndom,TD3
0,0,0,2017-07-27 14:49:15,R,R,td,dom,ndom,dom,TD3
0,0,0,2017-05-16 16:40:00,L,R,td,ndom,dom,ndom,TD4
58,77,70,2017-05-16 16:40:00,R,R,td,dom,dom,dom,TD4
34,94,71,2017-05-16 16:40:01,R,R,td,dom,dom,dom,TD4
0,0,0,2017-05-16 16:40:01,L,R,td,ndom,dom,ndom,TD4
0,0,0,2017-05-16 16:40:02,L,R,td,ndom,dom,ndom,TD4
69,64,63,2017-05-16 16:40:02,R,R,td,dom,dom,dom,TD4
81,54,64,2017-05-16 16:40:03,R,R,td,dom,dom,dom,TD4
0,0,0,2017-05-16 16:40:03,L,R,td,ndom,dom,ndom,TD4
59,110,54,2017-05-16 16:40:04,R,R,td,dom,dom,dom,TD4
0,0,0,2017-05-16 16:40:04,L,R,td,ndom,dom,ndom,TD4
0,0,0,2017-05-16 16:40:05,L,R,td,ndom,dom,ndom,TD4
53,122,79,2017-05-16 16:40:05,R,R,td,dom,dom,dom,TD4
0,0,0,2017-05-16 16:40:06,L,R,td,ndom,dom,ndom,TD4
51,97,92,2017-05-16 16:40:06,R,R,td,dom,dom,dom,TD4
55,123,114,2017-05-16 16:40:07,R,R,td,dom,dom,dom,TD4
0,0,0,2017-05-16 16:40:07,L,R,td,ndom,dom,ndom,TD4
56,31,74,2017-05-16 16:40:08,R,R,td,dom,dom,dom,TD4
0,0,0,2017-05-16 16:40:08,L,R,td,ndom,dom,ndom,TD4
50,46,109,2017-05-16 16:40:09,R,R,td,dom,dom,dom,TD4
0,0,0,2017-05-16 16:40:09,L,R,td,ndom,dom,ndom,TD4
25,129,88,2017-05-16 16:40:10,R,R,td,dom,dom,dom,TD4
0,0,0,2017-05-16 16:40:10,L,R,td,ndom,dom,ndom,TD4
53,148,101,2017-05-16 16:40:11,R,R,td,dom,dom,dom,TD4
0,0,0,2017-05-16 16:40:11,L,R,td,ndom,dom,ndom,TD4
56,75,79,2017-05-16 16:40:12,R,R,td,dom,dom,dom,TD4
0,0,0,2017-05-16 16:40:12,L,R,td,ndom,dom,ndom,TD4
30,67,132,2017-05-16 16:40:13,R,R,td,dom,dom,dom,TD4
0,0,0,2017-05-16 16:40:13,L,R,td,ndom,dom,ndom,TD4
28,125,83,2017-05-16 16:40:14,R,R,td,dom,dom,dom,TD4
0,0,0,2017-05-16 16:40:14,L,R,td,ndom,dom,ndom,TD4
52,64,70,2017-05-16 16:40:15,R,R,td,dom,dom,dom,TD4
0,0,0,2017-05-16 16:40:15,L,R,td,ndom,dom,ndom,TD4
0,0,0,2017-05-16 16:40:16,L,R,td,ndom,dom,ndom,TD4
76,76,105,2017-05-16 16:40:16,R,R,td,dom,dom,dom,TD4
0,0,0,2017-05-16 16:40:17,L,R,td,ndom,dom,ndom,TD4
63,111,78,2017-05-16 16:40:17,R,R,td,dom,dom,dom,TD4
0,0,0,2017-05-16 16:40:18,L,R,td,ndom,dom,ndom,TD4
49,41,80,2017-05-16 16:40:18,R,R,td,dom,dom,dom,TD4
0,0,0,2017-05-16 16:40:19,L,R,td,ndom,dom,ndom,TD4
82,65,86,2017-05-16 16:40:19,R,R,td,dom,dom,dom,TD4
0,0,0,2017-05-16 16:40:20,L,R,td,ndom,dom,ndom,TD4
76,57,67,2017-05-16 16:40:20,R,R,td,dom,dom,dom,TD4
0,0,0,2017-05-16 16:40:21,L,R,td,ndom,dom,ndom,TD4
49,41,111,2017-05-16 16:40:21,R,R,td,dom,dom,dom,TD4
0,0,0,2017-05-16 16:40:22,L,R,td,ndom,dom,ndom,TD4
59,49,107,2017-05-16 16:40:22,R,R,td,dom,dom,dom,TD4
0,0,0,2017-05-16 16:40:23,L,R,td,ndom,dom,ndom,TD4
73,98,102,2017-05-16 16:40:23,R,R,td,dom,dom,dom,TD4
0,0,0,2017-05-16 16:40:24,L,R,td,ndom,dom,ndom,TD4
42,89,104,2017-05-16 16:40:24,R,R,td,dom,dom,dom,TD4
0,0,0,2017-05-16 16:40:25,L,R,td,ndom,dom,ndom,TD4
47,61,134,2017-05-16 16:40:25,R,R,td,dom,dom,dom,TD4
0,7,7,2017-05-16 16:40:26,L,R,td,ndom,dom,ndom,TD4
71,102,107,2017-05-16 16:40:26,R,R,td,dom,dom,dom,TD4
16,4,28,2017-05-16 16:40:27,L,R,td,ndom,dom,ndom,TD4
102,64,121,2017-05-16 16:40:27,R,R,td,dom,dom,dom,TD4
91,89,184,2017-05-16 16:40:28,L,R,td,ndom,dom,ndom,TD4
134,87,86,2017-05-16 16:40:28,R,R,td,dom,dom,dom,TD4
82,49,53,2017-05-16 16:40:29,L,R,td,ndom,dom,ndom,TD4
56,114,42,2017-05-16 16:40:29,R,R,td,dom,dom,dom,TD4
0,0,0,2017-05-16 16:40:30,L,R,td,ndom,dom,ndom,TD4
105,124,115,2017-05-16 16:40:30,R,R,td,dom,dom,dom,TD4
0,0,0,2017-05-16 16:40:31,L,R,td,ndom,dom,ndom,TD4
117,43,109,2017-05-16 16:40:31,R,R,td,dom,dom,dom,TD4
87,42,95,2017-05-16 16:40:32,R,R,td,dom,dom,dom,TD4
0,0,0,2017-05-16 16:40:32,L,R,td,ndom,dom,ndom,TD4
44,67,122,2017-05-16 16:40:33,R,R,td,dom,dom,dom,TD4
0,0,0,2017-05-16 16:40:33,L,R,td,ndom,dom,ndom,TD4
71,89,88,2017-05-16 16:40:34,R,R,td,dom,dom,dom,TD4
0,0,0,2017-05-16 16:40:34,L,R,td,ndom,dom,ndom,TD4
0,0,0,2017-05-16 16:40:35,L,R,td,ndom,dom,ndom,TD4
92,34,116,2017-05-16 16:40:35,R,R,td,dom,dom,dom,TD4
84,107,81,2017-05-16 16:40:36,R,R,td,dom,dom,dom,TD4
0,0,0,2017-05-16 16:40:36,L,R,td,ndom,dom,ndom,TD4
0,0,0,2017-05-16 16:40:37,L,R,td,ndom,dom,ndom,TD4
50,14,95,2017-05-16 16:40:37,R,R,td,dom,dom,dom,TD4
0,0,0,2017-05-16 16:40:38,L,R,td,ndom,dom,ndom,TD4
39,59,110,2017-05-16 16:40:38,R,R,td,dom,dom,dom,TD4
0,0,0,2017-05-16 16:40:39,L,R,td,ndom,dom,ndom,TD4
27,98,110,2017-05-16 16:40:39,R,R,td,dom,dom,dom,TD4
0,0,0,2017-05-16 16:40:40,L,R,td,ndom,dom,ndom,TD4
65,67,114,2017-05-16 16:40:40,R,R,td,dom,dom,dom,TD4
0,0,0,2017-05-16 16:40:41,L,R,td,ndom,dom,ndom,TD4
35,96,114,2017-05-16 16:40:41,R,R,td,dom,dom,dom,TD4
0,0,0,2017-05-16 16:40:42,L,R,td,ndom,dom,ndom,TD4
86,124,87,2017-05-16 16:40:42,R,R,td,dom,dom,dom,TD4
48,121,73,2017-05-16 16:40:43,R,R,td,dom,dom,dom,TD4
0,0,0,2017-05-16 16:40:43,L,R,td,ndom,dom,ndom,TD4
0,0,0,2017-05-16 16:40:44,L,R,td,ndom,dom,ndom,TD4
61,65,71,2017-05-16 16:40:44,R,R,td,dom,dom,dom,TD4
0,0,0,2017-05-16 16:40:45,L,R,td,ndom,dom,ndom,TD4
53,85,71,2017-05-16 16:40:45,R,R,td,dom,dom,dom,TD4
0,0,0,2017-05-16 16:40:46,L,R,td,ndom,dom,ndom,TD4
56,71,69,2017-05-16 16:40:46,R,R,td,dom,dom,dom,TD4
0,0,0,2017-05-16 16:40:47,L,R,td,ndom,dom,ndom,TD4
76,102,90,2017-05-16 16:40:47,R,R,td,dom,dom,dom,TD4
0,0,0,2017-05-16 16:40:48,L,R,td,ndom,dom,ndom,TD4
64,102,66,2017-05-16 16:40:48,R,R,td,dom,dom,dom,TD4
0,0,0,2017-05-16 16:40:49,L,R,td,ndom,dom,ndom,TD4
59,109,67,2017-05-16 16:40:49,R,R,td,dom,dom,dom,TD4
0,0,0,2017-05-16 16:40:50,L,R,td,ndom,dom,ndom,TD4
34,120,87,2017-05-16 16:40:50,R,R,td,dom,dom,dom,TD4
61,52,120,2017-05-16 16:40:51,R,R,td,dom,dom,dom,TD4
0,0,0,2017-05-16 16:40:51,L,R,td,ndom,dom,ndom,TD4
0,0,0,2017-05-16 16:40:52,L,R,td,ndom,dom,ndom,TD4
43,65,84,2017-05-16 16:40:52,R,R,td,dom,dom,dom,TD4
0,0,0,2017-05-16 16:40:53,L,R,td,ndom,dom,ndom,TD4
52,79,83,2017-05-16 16:40:53,R,R,td,dom,dom,dom,TD4
0,0,0,2017-05-16 16:40:54,L,R,td,ndom,dom,ndom,TD4
98,79,92,2017-05-16 16:40:54,R,R,td,dom,dom,dom,TD4
0,0,0,2017-05-16 16:40:55,L,R,td,ndom,dom,ndom,TD4
80,65,86,2017-05-16 16:40:55,R,R,td,dom,dom,dom,TD4
91,79,80,2017-05-16 16:40:56,R,R,td,dom,dom,dom,TD4
0,0,0,2017-05-16 16:40:56,L,R,td,ndom,dom,ndom,TD4
70,72,115,2017-05-16 16:40:57,R,R,td,dom,dom,dom,TD4
0,0,0,2017-05-16 16:40:57,L,R,td,ndom,dom,ndom,TD4
131,121,105,2017-05-16 16:40:58,R,R,td,dom,dom,dom,TD4
0,0,0,2017-05-16 16:40:58,L,R,td,ndom,dom,ndom,TD4
40,108,9,2017-05-16 16:40:59,R,R,td,dom,dom,dom,TD4
25,0,0,2017-05-16 16:40:59,L,R,td,ndom,dom,ndom,TD4
79,145,35,2017-05-16 16:41:00,R,R,td,dom,dom,dom,TD4
11,0,0,2017-05-16 16:41:00,L,R,td,ndom,dom,ndom,TD4
0,0,0,2017-05-16 16:42:35,R,R,td,dom,ndom,dom,TD4
118,87,71,2017-05-16 16:42:35,L,R,td,ndom,ndom,ndom,TD4
90,58,85,2017-05-16 16:42:36,L,R,td,ndom,ndom,ndom,TD4
0,4,0,2017-05-16 16:42:36,R,R,td,dom,ndom,dom,TD4
137,79,84,2017-05-16 16:42:37,L,R,td,ndom,ndom,ndom,TD4
0,0,0,2017-05-16 16:42:37,R,R,td,dom,ndom,dom,TD4
0,0,0,2017-05-16 16:42:38,R,R,td,dom,ndom,dom,TD4
44,70,45,2017-05-16 16:42:38,L,R,td,ndom,ndom,ndom,TD4
80,66,57,2017-05-16 16:42:39,L,R,td,ndom,ndom,ndom,TD4
0,0,0,2017-05-16 16:42:39,R,R,td,dom,ndom,dom,TD4
0,0,0,2017-05-16 16:42:40,R,R,td,dom,ndom,dom,TD4
74,94,125,2017-05-16 16:42:40,L,R,td,ndom,ndom,ndom,TD4
0,0,0,2017-05-16 16:42:41,R,R,td,dom,ndom,dom,TD4
68,102,54,2017-05-16 16:42:41,L,R,td,ndom,ndom,ndom,TD4
0,0,0,2017-05-16 16:42:42,R,R,td,dom,ndom,dom,TD4
61,76,76,2017-05-16 16:42:42,L,R,td,ndom,ndom,ndom,TD4
70,78,87,2017-05-16 16:42:43,L,R,td,ndom,ndom,ndom,TD4
0,0,0,2017-05-16 16:42:43,R,R,td,dom,ndom,dom,TD4
72,72,80,2017-05-16 16:42:44,L,R,td,ndom,ndom,ndom,TD4
0,0,0,2017-05-16 16:42:44,R,R,td,dom,ndom,dom,TD4
94,98,67,2017-05-16 16:42:45,L,R,td,ndom,ndom,ndom,TD4
0,0,0,2017-05-16 16:42:45,R,R,td,dom,ndom,dom,TD4
0,0,0,2017-05-16 16:42:46,R,R,td,dom,ndom,dom,TD4
65,128,90,2017-05-16 16:42:46,L,R,td,ndom,ndom,ndom,TD4
0,0,0,2017-05-16 16:42:47,R,R,td,dom,ndom,dom,TD4
38,126,68,2017-05-16 16:42:47,L,R,td,ndom,ndom,ndom,TD4
68,100,34,2017-05-16 16:42:48,L,R,td,ndom,ndom,ndom,TD4
0,0,0,2017-05-16 16:42:48,R,R,td,dom,ndom,dom,TD4
120,65,70,2017-05-16 16:42:49,L,R,td,ndom,ndom,ndom,TD4
0,0,0,2017-05-16 16:42:49,R,R,td,dom,ndom,dom,TD4
0,0,0,2017-05-16 16:42:50,R,R,td,dom,ndom,dom,TD4
63,129,60,2017-05-16 16:42:50,L,R,td,ndom,ndom,ndom,TD4
47,87,61,2017-05-16 16:42:51,L,R,td,ndom,ndom,ndom,TD4
0,0,0,2017-05-16 16:42:51,R,R,td,dom,ndom,dom,TD4
46,83,52,2017-05-16 16:42:52,L,R,td,ndom,ndom,ndom,TD4
0,0,0,2017-05-16 16:42:52,R,R,td,dom,ndom,dom,TD4
62,95,40,2017-05-16 16:42:53,L,R,td,ndom,ndom,ndom,TD4
0,0,0,2017-05-16 16:42:53,R,R,td,dom,ndom,dom,TD4
0,0,0,2017-05-16 16:42:54,R,R,td,dom,ndom,dom,TD4
47,63,49,2017-05-16 16:42:54,L,R,td,ndom,ndom,ndom,TD4
0,0,0,2017-05-16 16:42:55,R,R,td,dom,ndom,dom,TD4
87,102,79,2017-05-16 16:42:55,L,R,td,ndom,ndom,ndom,TD4
0,0,0,2017-05-16 16:42:56,R,R,td,dom,ndom,dom,TD4
85,75,73,2017-05-16 16:42:56,L,R,td,ndom,ndom,ndom,TD4
0,0,0,2017-05-16 16:42:57,R,R,td,dom,ndom,dom,TD4
68,71,67,2017-05-16 16:42:57,L,R,td,ndom,ndom,ndom,TD4
0,0,0,2017-05-16 16:42:58,R,R,td,dom,ndom,dom,TD4
136,67,75,2017-05-16 16:42:58,L,R,td,ndom,ndom,ndom,TD4
0,0,0,2017-05-16 16:42:59,R,R,td,dom,ndom,dom,TD4
85,70,60,2017-05-16 16:42:59,L,R,td,ndom,ndom,ndom,TD4
91,73,88,2017-05-16 16:43:00,L,R,td,ndom,ndom,ndom,TD4
0,0,0,2017-05-16 16:43:00,R,R,td,dom,ndom,dom,TD4
72,77,76,2017-05-16 16:43:01,L,R,td,ndom,ndom,ndom,TD4
0,0,0,2017-05-16 16:43:01,R,R,td,dom,ndom,dom,TD4
71,82,51,2017-05-16 16:43:02,L,R,td,ndom,ndom,ndom,TD4
0,0,0,2017-05-16 16:43:02,R,R,td,dom,ndom,dom,TD4
125,91,52,2017-05-16 16:43:03,L,R,td,ndom,ndom,ndom,TD4
0,0,0,2017-05-16 16:43:03,R,R,td,dom,ndom,dom,TD4
94,77,44,2017-05-16 16:43:04,L,R,td,ndom,ndom,ndom,TD4
0,0,0,2017-05-16 16:43:04,R,R,td,dom,ndom,dom,TD4
91,86,40,2017-05-16 16:43:05,L,R,td,ndom,ndom,ndom,TD4
0,0,0,2017-05-16 16:43:05,R,R,td,dom,ndom,dom,TD4
76,92,62,2017-05-16 16:43:06,L,R,td,ndom,ndom,ndom,TD4
0,0,0,2017-05-16 16:43:06,R,R,td,dom,ndom,dom,TD4
105,78,76,2017-05-16 16:43:07,L,R,td,ndom,ndom,ndom,TD4
0,0,0,2017-05-16 16:43:07,R,R,td,dom,ndom,dom,TD4
109,42,60,2017-05-16 16:43:08,L,R,td,ndom,ndom,ndom,TD4
0,0,0,2017-05-16 16:43:08,R,R,td,dom,ndom,dom,TD4
91,82,49,2017-05-16 16:43:09,L,R,td,ndom,ndom,ndom,TD4
0,0,0,2017-05-16 16:43:09,R,R,td,dom,ndom,dom,TD4
89,140,83,2017-05-16 16:43:10,L,R,td,ndom,ndom,ndom,TD4
0,0,0,2017-05-16 16:43:10,R,R,td,dom,ndom,dom,TD4
71,90,60,2017-05-16 16:43:11,L,R,td,ndom,ndom,ndom,TD4
0,0,0,2017-05-16 16:43:11,R,R,td,dom,ndom,dom,TD4
107,82,80,2017-05-16 16:43:12,L,R,td,ndom,ndom,ndom,TD4
0,0,0,2017-05-16 16:43:12,R,R,td,dom,ndom,dom,TD4
0,0,0,2017-05-16 16:43:13,R,R,td,dom,ndom,dom,TD4
76,210,78,2017-05-16 16:43:13,L,R,td,ndom,ndom,ndom,TD4
0,0,0,2017-05-16 16:43:14,R,R,td,dom,ndom,dom,TD4
89,250,44,2017-05-16 16:43:14,L,R,td,ndom,ndom,ndom,TD4
98,131,73,2017-05-16 16:43:15,L,R,td,ndom,ndom,ndom,TD4
0,0,0,2017-05-16 16:43:15,R,R,td,dom,ndom,dom,TD4
78,139,73,2017-05-16 16:43:16,L,R,td,ndom,ndom,ndom,TD4
0,0,0,2017-05-16 16:43:16,R,R,td,dom,ndom,dom,TD4
86,116,22,2017-05-16 16:43:17,L,R,td,ndom,ndom,ndom,TD4
0,0,0,2017-05-16 16:43:17,R,R,td,dom,ndom,dom,TD4
49,95,41,2017-05-16 16:43:18,L,R,td,ndom,ndom,ndom,TD4
0,0,0,2017-05-16 16:43:18,R,R,td,dom,ndom,dom,TD4
0,0,0,2017-05-16 16:43:19,R,R,td,dom,ndom,dom,TD4
58,117,65,2017-05-16 16:43:19,L,R,td,ndom,ndom,ndom,TD4
60,24,24,2017-05-16 16:43:20,R,R,td,dom,ndom,dom,TD4
38,121,28,2017-05-16 16:43:20,L,R,td,ndom,ndom,ndom,TD4
61,5,54,2017-05-16 16:43:21,R,R,td,dom,ndom,dom,TD4
60,85,62,2017-05-16 16:43:21,L,R,td,ndom,ndom,ndom,TD4
55,78,48,2017-05-16 16:43:22,L,R,td,ndom,ndom,ndom,TD4
0,0,6,2017-05-16 16:43:22,R,R,td,dom,ndom,dom,TD4
58,106,40,2017-05-16 16:43:23,L,R,td,ndom,ndom,ndom,TD4
0,0,0,2017-05-16 16:43:23,R,R,td,dom,ndom,dom,TD4
68,71,54,2017-05-16 16:43:24,L,R,td,ndom,ndom,ndom,TD4
0,0,0,2017-05-16 16:43:24,R,R,td,dom,ndom,dom,TD4
55,121,50,2017-05-16 16:43:25,L,R,td,ndom,ndom,ndom,TD4
0,0,0,2017-05-16 16:43:25,R,R,td,dom,ndom,dom,TD4
82,62,33,2017-05-16 16:43:26,L,R,td,ndom,ndom,ndom,TD4
0,0,0,2017-05-16 16:43:26,R,R,td,dom,ndom,dom,TD4
0,0,0,2017-05-16 16:43:27,R,R,td,dom,ndom,dom,TD4
51,125,20,2017-05-16 16:43:27,L,R,td,ndom,ndom,ndom,TD4
78,124,56,2017-05-16 16:43:28,L,R,td,ndom,ndom,ndom,TD4
0,0,0,2017-05-16 16:43:28,R,R,td,dom,ndom,dom,TD4
0,0,0,2017-05-16 16:43:29,R,R,td,dom,ndom,dom,TD4
83,95,50,2017-05-16 16:43:29,L,R,td,ndom,ndom,ndom,TD4
0,0,0,2017-05-16 16:43:30,R,R,td,dom,ndom,dom,TD4
112,122,58,2017-05-16 16:43:30,L,R,td,ndom,ndom,ndom,TD4
0,0,0,2017-05-16 16:43:31,R,R,td,dom,ndom,dom,TD4
78,92,51,2017-05-16 16:43:31,L,R,td,ndom,ndom,ndom,TD4
0,0,0,2017-05-16 16:43:32,R,R,td,dom,ndom,dom,TD4
62,107,65,2017-05-16 16:43:32,L,R,td,ndom,ndom,ndom,TD4
107,117,42,2017-05-16 16:43:33,L,R,td,ndom,ndom,ndom,TD4
0,0,0,2017-05-16 16:43:33,R,R,td,dom,ndom,dom,TD4
0,0,0,2017-05-16 16:43:34,R,R,td,dom,ndom,dom,TD4
123,133,59,2017-05-16 16:43:34,L,R,td,ndom,ndom,ndom,TD4
0,0,0,2017-05-16 16:43:35,R,R,td,dom,ndom,dom,TD4
144,59,97,2017-05-16 16:43:35,L,R,td,ndom,ndom,ndom,TD4
4,0,0,2017-06-06 16:02:15,R,L,td,ndom,dom,ndom,TD5
131,104,215,2017-06-06 16:02:15,L,L,td,dom,dom,dom,TD5
220,116,56,2017-06-06 16:02:16,L,L,td,dom,dom,dom,TD5
0,25,1,2017-06-06 16:02:16,R,L,td,ndom,dom,ndom,TD5
68,137,95,2017-06-06 16:02:17,L,L,td,dom,dom,dom,TD5
0,5,2,2017-06-06 16:02:17,R,L,td,ndom,dom,ndom,TD5
133,85,96,2017-06-06 16:02:18,L,L,td,dom,dom,dom,TD5
0,0,0,2017-06-06 16:02:18,R,L,td,ndom,dom,ndom,TD5
146,56,61,2017-06-06 16:02:19,L,L,td,dom,dom,dom,TD5
0,0,0,2017-06-06 16:02:19,R,L,td,ndom,dom,ndom,TD5
108,73,37,2017-06-06 16:02:20,L,L,td,dom,dom,dom,TD5
0,0,0,2017-06-06 16:02:20,R,L,td,ndom,dom,ndom,TD5
0,0,0,2017-06-06 16:02:21,R,L,td,ndom,dom,ndom,TD5
48,63,32,2017-06-06 16:02:21,L,L,td,dom,dom,dom,TD5
8,44,30,2017-06-06 16:02:22,L,L,td,dom,dom,dom,TD5
0,5,0,2017-06-06 16:02:22,R,L,td,ndom,dom,ndom,TD5
142,71,57,2017-06-06 16:02:23,L,L,td,dom,dom,dom,TD5
0,1,0,2017-06-06 16:02:23,R,L,td,ndom,dom,ndom,TD5
81,28,40,2017-06-06 16:02:24,L,L,td,dom,dom,dom,TD5
0,0,0,2017-06-06 16:02:24,R,L,td,ndom,dom,ndom,TD5
109,214,86,2017-06-06 16:02:25,L,L,td,dom,dom,dom,TD5
0,6,0,2017-06-06 16:02:25,R,L,td,ndom,dom,ndom,TD5
106,221,85,2017-06-06 16:02:26,L,L,td,dom,dom,dom,TD5
0,27,0,2017-06-06 16:02:26,R,L,td,ndom,dom,ndom,TD5
108,102,86,2017-06-06 16:02:27,L,L,td,dom,dom,dom,TD5
0,0,0,2017-06-06 16:02:27,R,L,td,ndom,dom,ndom,TD5
91,97,53,2017-06-06 16:02:28,L,L,td,dom,dom,dom,TD5
0,3,0,2017-06-06 16:02:28,R,L,td,ndom,dom,ndom,TD5
0,5,0,2017-06-06 16:02:29,R,L,td,ndom,dom,ndom,TD5
65,97,80,2017-06-06 16:02:29,L,L,td,dom,dom,dom,TD5
40,58,36,2017-06-06 16:02:30,L,L,td,dom,dom,dom,TD5
0,20,0,2017-06-06 16:02:30,R,L,td,ndom,dom,ndom,TD5
0,30,19,2017-06-06 16:02:31,R,L,td,ndom,dom,ndom,TD5
169,148,163,2017-06-06 16:02:31,L,L,td,dom,dom,dom,TD5
142,128,117,2017-06-06 16:02:32,L,L,td,dom,dom,dom,TD5
0,3,5,2017-06-06 16:02:32,R,L,td,ndom,dom,ndom,TD5
0,14,13,2017-06-06 16:02:33,R,L,td,ndom,dom,ndom,TD5
85,29,82,2017-06-06 16:02:33,L,L,td,dom,dom,dom,TD5
118,113,88,2017-06-06 16:02:34,L,L,td,dom,dom,dom,TD5
0,0,0,2017-06-06 16:02:34,R,L,td,ndom,dom,ndom,TD5
0,0,0,2017-06-06 16:02:35,R,L,td,ndom,dom,ndom,TD5
119,110,90,2017-06-06 16:02:35,L,L,td,dom,dom,dom,TD5
91,94,64,2017-06-06 16:02:36,L,L,td,dom,dom,dom,TD5
0,6,0,2017-06-06 16:02:36,R,L,td,ndom,dom,ndom,TD5
87,72,70,2017-06-06 16:02:37,L,L,td,dom,dom,dom,TD5
0,0,0,2017-06-06 16:02:37,R,L,td,ndom,dom,ndom,TD5
71,56,32,2017-06-06 16:02:38,L,L,td,dom,dom,dom,TD5
0,0,0,2017-06-06 16:02:38,R,L,td,ndom,dom,ndom,TD5
164,167,68,2017-06-06 16:02:39,L,L,td,dom,dom,dom,TD5
0,0,0,2017-06-06 16:02:39,R,L,td,ndom,dom,ndom,TD5
0,0,0,2017-06-06 16:02:40,R,L,td,ndom,dom,ndom,TD5
50,89,47,2017-06-06 16:02:40,L,L,td,dom,dom,dom,TD5
97,86,51,2017-06-06 16:02:41,L,L,td,dom,dom,dom,TD5
0,0,0,2017-06-06 16:02:41,R,L,td,ndom,dom,ndom,TD5
0,0,0,2017-06-06 16:02:42,R,L,td,ndom,dom,ndom,TD5
148,45,34,2017-06-06 16:02:42,L,L,td,dom,dom,dom,TD5
0,0,0,2017-06-06 16:02:43,R,L,td,ndom,dom,ndom,TD5
74,69,4,2017-06-06 16:02:43,L,L,td,dom,dom,dom,TD5
143,93,51,2017-06-06 16:02:44,L,L,td,dom,dom,dom,TD5
0,7,3,2017-06-06 16:02:44,R,L,td,ndom,dom,ndom,TD5
0,0,0,2017-06-06 16:02:45,R,L,td,ndom,dom,ndom,TD5
106,87,13,2017-06-06 16:02:45,L,L,td,dom,dom,dom,TD5
131,132,59,2017-06-06 16:02:46,L,L,td,dom,dom,dom,TD5
0,5,0,2017-06-06 16:02:46,R,L,td,ndom,dom,ndom,TD5
0,0,0,2017-06-06 16:02:47,R,L,td,ndom,dom,ndom,TD5
67,56,40,2017-06-06 16:02:47,L,L,td,dom,dom,dom,TD5
0,0,0,2017-06-06 16:02:48,R,L,td,ndom,dom,ndom,TD5
104,62,69,2017-06-06 16:02:48,L,L,td,dom,dom,dom,TD5
87,45,51,2017-06-06 16:02:49,L,L,td,dom,dom,dom,TD5
0,0,0,2017-06-06 16:02:49,R,L,td,ndom,dom,ndom,TD5
0,1,0,2017-06-06 16:02:50,R,L,td,ndom,dom,ndom,TD5
123,70,42,2017-06-06 16:02:50,L,L,td,dom,dom,dom,TD5
0,0,0,2017-06-06 16:02:51,R,L,td,ndom,dom,ndom,TD5
89,104,52,2017-06-06 16:02:51,L,L,td,dom,dom,dom,TD5
0,0,0,2017-06-06 16:02:52,R,L,td,ndom,dom,ndom,TD5
144,90,86,2017-06-06 16:02:52,L,L,td,dom,dom,dom,TD5
0,0,0,2017-06-06 16:02:53,R,L,td,ndom,dom,ndom,TD5
98,27,69,2017-06-06 16:02:53,L,L,td,dom,dom,dom,TD5
0,0,0,2017-06-06 16:02:54,R,L,td,ndom,dom,ndom,TD5
143,89,59,2017-06-06 16:02:54,L,L,td,dom,dom,dom,TD5
0,0,0,2017-06-06 16:02:55,R,L,td,ndom,dom,ndom,TD5
14,97,6,2017-06-06 16:02:55,L,L,td,dom,dom,dom,TD5
0,0,0,2017-06-06 16:02:56,R,L,td,ndom,dom,ndom,TD5
163,110,44,2017-06-06 16:02:56,L,L,td,dom,dom,dom,TD5
0,4,9,2017-06-06 16:02:57,R,L,td,ndom,dom,ndom,TD5
149,72,49,2017-06-06 16:02:57,L,L,td,dom,dom,dom,TD5
0,0,0,2017-06-06 16:02:58,R,L,td,ndom,dom,ndom,TD5
102,144,27,2017-06-06 16:02:58,L,L,td,dom,dom,dom,TD5
0,0,0,2017-06-06 16:02:59,R,L,td,ndom,dom,ndom,TD5
123,119,50,2017-06-06 16:02:59,L,L,td,dom,dom,dom,TD5
89,73,11,2017-06-06 16:03:00,L,L,td,dom,dom,dom,TD5
0,0,0,2017-06-06 16:03:00,R,L,td,ndom,dom,ndom,TD5
78,91,48,2017-06-06 16:03:01,L,L,td,dom,dom,dom,TD5
0,0,0,2017-06-06 16:03:01,R,L,td,ndom,dom,ndom,TD5
118,100,94,2017-06-06 16:03:02,L,L,td,dom,dom,dom,TD5
0,0,0,2017-06-06 16:03:02,R,L,td,ndom,dom,ndom,TD5
92,65,81,2017-06-06 16:03:03,L,L,td,dom,dom,dom,TD5
0,0,0,2017-06-06 16:03:03,R,L,td,ndom,dom,ndom,TD5
0,0,0,2017-06-06 16:03:04,R,L,td,ndom,dom,ndom,TD5
89,82,28,2017-06-06 16:03:04,L,L,td,dom,dom,dom,TD5
0,13,14,2017-06-06 16:03:05,R,L,td,ndom,dom,ndom,TD5
77,94,80,2017-06-06 16:03:05,L,L,td,dom,dom,dom,TD5
0,0,0,2017-06-06 16:03:06,R,L,td,ndom,dom,ndom,TD5
112,107,40,2017-06-06 16:03:06,L,L,td,dom,dom,dom,TD5
119,71,44,2017-06-06 16:03:07,L,L,td,dom,dom,dom,TD5
0,0,6,2017-06-06 16:03:07,R,L,td,ndom,dom,ndom,TD5
100,91,48,2017-06-06 16:03:08,L,L,td,dom,dom,dom,TD5
0,0,0,2017-06-06 16:03:08,R,L,td,ndom,dom,ndom,TD5
0,0,0,2017-06-06 16:03:09,R,L,td,ndom,dom,ndom,TD5
31,61,5,2017-06-06 16:03:09,L,L,td,dom,dom,dom,TD5
134,62,60,2017-06-06 16:03:10,L,L,td,dom,dom,dom,TD5
0,0,0,2017-06-06 16:03:10,R,L,td,ndom,dom,ndom,TD5
98,52,38,2017-06-06 16:03:11,L,L,td,dom,dom,dom,TD5
0,0,0,2017-06-06 16:03:11,R,L,td,ndom,dom,ndom,TD5
105,56,62,2017-06-06 16:03:12,L,L,td,dom,dom,dom,TD5
0,0,7,2017-06-06 16:03:12,R,L,td,ndom,dom,ndom,TD5
121,56,30,2017-06-06 16:03:13,L,L,td,dom,dom,dom,TD5
0,0,4,2017-06-06 16:03:13,R,L,td,ndom,dom,ndom,TD5
0,0,0,2017-06-06 16:03:14,R,L,td,ndom,dom,ndom,TD5
25,105,13,2017-06-06 16:03:14,L,L,td,dom,dom,dom,TD5
0,0,0,2017-06-06 16:03:15,R,L,td,ndom,dom,ndom,TD5
37,67,8,2017-06-06 16:03:15,L,L,td,dom,dom,dom,TD5
0,0,0,2017-06-06 16:05:20,L,L,td,dom,ndom,dom,TD5
58,88,56,2017-06-06 16:05:20,R,L,td,ndom,ndom,ndom,TD5
82,67,54,2017-06-06 16:05:21,R,L,td,ndom,ndom,ndom,TD5
0,0,0,2017-06-06 16:05:21,L,L,td,dom,ndom,dom,TD5
32,19,4,2017-06-06 16:05:22,L,L,td,dom,ndom,dom,TD5
117,69,114,2017-06-06 16:05:22,R,L,td,ndom,ndom,ndom,TD5
54,48,27,2017-06-06 16:05:23,L,L,td,dom,ndom,dom,TD5
166,121,114,2017-06-06 16:05:23,R,L,td,ndom,ndom,ndom,TD5
107,90,67,2017-06-06 16:05:24,R,L,td,ndom,ndom,ndom,TD5
37,1,5,2017-06-06 16:05:24,L,L,td,dom,ndom,dom,TD5
6,51,29,2017-06-06 16:05:25,R,L,td,ndom,ndom,ndom,TD5
15,5,5,2017-06-06 16:05:25,L,L,td,dom,ndom,dom,TD5
0,0,0,2017-06-06 16:05:26,L,L,td,dom,ndom,dom,TD5
61,104,19,2017-06-06 16:05:26,R,L,td,ndom,ndom,ndom,TD5
58,176,53,2017-06-06 16:05:27,R,L,td,ndom,ndom,ndom,TD5
0,0,0,2017-06-06 16:05:27,L,L,td,dom,ndom,dom,TD5
1,0,0,2017-06-06 16:05:28,L,L,td,dom,ndom,dom,TD5
99,150,90,2017-06-06 16:05:28,R,L,td,ndom,ndom,ndom,TD5
19,0,8,2017-06-06 16:05:29,L,L,td,dom,ndom,dom,TD5
75,114,50,2017-06-06 16:05:29,R,L,td,ndom,ndom,ndom,TD5
43,59,27,2017-06-06 16:05:30,L,L,td,dom,ndom,dom,TD5
96,71,56,2017-06-06 16:05:30,R,L,td,ndom,ndom,ndom,TD5
0,20,22,2017-06-06 16:05:31,L,L,td,dom,ndom,dom,TD5
54,118,52,2017-06-06 16:05:31,R,L,td,ndom,ndom,ndom,TD5
0,13,8,2017-06-06 16:05:32,L,L,td,dom,ndom,dom,TD5
88,99,50,2017-06-06 16:05:32,R,L,td,ndom,ndom,ndom,TD5
89,86,68,2017-06-06 16:05:33,R,L,td,ndom,ndom,ndom,TD5
0,0,2,2017-06-06 16:05:33,L,L,td,dom,ndom,dom,TD5
95,203,52,2017-06-06 16:05:34,R,L,td,ndom,ndom,ndom,TD5
0,0,0,2017-06-06 16:05:34,L,L,td,dom,ndom,dom,TD5
110,63,50,2017-06-06 16:05:35,R,L,td,ndom,ndom,ndom,TD5
0,0,0,2017-06-06 16:05:35,L,L,td,dom,ndom,dom,TD5
106,138,69,2017-06-06 16:05:36,R,L,td,ndom,ndom,ndom,TD5
0,0,0,2017-06-06 16:05:36,L,L,td,dom,ndom,dom,TD5
0,0,0,2017-06-06 16:05:37,L,L,td,dom,ndom,dom,TD5
80,97,52,2017-06-06 16:05:37,R,L,td,ndom,ndom,ndom,TD5
79,129,58,2017-06-06 16:05:38,R,L,td,ndom,ndom,ndom,TD5
0,0,0,2017-06-06 16:05:38,L,L,td,dom,ndom,dom,TD5
69,62,21,2017-06-06 16:05:39,R,L,td,ndom,ndom,ndom,TD5
0,0,0,2017-06-06 16:05:39,L,L,td,dom,ndom,dom,TD5
117,77,109,2017-06-06 16:05:40,R,L,td,ndom,ndom,ndom,TD5
0,0,0,2017-06-06 16:05:40,L,L,td,dom,ndom,dom,TD5
104,121,38,2017-06-06 16:05:41,R,L,td,ndom,ndom,ndom,TD5
0,0,0,2017-06-06 16:05:41,L,L,td,dom,ndom,dom,TD5
53,72,57,2017-06-06 16:05:42,R,L,td,ndom,ndom,ndom,TD5
0,0,0,2017-06-06 16:05:42,L,L,td,dom,ndom,dom,TD5
0,0,0,2017-06-06 16:05:43,L,L,td,dom,ndom,dom,TD5
106,223,63,2017-06-06 16:05:43,R,L,td,ndom,ndom,ndom,TD5
0,0,0,2017-06-06 16:05:44,L,L,td,dom,ndom,dom,TD5
175,70,114,2017-06-06 16:05:44,R,L,td,ndom,ndom,ndom,TD5
0,0,0,2017-06-06 16:05:45,L,L,td,dom,ndom,dom,TD5
136,86,102,2017-06-06 16:05:45,R,L,td,ndom,ndom,ndom,TD5
0,0,0,2017-06-06 16:05:46,L,L,td,dom,ndom,dom,TD5
99,57,100,2017-06-06 16:05:46,R,L,td,ndom,ndom,ndom,TD5
0,0,0,2017-06-06 16:05:47,L,L,td,dom,ndom,dom,TD5
113,150,73,2017-06-06 16:05:47,R,L,td,ndom,ndom,ndom,TD5
0,0,0,2017-06-06 16:05:48,L,L,td,dom,ndom,dom,TD5
142,167,90,2017-06-06 16:05:48,R,L,td,ndom,ndom,ndom,TD5
106,115,97,2017-06-06 16:05:49,R,L,td,ndom,ndom,ndom,TD5
0,0,0,2017-06-06 16:05:49,L,L,td,dom,ndom,dom,TD5
0,0,0,2017-06-06 16:05:50,L,L,td,dom,ndom,dom,TD5
62,95,54,2017-06-06 16:05:50,R,L,td,ndom,ndom,ndom,TD5
0,0,0,2017-06-06 16:05:51,L,L,td,dom,ndom,dom,TD5
157,95,148,2017-06-06 16:05:51,R,L,td,ndom,ndom,ndom,TD5
0,0,0,2017-06-06 16:05:52,L,L,td,dom,ndom,dom,TD5
62,189,42,2017-06-06 16:05:52,R,L,td,ndom,ndom,ndom,TD5
127,105,51,2017-06-06 16:05:53,R,L,td,ndom,ndom,ndom,TD5
0,0,0,2017-06-06 16:05:53,L,L,td,dom,ndom,dom,TD5
53,100,48,2017-06-06 16:05:54,R,L,td,ndom,ndom,ndom,TD5
0,0,0,2017-06-06 16:05:54,L,L,td,dom,ndom,dom,TD5
80,57,54,2017-06-06 16:05:55,R,L,td,ndom,ndom,ndom,TD5
0,0,0,2017-06-06 16:05:55,L,L,td,dom,ndom,dom,TD5
83,47,76,2017-06-06 16:05:56,R,L,td,ndom,ndom,ndom,TD5
0,0,0,2017-06-06 16:05:56,L,L,td,dom,ndom,dom,TD5
122,64,75,2017-06-06 16:05:57,R,L,td,ndom,ndom,ndom,TD5
0,0,0,2017-06-06 16:05:57,L,L,td,dom,ndom,dom,TD5
147,67,66,2017-06-06 16:05:58,R,L,td,ndom,ndom,ndom,TD5
0,0,0,2017-06-06 16:05:58,L,L,td,dom,ndom,dom,TD5
0,0,0,2017-06-06 16:05:59,L,L,td,dom,ndom,dom,TD5
159,81,128,2017-06-06 16:05:59,R,L,td,ndom,ndom,ndom,TD5
189,81,144,2017-06-06 16:06:00,R,L,td,ndom,ndom,ndom,TD5
0,0,0,2017-06-06 16:06:00,L,L,td,dom,ndom,dom,TD5
119,118,126,2017-06-06 16:06:01,R,L,td,ndom,ndom,ndom,TD5
0,0,0,2017-06-06 16:06:01,L,L,td,dom,ndom,dom,TD5
123,69,134,2017-06-06 16:06:02,R,L,td,ndom,ndom,ndom,TD5
0,0,0,2017-06-06 16:06:02,L,L,td,dom,ndom,dom,TD5
0,0,0,2017-06-06 16:06:03,L,L,td,dom,ndom,dom,TD5
103,81,97,2017-06-06 16:06:03,R,L,td,ndom,ndom,ndom,TD5
108,115,99,2017-06-06 16:06:04,R,L,td,ndom,ndom,ndom,TD5
0,0,0,2017-06-06 16:06:04,L,L,td,dom,ndom,dom,TD5
81,91,86,2017-06-06 16:06:05,R,L,td,ndom,ndom,ndom,TD5
0,0,0,2017-06-06 16:06:05,L,L,td,dom,ndom,dom,TD5
0,0,0,2017-06-06 16:06:06,L,L,td,dom,ndom,dom,TD5
107,57,51,2017-06-06 16:06:06,R,L,td,ndom,ndom,ndom,TD5
0,0,0,2017-06-06 16:06:07,L,L,td,dom,ndom,dom,TD5
86,79,111,2017-06-06 16:06:07,R,L,td,ndom,ndom,ndom,TD5
0,0,0,2017-06-06 16:06:08,L,L,td,dom,ndom,dom,TD5
123,145,21,2017-06-06 16:06:08,R,L,td,ndom,ndom,ndom,TD5
0,0,0,2017-06-06 16:06:09,L,L,td,dom,ndom,dom,TD5
136,161,61,2017-06-06 16:06:09,R,L,td,ndom,ndom,ndom,TD5
0,0,2,2017-06-06 16:06:10,L,L,td,dom,ndom,dom,TD5
65,53,57,2017-06-06 16:06:10,R,L,td,ndom,ndom,ndom,TD5
0,0,0,2017-06-06 16:06:11,L,L,td,dom,ndom,dom,TD5
98,48,45,2017-06-06 16:06:11,R,L,td,ndom,ndom,ndom,TD5
135,105,109,2017-06-06 16:06:12,R,L,td,ndom,ndom,ndom,TD5
0,11,0,2017-06-06 16:06:12,L,L,td,dom,ndom,dom,TD5
0,0,0,2017-06-06 16:06:13,L,L,td,dom,ndom,dom,TD5
158,73,96,2017-06-06 16:06:13,R,L,td,ndom,ndom,ndom,TD5
136,80,68,2017-06-06 16:06:14,R,L,td,ndom,ndom,ndom,TD5
0,0,0,2017-06-06 16:06:14,L,L,td,dom,ndom,dom,TD5
162,123,106,2017-06-06 16:06:15,R,L,td,ndom,ndom,ndom,TD5
0,0,0,2017-06-06 16:06:15,L,L,td,dom,ndom,dom,TD5
0,0,0,2017-06-06 16:06:16,L,L,td,dom,ndom,dom,TD5
119,127,142,2017-06-06 16:06:16,R,L,td,ndom,ndom,ndom,TD5
0,0,0,2017-06-06 16:06:17,L,L,td,dom,ndom,dom,TD5
160,106,147,2017-06-06 16:06:17,R,L,td,ndom,ndom,ndom,TD5
0,0,0,2017-06-06 16:06:18,L,L,td,dom,ndom,dom,TD5
172,142,122,2017-06-06 16:06:18,R,L,td,ndom,ndom,ndom,TD5
0,0,0,2017-06-06 16:06:19,L,L,td,dom,ndom,dom,TD5
126,76,51,2017-06-06 16:06:19,R,L,td,ndom,ndom,ndom,TD5
0,0,0,2017-06-06 16:06:20,L,L,td,dom,ndom,dom,TD5
29,0,7,2017-06-06 16:06:20,R,L,td,ndom,ndom,ndom,TD5
0,0,0,2017-06-06 16:09:20,L,R,td,ndom,dom,ndom,TD6
105,91,121,2017-06-06 16:09:20,R,R,td,dom,dom,dom,TD6
106,94,150,2017-06-06 16:09:21,R,R,td,dom,dom,dom,TD6
0,0,0,2017-06-06 16:09:21,L,R,td,ndom,dom,ndom,TD6
0,0,0,2017-06-06 16:09:22,L,R,td,ndom,dom,ndom,TD6
107,96,54,2017-06-06 16:09:22,R,R,td,dom,dom,dom,TD6
0,0,0,2017-06-06 16:09:23,L,R,td,ndom,dom,ndom,TD6
115,74,105,2017-06-06 16:09:23,R,R,td,dom,dom,dom,TD6
0,0,0,2017-06-06 16:09:24,L,R,td,ndom,dom,ndom,TD6
80,83,87,2017-06-06 16:09:24,R,R,td,dom,dom,dom,TD6
0,0,0,2017-06-06 16:09:25,L,R,td,ndom,dom,ndom,TD6
133,96,90,2017-06-06 16:09:25,R,R,td,dom,dom,dom,TD6
0,0,0,2017-06-06 16:09:26,L,R,td,ndom,dom,ndom,TD6
108,58,91,2017-06-06 16:09:26,R,R,td,dom,dom,dom,TD6
63,57,97,2017-06-06 16:09:27,R,R,td,dom,dom,dom,TD6
0,0,0,2017-06-06 16:09:27,L,R,td,ndom,dom,ndom,TD6
0,0,0,2017-06-06 16:09:28,L,R,td,ndom,dom,ndom,TD6
40,72,77,2017-06-06 16:09:28,R,R,td,dom,dom,dom,TD6
0,0,0,2017-06-06 16:09:29,L,R,td,ndom,dom,ndom,TD6
111,55,130,2017-06-06 16:09:29,R,R,td,dom,dom,dom,TD6
0,0,0,2017-06-06 16:09:30,L,R,td,ndom,dom,ndom,TD6
95,33,63,2017-06-06 16:09:30,R,R,td,dom,dom,dom,TD6
0,0,0,2017-06-06 16:09:31,L,R,td,ndom,dom,ndom,TD6
184,52,71,2017-06-06 16:09:31,R,R,td,dom,dom,dom,TD6
97,86,80,2017-06-06 16:09:32,R,R,td,dom,dom,dom,TD6
0,0,0,2017-06-06 16:09:32,L,R,td,ndom,dom,ndom,TD6
173,126,92,2017-06-06 16:09:33,R,R,td,dom,dom,dom,TD6
0,0,0,2017-06-06 16:09:33,L,R,td,ndom,dom,ndom,TD6
135,111,94,2017-06-06 16:09:34,R,R,td,dom,dom,dom,TD6
0,0,0,2017-06-06 16:09:34,L,R,td,ndom,dom,ndom,TD6
68,194,82,2017-06-06 16:09:35,R,R,td,dom,dom,dom,TD6
0,0,0,2017-06-06 16:09:35,L,R,td,ndom,dom,ndom,TD6
0,0,0,2017-06-06 16:09:36,L,R,td,ndom,dom,ndom,TD6
102,66,57,2017-06-06 16:09:36,R,R,td,dom,dom,dom,TD6
139,145,47,2017-06-06 16:09:37,R,R,td,dom,dom,dom,TD6
0,0,0,2017-06-06 16:09:37,L,R,td,ndom,dom,ndom,TD6
0,0,0,2017-06-06 16:09:38,L,R,td,ndom,dom,ndom,TD6
87,100,96,2017-06-06 16:09:38,R,R,td,dom,dom,dom,TD6
0,0,0,2017-06-06 16:09:39,L,R,td,ndom,dom,ndom,TD6
106,46,112,2017-06-06 16:09:39,R,R,td,dom,dom,dom,TD6
0,0,0,2017-06-06 16:09:40,L,R,td,ndom,dom,ndom,TD6
53,113,120,2017-06-06 16:09:40,R,R,td,dom,dom,dom,TD6
0,0,0,2017-06-06 16:09:41,L,R,td,ndom,dom,ndom,TD6
94,67,144,2017-06-06 16:09:41,R,R,td,dom,dom,dom,TD6
131,90,149,2017-06-06 16:09:42,R,R,td,dom,dom,dom,TD6
0,0,0,2017-06-06 16:09:42,L,R,td,ndom,dom,ndom,TD6
0,0,0,2017-06-06 16:09:43,L,R,td,ndom,dom,ndom,TD6
135,79,113,2017-06-06 16:09:43,R,R,td,dom,dom,dom,TD6
111,87,85,2017-06-06 16:09:44,R,R,td,dom,dom,dom,TD6
0,0,0,2017-06-06 16:09:44,L,R,td,ndom,dom,ndom,TD6
75,128,90,2017-06-06 16:09:45,R,R,td,dom,dom,dom,TD6
0,0,0,2017-06-06 16:09:45,L,R,td,ndom,dom,ndom,TD6
0,0,0,2017-06-06 16:09:46,L,R,td,ndom,dom,ndom,TD6
108,150,98,2017-06-06 16:09:46,R,R,td,dom,dom,dom,TD6
120,174,72,2017-06-06 16:09:47,R,R,td,dom,dom,dom,TD6
0,0,0,2017-06-06 16:09:47,L,R,td,ndom,dom,ndom,TD6
117,55,95,2017-06-06 16:09:48,R,R,td,dom,dom,dom,TD6
0,0,0,2017-06-06 16:09:48,L,R,td,ndom,dom,ndom,TD6
66,56,83,2017-06-06 16:09:49,R,R,td,dom,dom,dom,TD6
0,0,0,2017-06-06 16:09:49,L,R,td,ndom,dom,ndom,TD6
89,126,122,2017-06-06 16:09:50,R,R,td,dom,dom,dom,TD6
0,0,0,2017-06-06 16:09:50,L,R,td,ndom,dom,ndom,TD6
0,0,0,2017-06-06 16:09:51,L,R,td,ndom,dom,ndom,TD6
107,169,90,2017-06-06 16:09:51,R,R,td,dom,dom,dom,TD6
0,0,0,2017-06-06 16:09:52,L,R,td,ndom,dom,ndom,TD6
69,105,115,2017-06-06 16:09:52,R,R,td,dom,dom,dom,TD6
0,0,0,2017-06-06 16:09:53,L,R,td,ndom,dom,ndom,TD6
95,146,130,2017-06-06 16:09:53,R,R,td,dom,dom,dom,TD6
111,34,96,2017-06-06 16:09:54,R,R,td,dom,dom,dom,TD6
0,0,0,2017-06-06 16:09:54,L,R,td,ndom,dom,ndom,TD6
0,0,0,2017-06-06 16:09:55,L,R,td,ndom,dom,ndom,TD6
147,102,80,2017-06-06 16:09:55,R,R,td,dom,dom,dom,TD6
0,0,0,2017-06-06 16:09:56,L,R,td,ndom,dom,ndom,TD6
79,57,78,2017-06-06 16:09:56,R,R,td,dom,dom,dom,TD6
0,0,0,2017-06-06 16:09:57,L,R,td,ndom,dom,ndom,TD6
73,55,133,2017-06-06 16:09:57,R,R,td,dom,dom,dom,TD6
0,0,0,2017-06-06 16:09:58,L,R,td,ndom,dom,ndom,TD6
115,140,149,2017-06-06 16:09:58,R,R,td,dom,dom,dom,TD6
0,0,0,2017-06-06 16:09:59,L,R,td,ndom,dom,ndom,TD6
183,88,52,2017-06-06 16:09:59,R,R,td,dom,dom,dom,TD6
0,0,0,2017-06-06 16:10:00,L,R,td,ndom,dom,ndom,TD6
133,70,66,2017-06-06 16:10:00,R,R,td,dom,dom,dom,TD6
0,0,0,2017-06-06 16:10:01,L,R,td,ndom,dom,ndom,TD6
61,95,116,2017-06-06 16:10:01,R,R,td,dom,dom,dom,TD6
0,0,0,2017-06-06 16:10:02,L,R,td,ndom,dom,ndom,TD6
53,122,116,2017-06-06 16:10:02,R,R,td,dom,dom,dom,TD6
0,0,0,2017-06-06 16:10:03,L,R,td,ndom,dom,ndom,TD6
27,73,67,2017-06-06 16:10:03,R,R,td,dom,dom,dom,TD6
0,0,0,2017-06-06 16:10:04,L,R,td,ndom,dom,ndom,TD6
54,63,137,2017-06-06 16:10:04,R,R,td,dom,dom,dom,TD6
0,0,0,2017-06-06 16:10:05,L,R,td,ndom,dom,ndom,TD6
23,81,179,2017-06-06 16:10:05,R,R,td,dom,dom,dom,TD6
86,107,163,2017-06-06 16:10:06,R,R,td,dom,dom,dom,TD6
0,0,0,2017-06-06 16:10:06,L,R,td,ndom,dom,ndom,TD6
95,69,118,2017-06-06 16:10:07,R,R,td,dom,dom,dom,TD6
0,0,0,2017-06-06 16:10:07,L,R,td,ndom,dom,ndom,TD6
0,0,0,2017-06-06 16:10:08,L,R,td,ndom,dom,ndom,TD6
78,75,92,2017-06-06 16:10:08,R,R,td,dom,dom,dom,TD6
67,88,70,2017-06-06 16:10:09,R,R,td,dom,dom,dom,TD6
0,0,0,2017-06-06 16:10:09,L,R,td,ndom,dom,ndom,TD6
0,0,0,2017-06-06 16:10:10,L,R,td,ndom,dom,ndom,TD6
55,127,186,2017-06-06 16:10:10,R,R,td,dom,dom,dom,TD6
0,0,0,2017-06-06 16:10:11,L,R,td,ndom,dom,ndom,TD6
88,114,118,2017-06-06 16:10:11,R,R,td,dom,dom,dom,TD6
0,0,0,2017-06-06 16:10:12,L,R,td,ndom,dom,ndom,TD6
71,53,114,2017-06-06 16:10:12,R,R,td,dom,dom,dom,TD6
0,0,0,2017-06-06 16:10:13,L,R,td,ndom,dom,ndom,TD6
106,52,103,2017-06-06 16:10:13,R,R,td,dom,dom,dom,TD6
0,0,0,2017-06-06 16:10:14,L,R,td,ndom,dom,ndom,TD6
80,51,74,2017-06-06 16:10:14,R,R,td,dom,dom,dom,TD6
106,59,151,2017-06-06 16:10:15,R,R,td,dom,dom,dom,TD6
0,0,0,2017-06-06 16:10:15,L,R,td,ndom,dom,ndom,TD6
77,98,145,2017-06-06 16:10:16,R,R,td,dom,dom,dom,TD6
0,0,0,2017-06-06 16:10:16,L,R,td,ndom,dom,ndom,TD6
104,72,72,2017-06-06 16:10:17,R,R,td,dom,dom,dom,TD6
0,0,0,2017-06-06 16:10:17,L,R,td,ndom,dom,ndom,TD6
55,182,140,2017-06-06 16:10:18,R,R,td,dom,dom,dom,TD6
0,0,0,2017-06-06 16:10:18,L,R,td,ndom,dom,ndom,TD6
103,163,98,2017-06-06 16:10:19,R,R,td,dom,dom,dom,TD6
7,0,45,2017-06-06 16:10:19,L,R,td,ndom,dom,ndom,TD6
0,1,54,2017-06-06 16:10:20,L,R,td,ndom,dom,ndom,TD6
87,42,20,2017-06-06 16:10:20,R,R,td,dom,dom,dom,TD6
118,100,50,2017-06-06 16:12:05,L,R,td,ndom,ndom,ndom,TD6
0,0,0,2017-06-06 16:12:05,R,R,td,dom,ndom,dom,TD6
56,97,40,2017-06-06 16:12:06,L,R,td,ndom,ndom,ndom,TD6
0,0,0,2017-06-06 16:12:06,R,R,td,dom,ndom,dom,TD6
88,42,112,2017-06-06 16:12:07,L,R,td,ndom,ndom,ndom,TD6
0,0,0,2017-06-06 16:12:07,R,R,td,dom,ndom,dom,TD6
118,110,70,2017-06-06 16:12:08,L,R,td,ndom,ndom,ndom,TD6
0,0,6,2017-06-06 16:12:08,R,R,td,dom,ndom,dom,TD6
71,124,73,2017-06-06 16:12:09,L,R,td,ndom,ndom,ndom,TD6
0,0,2,2017-06-06 16:12:09,R,R,td,dom,ndom,dom,TD6
0,0,0,2017-06-06 16:12:10,R,R,td,dom,ndom,dom,TD6
68,84,29,2017-06-06 16:12:10,L,R,td,ndom,ndom,ndom,TD6
149,33,40,2017-06-06 16:12:11,L,R,td,ndom,ndom,ndom,TD6
0,0,0,2017-06-06 16:12:11,R,R,td,dom,ndom,dom,TD6
0,0,0,2017-06-06 16:12:12,R,R,td,dom,ndom,dom,TD6
43,74,25,2017-06-06 16:12:12,L,R,td,ndom,ndom,ndom,TD6
78,71,25,2017-06-06 16:12:13,L,R,td,ndom,ndom,ndom,TD6
0,0,0,2017-06-06 16:12:13,R,R,td,dom,ndom,dom,TD6
0,0,0,2017-06-06 16:12:14,R,R,td,dom,ndom,dom,TD6
101,71,18,2017-06-06 16:12:14,L,R,td,ndom,ndom,ndom,TD6
0,0,0,2017-06-06 16:12:15,R,R,td,dom,ndom,dom,TD6
96,89,47,2017-06-06 16:12:15,L,R,td,ndom,ndom,ndom,TD6
118,42,78,2017-06-06 16:12:16,L,R,td,ndom,ndom,ndom,TD6
0,0,0,2017-06-06 16:12:16,R,R,td,dom,ndom,dom,TD6
0,0,0,2017-06-06 16:12:17,R,R,td,dom,ndom,dom,TD6
130,56,105,2017-06-06 16:12:17,L,R,td,ndom,ndom,ndom,TD6
0,0,0,2017-06-06 16:12:18,R,R,td,dom,ndom,dom,TD6
121,58,85,2017-06-06 16:12:18,L,R,td,ndom,ndom,ndom,TD6
0,0,0,2017-06-06 16:12:19,R,R,td,dom,ndom,dom,TD6
82,44,54,2017-06-06 16:12:19,L,R,td,ndom,ndom,ndom,TD6
0,0,2,2017-06-06 16:12:20,R,R,td,dom,ndom,dom,TD6
109,70,59,2017-06-06 16:12:20,L,R,td,ndom,ndom,ndom,TD6
0,0,0,2017-06-06 16:12:21,R,R,td,dom,ndom,dom,TD6
88,84,65,2017-06-06 16:12:21,L,R,td,ndom,ndom,ndom,TD6
0,0,0,2017-06-06 16:12:22,R,R,td,dom,ndom,dom,TD6
138,52,34,2017-06-06 16:12:22,L,R,td,ndom,ndom,ndom,TD6
0,0,0,2017-06-06 16:12:23,R,R,td,dom,ndom,dom,TD6
82,54,73,2017-06-06 16:12:23,L,R,td,ndom,ndom,ndom,TD6
0,0,0,2017-06-06 16:12:24,R,R,td,dom,ndom,dom,TD6
45,85,34,2017-06-06 16:12:24,L,R,td,ndom,ndom,ndom,TD6
0,0,0,2017-06-06 16:12:25,R,R,td,dom,ndom,dom,TD6
114,71,68,2017-06-06 16:12:25,L,R,td,ndom,ndom,ndom,TD6
0,0,0,2017-06-06 16:12:26,R,R,td,dom,ndom,dom,TD6
95,87,57,2017-06-06 16:12:26,L,R,td,ndom,ndom,ndom,TD6
0,0,0,2017-06-06 16:12:27,R,R,td,dom,ndom,dom,TD6
91,103,19,2017-06-06 16:12:27,L,R,td,ndom,ndom,ndom,TD6
103,67,49,2017-06-06 16:12:28,L,R,td,ndom,ndom,ndom,TD6
0,0,0,2017-06-06 16:12:28,R,R,td,dom,ndom,dom,TD6
171,46,45,2017-06-06 16:12:29,L,R,td,ndom,ndom,ndom,TD6
0,0,0,2017-06-06 16:12:29,R,R,td,dom,ndom,dom,TD6
152,59,43,2017-06-06 16:12:30,L,R,td,ndom,ndom,ndom,TD6
0,0,0,2017-06-06 16:12:30,R,R,td,dom,ndom,dom,TD6
93,29,41,2017-06-06 16:12:31,L,R,td,ndom,ndom,ndom,TD6
0,0,0,2017-06-06 16:12:31,R,R,td,dom,ndom,dom,TD6
111,39,45,2017-06-06 16:12:32,L,R,td,ndom,ndom,ndom,TD6
0,0,0,2017-06-06 16:12:32,R,R,td,dom,ndom,dom,TD6
0,0,0,2017-06-06 16:12:33,R,R,td,dom,ndom,dom,TD6
138,46,33,2017-06-06 16:12:33,L,R,td,ndom,ndom,ndom,TD6
85,56,51,2017-06-06 16:12:34,L,R,td,ndom,ndom,ndom,TD6
0,0,0,2017-06-06 16:12:34,R,R,td,dom,ndom,dom,TD6
0,0,0,2017-06-06 16:12:35,R,R,td,dom,ndom,dom,TD6
51,82,61,2017-06-06 16:12:35,L,R,td,ndom,ndom,ndom,TD6
0,0,8,2017-06-06 16:12:36,R,R,td,dom,ndom,dom,TD6
111,73,54,2017-06-06 16:12:36,L,R,td,ndom,ndom,ndom,TD6
0,0,10,2017-06-06 16:12:37,R,R,td,dom,ndom,dom,TD6
122,42,102,2017-06-06 16:12:37,L,R,td,ndom,ndom,ndom,TD6
0,0,6,2017-06-06 16:12:38,R,R,td,dom,ndom,dom,TD6
86,93,77,2017-06-06 16:12:38,L,R,td,ndom,ndom,ndom,TD6
0,0,4,2017-06-06 16:12:39,R,R,td,dom,ndom,dom,TD6
97,65,90,2017-06-06 16:12:39,L,R,td,ndom,ndom,ndom,TD6
0,0,0,2017-06-06 16:12:40,R,R,td,dom,ndom,dom,TD6
94,139,29,2017-06-06 16:12:40,L,R,td,ndom,ndom,ndom,TD6
0,0,0,2017-06-06 16:12:41,R,R,td,dom,ndom,dom,TD6
59,128,42,2017-06-06 16:12:41,L,R,td,ndom,ndom,ndom,TD6
0,0,0,2017-06-06 16:12:42,R,R,td,dom,ndom,dom,TD6
84,69,31,2017-06-06 16:12:42,L,R,td,ndom,ndom,ndom,TD6
0,0,0,2017-06-06 16:12:43,R,R,td,dom,ndom,dom,TD6
137,78,89,2017-06-06 16:12:43,L,R,td,ndom,ndom,ndom,TD6
0,0,0,2017-06-06 16:12:44,R,R,td,dom,ndom,dom,TD6
121,68,59,2017-06-06 16:12:44,L,R,td,ndom,ndom,ndom,TD6
0,0,0,2017-06-06 16:12:45,R,R,td,dom,ndom,dom,TD6
91,80,47,2017-06-06 16:12:45,L,R,td,ndom,ndom,ndom,TD6
68,77,90,2017-06-06 16:12:46,L,R,td,ndom,ndom,ndom,TD6
0,0,4,2017-06-06 16:12:46,R,R,td,dom,ndom,dom,TD6
105,50,82,2017-06-06 16:12:47,L,R,td,ndom,ndom,ndom,TD6
0,0,0,2017-06-06 16:12:47,R,R,td,dom,ndom,dom,TD6
123,74,96,2017-06-06 16:12:48,L,R,td,ndom,ndom,ndom,TD6
0,0,0,2017-06-06 16:12:48,R,R,td,dom,ndom,dom,TD6
82,104,20,2017-06-06 16:12:49,L,R,td,ndom,ndom,ndom,TD6
0,0,0,2017-06-06 16:12:49,R,R,td,dom,ndom,dom,TD6
79,79,65,2017-06-06 16:12:50,L,R,td,ndom,ndom,ndom,TD6
0,0,10,2017-06-06 16:12:50,R,R,td,dom,ndom,dom,TD6
126,38,89,2017-06-06 16:12:51,L,R,td,ndom,ndom,ndom,TD6
0,0,3,2017-06-06 16:12:51,R,R,td,dom,ndom,dom,TD6
130,120,86,2017-06-06 16:12:52,L,R,td,ndom,ndom,ndom,TD6
0,0,0,2017-06-06 16:12:52,R,R,td,dom,ndom,dom,TD6
86,55,32,2017-06-06 16:12:53,L,R,td,ndom,ndom,ndom,TD6
0,0,6,2017-06-06 16:12:53,R,R,td,dom,ndom,dom,TD6
0,0,0,2017-06-06 16:12:54,R,R,td,dom,ndom,dom,TD6
106,69,21,2017-06-06 16:12:54,L,R,td,ndom,ndom,ndom,TD6
89,37,46,2017-06-06 16:12:55,L,R,td,ndom,ndom,ndom,TD6
0,0,0,2017-06-06 16:12:55,R,R,td,dom,ndom,dom,TD6
70,48,110,2017-06-06 16:12:56,L,R,td,ndom,ndom,ndom,TD6
0,0,0,2017-06-06 16:12:56,R,R,td,dom,ndom,dom,TD6
121,51,84,2017-06-06 16:12:57,L,R,td,ndom,ndom,ndom,TD6
0,0,0,2017-06-06 16:12:57,R,R,td,dom,ndom,dom,TD6
0,0,0,2017-06-06 16:12:58,R,R,td,dom,ndom,dom,TD6
62,11,29,2017-06-06 16:12:58,L,R,td,ndom,ndom,ndom,TD6
80,112,26,2017-06-06 16:12:59,L,R,td,ndom,ndom,ndom,TD6
0,0,0,2017-06-06 16:12:59,R,R,td,dom,ndom,dom,TD6
0,0,0,2017-06-06 16:13:00,R,R,td,dom,ndom,dom,TD6
138,91,26,2017-06-06 16:13:00,L,R,td,ndom,ndom,ndom,TD6
0,0,4,2017-06-06 16:13:01,R,R,td,dom,ndom,dom,TD6
91,87,22,2017-06-06 16:13:01,L,R,td,ndom,ndom,ndom,TD6
78,107,11,2017-06-06 16:13:02,L,R,td,ndom,ndom,ndom,TD6
2,0,8,2017-06-06 16:13:02,R,R,td,dom,ndom,dom,TD6
105,89,35,2017-06-06 16:13:03,L,R,td,ndom,ndom,ndom,TD6
0,0,0,2017-06-06 16:13:03,R,R,td,dom,ndom,dom,TD6
25,0,16,2017-06-06 16:13:04,R,R,td,dom,ndom,dom,TD6
186,57,75,2017-06-06 16:13:04,L,R,td,ndom,ndom,ndom,TD6
123,36,65,2017-06-06 16:13:05,L,R,td,ndom,ndom,ndom,TD6
23,29,57,2017-06-06 16:13:05,R,R,td,dom,ndom,dom,TD6
127,144,94,2017-07-27 15:18:40,L,R,td,ndom,ndom,ndom,TD7
0,0,0,2017-07-27 15:18:40,R,R,td,dom,ndom,dom,TD7
63,103,72,2017-07-27 15:18:41,L,R,td,ndom,ndom,ndom,TD7
0,0,0,2017-07-27 15:18:41,R,R,td,dom,ndom,dom,TD7
30,87,85,2017-07-27 15:18:42,L,R,td,ndom,ndom,ndom,TD7
0,0,0,2017-07-27 15:18:42,R,R,td,dom,ndom,dom,TD7
0,0,0,2017-07-27 15:18:43,R,R,td,dom,ndom,dom,TD7
13,84,79,2017-07-27 15:18:43,L,R,td,ndom,ndom,ndom,TD7
0,0,0,2017-07-27 15:18:44,R,R,td,dom,ndom,dom,TD7
46,93,58,2017-07-27 15:18:44,L,R,td,ndom,ndom,ndom,TD7
39,85,52,2017-07-27 15:18:45,L,R,td,ndom,ndom,ndom,TD7
0,0,0,2017-07-27 15:18:45,R,R,td,dom,ndom,dom,TD7
72,60,62,2017-07-27 15:18:46,L,R,td,ndom,ndom,ndom,TD7
0,0,0,2017-07-27 15:18:46,R,R,td,dom,ndom,dom,TD7
0,0,0,2017-07-27 15:18:47,R,R,td,dom,ndom,dom,TD7
48,77,104,2017-07-27 15:18:47,L,R,td,ndom,ndom,ndom,TD7
71,86,113,2017-07-27 15:18:48,L,R,td,ndom,ndom,ndom,TD7
0,0,0,2017-07-27 15:18:48,R,R,td,dom,ndom,dom,TD7
52,100,81,2017-07-27 15:18:49,L,R,td,ndom,ndom,ndom,TD7
0,0,0,2017-07-27 15:18:49,R,R,td,dom,ndom,dom,TD7
83,103,56,2017-07-27 15:18:50,L,R,td,ndom,ndom,ndom,TD7
0,0,0,2017-07-27 15:18:50,R,R,td,dom,ndom,dom,TD7
57,70,74,2017-07-27 15:18:51,L,R,td,ndom,ndom,ndom,TD7
0,0,0,2017-07-27 15:18:51,R,R,td,dom,ndom,dom,TD7
61,54,64,2017-07-27 15:18:52,L,R,td,ndom,ndom,ndom,TD7
0,0,0,2017-07-27 15:18:52,R,R,td,dom,ndom,dom,TD7
41,40,84,2017-07-27 15:18:53,L,R,td,ndom,ndom,ndom,TD7
0,0,0,2017-07-27 15:18:53,R,R,td,dom,ndom,dom,TD7
40,69,71,2017-07-27 15:18:54,L,R,td,ndom,ndom,ndom,TD7
0,0,0,2017-07-27 15:18:54,R,R,td,dom,ndom,dom,TD7
34,79,91,2017-07-27 15:18:55,L,R,td,ndom,ndom,ndom,TD7
0,0,0,2017-07-27 15:18:55,R,R,td,dom,ndom,dom,TD7
0,0,0,2017-07-27 15:18:56,R,R,td,dom,ndom,dom,TD7
46,47,57,2017-07-27 15:18:56,L,R,td,ndom,ndom,ndom,TD7
0,0,0,2017-07-27 15:18:57,R,R,td,dom,ndom,dom,TD7
52,144,114,2017-07-27 15:18:57,L,R,td,ndom,ndom,ndom,TD7
19,82,101,2017-07-27 15:18:58,L,R,td,ndom,ndom,ndom,TD7
0,0,0,2017-07-27 15:18:58,R,R,td,dom,ndom,dom,TD7
0,0,0,2017-07-27 15:18:59,R,R,td,dom,ndom,dom,TD7
45,62,87,2017-07-27 15:18:59,L,R,td,ndom,ndom,ndom,TD7
0,0,0,2017-07-27 15:19:00,R,R,td,dom,ndom,dom,TD7
74,85,56,2017-07-27 15:19:00,L,R,td,ndom,ndom,ndom,TD7
0,0,0,2017-07-27 15:19:01,R,R,td,dom,ndom,dom,TD7
54,67,104,2017-07-27 15:19:01,L,R,td,ndom,ndom,ndom,TD7
0,0,0,2017-07-27 15:19:02,R,R,td,dom,ndom,dom,TD7
51,87,37,2017-07-27 15:19:02,L,R,td,ndom,ndom,ndom,TD7
41,85,32,2017-07-27 15:19:03,L,R,td,ndom,ndom,ndom,TD7
0,0,0,2017-07-27 15:19:03,R,R,td,dom,ndom,dom,TD7
40,86,118,2017-07-27 15:19:04,R,R,td,dom,ndom,dom,TD7
121,124,57,2017-07-27 15:19:04,L,R,td,ndom,ndom,ndom,TD7
43,63,120,2017-07-27 15:19:05,R,R,td,dom,ndom,dom,TD7
54,63,51,2017-07-27 15:19:05,L,R,td,ndom,ndom,ndom,TD7
0,0,0,2017-07-27 15:19:06,R,R,td,dom,ndom,dom,TD7
47,85,58,2017-07-27 15:19:06,L,R,td,ndom,ndom,ndom,TD7
0,0,0,2017-07-27 15:19:07,R,R,td,dom,ndom,dom,TD7
88,91,61,2017-07-27 15:19:07,L,R,td,ndom,ndom,ndom,TD7
0,0,0,2017-07-27 15:19:08,R,R,td,dom,ndom,dom,TD7
53,42,57,2017-07-27 15:19:08,L,R,td,ndom,ndom,ndom,TD7
0,0,0,2017-07-27 15:19:09,R,R,td,dom,ndom,dom,TD7
59,67,72,2017-07-27 15:19:09,L,R,td,ndom,ndom,ndom,TD7
25,89,92,2017-07-27 15:19:10,L,R,td,ndom,ndom,ndom,TD7
0,0,0,2017-07-27 15:19:10,R,R,td,dom,ndom,dom,TD7
27,121,77,2017-07-27 15:19:11,L,R,td,ndom,ndom,ndom,TD7
0,0,0,2017-07-27 15:19:11,R,R,td,dom,ndom,dom,TD7
24,60,113,2017-07-27 15:19:12,L,R,td,ndom,ndom,ndom,TD7
0,0,0,2017-07-27 15:19:12,R,R,td,dom,ndom,dom,TD7
51,93,90,2017-07-27 15:19:13,L,R,td,ndom,ndom,ndom,TD7
0,0,0,2017-07-27 15:19:13,R,R,td,dom,ndom,dom,TD7
54,78,105,2017-07-27 15:19:14,L,R,td,ndom,ndom,ndom,TD7
0,0,0,2017-07-27 15:19:14,R,R,td,dom,ndom,dom,TD7
79,108,90,2017-07-27 15:19:15,L,R,td,ndom,ndom,ndom,TD7
0,0,0,2017-07-27 15:19:15,R,R,td,dom,ndom,dom,TD7
53,98,36,2017-07-27 15:19:16,L,R,td,ndom,ndom,ndom,TD7
0,0,0,2017-07-27 15:19:16,R,R,td,dom,ndom,dom,TD7
0,0,0,2017-07-27 15:19:17,R,R,td,dom,ndom,dom,TD7
95,62,91,2017-07-27 15:19:17,L,R,td,ndom,ndom,ndom,TD7
66,77,24,2017-07-27 15:19:18,L,R,td,ndom,ndom,ndom,TD7
0,0,0,2017-07-27 15:19:18,R,R,td,dom,ndom,dom,TD7
34,56,71,2017-07-27 15:19:19,L,R,td,ndom,ndom,ndom,TD7
0,0,0,2017-07-27 15:19:19,R,R,td,dom,ndom,dom,TD7
44,109,27,2017-07-27 15:19:20,L,R,td,ndom,ndom,ndom,TD7
0,0,0,2017-07-27 15:19:20,R,R,td,dom,ndom,dom,TD7
16,109,69,2017-07-27 15:19:21,L,R,td,ndom,ndom,ndom,TD7
0,0,0,2017-07-27 15:19:21,R,R,td,dom,ndom,dom,TD7
23,66,45,2017-07-27 15:19:22,L,R,td,ndom,ndom,ndom,TD7
0,0,0,2017-07-27 15:19:22,R,R,td,dom,ndom,dom,TD7
0,0,0,2017-07-27 15:19:23,R,R,td,dom,ndom,dom,TD7
62,57,78,2017-07-27 15:19:23,L,R,td,ndom,ndom,ndom,TD7
47,57,78,2017-07-27 15:19:24,L,R,td,ndom,ndom,ndom,TD7
0,0,0,2017-07-27 15:19:24,R,R,td,dom,ndom,dom,TD7
0,0,0,2017-07-27 15:19:25,R,R,td,dom,ndom,dom,TD7
65,84,43,2017-07-27 15:19:25,L,R,td,ndom,ndom,ndom,TD7
40,62,95,2017-07-27 15:19:26,L,R,td,ndom,ndom,ndom,TD7
0,0,0,2017-07-27 15:19:26,R,R,td,dom,ndom,dom,TD7
36,56,67,2017-07-27 15:19:27,L,R,td,ndom,ndom,ndom,TD7
0,0,0,2017-07-27 15:19:27,R,R,td,dom,ndom,dom,TD7
59,119,48,2017-07-27 15:19:28,L,R,td,ndom,ndom,ndom,TD7
0,0,0,2017-07-27 15:19:28,R,R,td,dom,ndom,dom,TD7
64,53,67,2017-07-27 15:19:29,L,R,td,ndom,ndom,ndom,TD7
0,0,0,2017-07-27 15:19:29,R,R,td,dom,ndom,dom,TD7
89,96,44,2017-07-27 15:19:30,L,R,td,ndom,ndom,ndom,TD7
0,0,0,2017-07-27 15:19:30,R,R,td,dom,ndom,dom,TD7
0,0,0,2017-07-27 15:19:31,R,R,td,dom,ndom,dom,TD7
58,38,110,2017-07-27 15:19:31,L,R,td,ndom,ndom,ndom,TD7
0,0,0,2017-07-27 15:19:32,R,R,td,dom,ndom,dom,TD7
49,27,72,2017-07-27 15:19:32,L,R,td,ndom,ndom,ndom,TD7
0,0,0,2017-07-27 15:19:33,R,R,td,dom,ndom,dom,TD7
50,50,37,2017-07-27 15:19:33,L,R,td,ndom,ndom,ndom,TD7
0,0,0,2017-07-27 15:19:34,R,R,td,dom,ndom,dom,TD7
46,40,34,2017-07-27 15:19:34,L,R,td,ndom,ndom,ndom,TD7
0,0,0,2017-07-27 15:19:35,R,R,td,dom,ndom,dom,TD7
58,98,45,2017-07-27 15:19:35,L,R,td,ndom,ndom,ndom,TD7
0,0,0,2017-07-27 15:19:36,R,R,td,dom,ndom,dom,TD7
38,73,63,2017-07-27 15:19:36,L,R,td,ndom,ndom,ndom,TD7
0,0,0,2017-07-27 15:19:37,R,R,td,dom,ndom,dom,TD7
51,70,55,2017-07-27 15:19:37,L,R,td,ndom,ndom,ndom,TD7
0,0,0,2017-07-27 15:19:38,R,R,td,dom,ndom,dom,TD7
87,80,74,2017-07-27 15:19:38,L,R,td,ndom,ndom,ndom,TD7
0,0,0,2017-07-27 15:19:39,R,R,td,dom,ndom,dom,TD7
127,91,64,2017-07-27 15:19:39,L,R,td,ndom,ndom,ndom,TD7
145,144,70,2017-07-27 15:19:40,L,R,td,ndom,ndom,ndom,TD7
0,0,0,2017-07-27 15:19:40,R,R,td,dom,ndom,dom,TD7
49,62,102,2017-07-27 15:20:40,R,R,td,dom,dom,dom,TD7
0,0,0,2017-07-27 15:20:40,L,R,td,ndom,dom,ndom,TD7
0,0,0,2017-07-27 15:20:41,L,R,td,ndom,dom,ndom,TD7
31,59,120,2017-07-27 15:20:41,R,R,td,dom,dom,dom,TD7
31,79,107,2017-07-27 15:20:42,R,R,td,dom,dom,dom,TD7
0,0,0,2017-07-27 15:20:42,L,R,td,ndom,dom,ndom,TD7
44,37,90,2017-07-27 15:20:43,R,R,td,dom,dom,dom,TD7
0,0,0,2017-07-27 15:20:43,L,R,td,ndom,dom,ndom,TD7
62,39,107,2017-07-27 15:20:44,R,R,td,dom,dom,dom,TD7
0,0,0,2017-07-27 15:20:44,L,R,td,ndom,dom,ndom,TD7
18,62,79,2017-07-27 15:20:45,R,R,td,dom,dom,dom,TD7
0,0,0,2017-07-27 15:20:45,L,R,td,ndom,dom,ndom,TD7
0,0,0,2017-07-27 15:20:46,L,R,td,ndom,dom,ndom,TD7
29,62,107,2017-07-27 15:20:46,R,R,td,dom,dom,dom,TD7
23,68,127,2017-07-27 15:20:47,R,R,td,dom,dom,dom,TD7
0,0,0,2017-07-27 15:20:47,L,R,td,ndom,dom,ndom,TD7
26,64,125,2017-07-27 15:20:48,R,R,td,dom,dom,dom,TD7
0,0,0,2017-07-27 15:20:48,L,R,td,ndom,dom,ndom,TD7
39,52,85,2017-07-27 15:20:49,R,R,td,dom,dom,dom,TD7
0,0,0,2017-07-27 15:20:49,L,R,td,ndom,dom,ndom,TD7
39,86,88,2017-07-27 15:20:50,R,R,td,dom,dom,dom,TD7
0,0,0,2017-07-27 15:20:50,L,R,td,ndom,dom,ndom,TD7
22,42,150,2017-07-27 15:20:51,R,R,td,dom,dom,dom,TD7
0,0,0,2017-07-27 15:20:51,L,R,td,ndom,dom,ndom,TD7
25,57,116,2017-07-27 15:20:52,R,R,td,dom,dom,dom,TD7
0,0,0,2017-07-27 15:20:52,L,R,td,ndom,dom,ndom,TD7
57,41,106,2017-07-27 15:20:53,R,R,td,dom,dom,dom,TD7
0,0,0,2017-07-27 15:20:53,L,R,td,ndom,dom,ndom,TD7
0,0,0,2017-07-27 15:20:54,L,R,td,ndom,dom,ndom,TD7
23,41,50,2017-07-27 15:20:54,R,R,td,dom,dom,dom,TD7
0,0,0,2017-07-27 15:20:55,L,R,td,ndom,dom,ndom,TD7
39,66,120,2017-07-27 15:20:55,R,R,td,dom,dom,dom,TD7
0,0,0,2017-07-27 15:20:56,L,R,td,ndom,dom,ndom,TD7
25,86,97,2017-07-27 15:20:56,R,R,td,dom,dom,dom,TD7
0,0,0,2017-07-27 15:20:57,L,R,td,ndom,dom,ndom,TD7
16,46,41,2017-07-27 15:20:57,R,R,td,dom,dom,dom,TD7
0,0,0,2017-07-27 15:20:58,L,R,td,ndom,dom,ndom,TD7
42,90,87,2017-07-27 15:20:58,R,R,td,dom,dom,dom,TD7
9,49,132,2017-07-27 15:20:59,R,R,td,dom,dom,dom,TD7
0,0,0,2017-07-27 15:20:59,L,R,td,ndom,dom,ndom,TD7
0,0,0,2017-07-27 15:21:00,L,R,td,ndom,dom,ndom,TD7
30,31,84,2017-07-27 15:21:00,R,R,td,dom,dom,dom,TD7
0,0,0,2017-07-27 15:21:01,L,R,td,ndom,dom,ndom,TD7
36,71,94,2017-07-27 15:21:01,R,R,td,dom,dom,dom,TD7
0,0,0,2017-07-27 15:21:02,L,R,td,ndom,dom,ndom,TD7
19,27,120,2017-07-27 15:21:02,R,R,td,dom,dom,dom,TD7
0,0,0,2017-07-27 15:21:03,L,R,td,ndom,dom,ndom,TD7
21,74,143,2017-07-27 15:21:03,R,R,td,dom,dom,dom,TD7
0,0,0,2017-07-27 15:21:04,L,R,td,ndom,dom,ndom,TD7
1,59,110,2017-07-27 15:21:04,R,R,td,dom,dom,dom,TD7
39,44,64,2017-07-27 15:21:05,R,R,td,dom,dom,dom,TD7
0,0,0,2017-07-27 15:21:05,L,R,td,ndom,dom,ndom,TD7
30,76,94,2017-07-27 15:21:06,R,R,td,dom,dom,dom,TD7
0,0,0,2017-07-27 15:21:06,L,R,td,ndom,dom,ndom,TD7
0,0,0,2017-07-27 15:21:07,L,R,td,ndom,dom,ndom,TD7
50,53,105,2017-07-27 15:21:07,R,R,td,dom,dom,dom,TD7
0,0,0,2017-07-27 15:21:08,L,R,td,ndom,dom,ndom,TD7
80,95,91,2017-07-27 15:21:08,R,R,td,dom,dom,dom,TD7
82,79,139,2017-07-27 15:21:09,R,R,td,dom,dom,dom,TD7
0,0,0,2017-07-27 15:21:09,L,R,td,ndom,dom,ndom,TD7
85,54,169,2017-07-27 15:21:10,R,R,td,dom,dom,dom,TD7
0,0,0,2017-07-27 15:21:10,L,R,td,ndom,dom,ndom,TD7
51,46,159,2017-07-27 15:21:11,R,R,td,dom,dom,dom,TD7
0,0,0,2017-07-27 15:21:11,L,R,td,ndom,dom,ndom,TD7
64,43,146,2017-07-27 15:21:12,R,R,td,dom,dom,dom,TD7
0,0,0,2017-07-27 15:21:12,L,R,td,ndom,dom,ndom,TD7
84,72,86,2017-07-27 15:21:13,R,R,td,dom,dom,dom,TD7
0,0,0,2017-07-27 15:21:13,L,R,td,ndom,dom,ndom,TD7
67,78,87,2017-07-27 15:21:14,R,R,td,dom,dom,dom,TD7
0,0,0,2017-07-27 15:21:14,L,R,td,ndom,dom,ndom,TD7
48,57,30,2017-07-27 15:21:15,R,R,td,dom,dom,dom,TD7
0,0,0,2017-07-27 15:21:15,L,R,td,ndom,dom,ndom,TD7
0,0,0,2017-07-27 15:21:16,L,R,td,ndom,dom,ndom,TD7
72,62,107,2017-07-27 15:21:16,R,R,td,dom,dom,dom,TD7
0,0,0,2017-07-27 15:21:17,L,R,td,ndom,dom,ndom,TD7
31,34,168,2017-07-27 15:21:17,R,R,td,dom,dom,dom,TD7
49,48,106,2017-07-27 15:21:18,R,R,td,dom,dom,dom,TD7
0,0,0,2017-07-27 15:21:18,L,R,td,ndom,dom,ndom,TD7
0,0,0,2017-07-27 15:21:19,L,R,td,ndom,dom,ndom,TD7
45,20,124,2017-07-27 15:21:19,R,R,td,dom,dom,dom,TD7
51,59,140,2017-07-27 15:21:20,R,R,td,dom,dom,dom,TD7
0,0,0,2017-07-27 15:21:20,L,R,td,ndom,dom,ndom,TD7
55,48,84,2017-07-27 15:21:21,R,R,td,dom,dom,dom,TD7
0,0,0,2017-07-27 15:21:21,L,R,td,ndom,dom,ndom,TD7
0,0,0,2017-07-27 15:21:22,L,R,td,ndom,dom,ndom,TD7
39,49,99,2017-07-27 15:21:22,R,R,td,dom,dom,dom,TD7
65,27,141,2017-07-27 15:21:23,R,R,td,dom,dom,dom,TD7
0,0,0,2017-07-27 15:21:23,L,R,td,ndom,dom,ndom,TD7
0,0,0,2017-07-27 15:21:24,L,R,td,ndom,dom,ndom,TD7
98,91,135,2017-07-27 15:21:24,R,R,td,dom,dom,dom,TD7
0,0,0,2017-07-27 15:21:25,L,R,td,ndom,dom,ndom,TD7
24,21,114,2017-07-27 15:21:25,R,R,td,dom,dom,dom,TD7
0,0,0,2017-07-27 15:21:26,L,R,td,ndom,dom,ndom,TD7
35,79,133,2017-07-27 15:21:26,R,R,td,dom,dom,dom,TD7
0,0,0,2017-07-27 15:21:27,L,R,td,ndom,dom,ndom,TD7
72,44,123,2017-07-27 15:21:27,R,R,td,dom,dom,dom,TD7
0,0,0,2017-07-27 15:21:28,L,R,td,ndom,dom,ndom,TD7
26,58,102,2017-07-27 15:21:28,R,R,td,dom,dom,dom,TD7
0,0,0,2017-07-27 15:21:29,L,R,td,ndom,dom,ndom,TD7
49,52,108,2017-07-27 15:21:29,R,R,td,dom,dom,dom,TD7
0,0,0,2017-07-27 15:21:30,L,R,td,ndom,dom,ndom,TD7
18,56,67,2017-07-27 15:21:30,R,R,td,dom,dom,dom,TD7
0,0,0,2017-07-27 15:21:31,L,R,td,ndom,dom,ndom,TD7
37,18,63,2017-07-27 15:21:31,R,R,td,dom,dom,dom,TD7
0,0,0,2017-07-27 15:21:32,L,R,td,ndom,dom,ndom,TD7
72,108,90,2017-07-27 15:21:32,R,R,td,dom,dom,dom,TD7
0,0,0,2017-07-27 15:21:33,L,R,td,ndom,dom,ndom,TD7
40,111,96,2017-07-27 15:21:33,R,R,td,dom,dom,dom,TD7
0,0,0,2017-07-27 15:21:34,L,R,td,ndom,dom,ndom,TD7
38,61,85,2017-07-27 15:21:34,R,R,td,dom,dom,dom,TD7
0,0,0,2017-07-27 15:21:35,L,R,td,ndom,dom,ndom,TD7
24,42,135,2017-07-27 15:21:35,R,R,td,dom,dom,dom,TD7
0,0,0,2017-07-27 15:21:36,L,R,td,ndom,dom,ndom,TD7
36,84,125,2017-07-27 15:21:36,R,R,td,dom,dom,dom,TD7
0,0,0,2017-07-27 15:21:37,L,R,td,ndom,dom,ndom,TD7
22,75,119,2017-07-27 15:21:37,R,R,td,dom,dom,dom,TD7
0,0,0,2017-07-27 15:21:38,L,R,td,ndom,dom,ndom,TD7
52,43,85,2017-07-27 15:21:38,R,R,td,dom,dom,dom,TD7
4,0,0,2017-07-27 15:21:39,L,R,td,ndom,dom,ndom,TD7
135,98,84,2017-07-27 15:21:39,R,R,td,dom,dom,dom,TD7
15,25,57,2017-07-27 15:21:40,L,R,td,ndom,dom,ndom,TD7
76,86,121,2017-07-27 15:21:40,R,R,td,dom,dom,dom,TD7
0,0,0,2017-06-16 11:13:50,R,L,td,ndom,dom,ndom,TD8
117,88,167,2017-06-16 11:13:50,L,L,td,dom,dom,dom,TD8
0,0,0,2017-06-16 11:13:51,R,L,td,ndom,dom,ndom,TD8
47,49,95,2017-06-16 11:13:51,L,L,td,dom,dom,dom,TD8
142,115,158,2017-06-16 11:13:52,L,L,td,dom,dom,dom,TD8
0,0,0,2017-06-16 11:13:52,R,L,td,ndom,dom,ndom,TD8
125,88,151,2017-06-16 11:13:53,L,L,td,dom,dom,dom,TD8
0,0,0,2017-06-16 11:13:53,R,L,td,ndom,dom,ndom,TD8
70,63,175,2017-06-16 11:13:54,L,L,td,dom,dom,dom,TD8
0,0,0,2017-06-16 11:13:54,R,L,td,ndom,dom,ndom,TD8
97,88,115,2017-06-16 11:13:55,L,L,td,dom,dom,dom,TD8
0,0,0,2017-06-16 11:13:55,R,L,td,ndom,dom,ndom,TD8
0,0,0,2017-06-16 11:13:56,R,L,td,ndom,dom,ndom,TD8
77,78,124,2017-06-16 11:13:56,L,L,td,dom,dom,dom,TD8
0,0,0,2017-06-16 11:13:57,R,L,td,ndom,dom,ndom,TD8
119,121,154,2017-06-16 11:13:57,L,L,td,dom,dom,dom,TD8
0,0,0,2017-06-16 11:13:58,R,L,td,ndom,dom,ndom,TD8
77,76,64,2017-06-16 11:13:58,L,L,td,dom,dom,dom,TD8
123,133,73,2017-06-16 11:13:59,L,L,td,dom,dom,dom,TD8
0,0,0,2017-06-16 11:13:59,R,L,td,ndom,dom,ndom,TD8
110,160,61,2017-06-16 11:14:00,L,L,td,dom,dom,dom,TD8
0,0,0,2017-06-16 11:14:00,R,L,td,ndom,dom,ndom,TD8
0,0,0,2017-06-16 11:14:01,R,L,td,ndom,dom,ndom,TD8
110,86,87,2017-06-16 11:14:01,L,L,td,dom,dom,dom,TD8
62,110,73,2017-06-16 11:14:02,L,L,td,dom,dom,dom,TD8
0,0,0,2017-06-16 11:14:02,R,L,td,ndom,dom,ndom,TD8
0,0,0,2017-06-16 11:14:03,R,L,td,ndom,dom,ndom,TD8
36,39,130,2017-06-16 11:14:03,L,L,td,dom,dom,dom,TD8
0,0,0,2017-06-16 11:14:04,R,L,td,ndom,dom,ndom,TD8
52,96,126,2017-06-16 11:14:04,L,L,td,dom,dom,dom,TD8
0,0,0,2017-06-16 11:14:05,R,L,td,ndom,dom,ndom,TD8
43,90,117,2017-06-16 11:14:05,L,L,td,dom,dom,dom,TD8
0,0,0,2017-06-16 11:14:06,R,L,td,ndom,dom,ndom,TD8
116,79,94,2017-06-16 11:14:06,L,L,td,dom,dom,dom,TD8
0,0,0,2017-06-16 11:14:07,R,L,td,ndom,dom,ndom,TD8
142,92,61,2017-06-16 11:14:07,L,L,td,dom,dom,dom,TD8
0,0,0,2017-06-16 11:14:08,R,L,td,ndom,dom,ndom,TD8
88,45,64,2017-06-16 11:14:08,L,L,td,dom,dom,dom,TD8
0,0,0,2017-06-16 11:14:09,R,L,td,ndom,dom,ndom,TD8
85,65,46,2017-06-16 11:14:09,L,L,td,dom,dom,dom,TD8
47,84,89,2017-06-16 11:14:10,L,L,td,dom,dom,dom,TD8
0,0,0,2017-06-16 11:14:10,R,L,td,ndom,dom,ndom,TD8
0,0,0,2017-06-16 11:14:11,R,L,td,ndom,dom,ndom,TD8
71,70,114,2017-06-16 11:14:11,L,L,td,dom,dom,dom,TD8
5,0,0,2017-06-16 11:14:12,R,L,td,ndom,dom,ndom,TD8
83,62,68,2017-06-16 11:14:12,L,L,td,dom,dom,dom,TD8
109,142,76,2017-06-16 11:14:13,L,L,td,dom,dom,dom,TD8
1,0,0,2017-06-16 11:14:13,R,L,td,ndom,dom,ndom,TD8
98,152,58,2017-06-16 11:14:14,L,L,td,dom,dom,dom,TD8
9,0,0,2017-06-16 11:14:14,R,L,td,ndom,dom,ndom,TD8
108,114,85,2017-06-16 11:14:15,L,L,td,dom,dom,dom,TD8
4,0,0,2017-06-16 11:14:15,R,L,td,ndom,dom,ndom,TD8
50,163,52,2017-06-16 11:14:16,L,L,td,dom,dom,dom,TD8
0,0,0,2017-06-16 11:14:16,R,L,td,ndom,dom,ndom,TD8
106,119,64,2017-06-16 11:14:17,L,L,td,dom,dom,dom,TD8
3,0,0,2017-06-16 11:14:17,R,L,td,ndom,dom,ndom,TD8
85,187,71,2017-06-16 11:14:18,L,L,td,dom,dom,dom,TD8
0,0,0,2017-06-16 11:14:18,R,L,td,ndom,dom,ndom,TD8
71,69,118,2017-06-16 11:14:19,L,L,td,dom,dom,dom,TD8
0,0,0,2017-06-16 11:14:19,R,L,td,ndom,dom,ndom,TD8
0,1,6,2017-06-16 11:14:20,R,L,td,ndom,dom,ndom,TD8
161,49,119,2017-06-16 11:14:20,L,L,td,dom,dom,dom,TD8
1,0,0,2017-06-16 11:14:21,R,L,td,ndom,dom,ndom,TD8
61,111,138,2017-06-16 11:14:21,L,L,td,dom,dom,dom,TD8
108,72,109,2017-06-16 11:14:22,L,L,td,dom,dom,dom,TD8
0,0,0,2017-06-16 11:14:22,R,L,td,ndom,dom,ndom,TD8
66,65,119,2017-06-16 11:14:23,L,L,td,dom,dom,dom,TD8
0,0,0,2017-06-16 11:14:23,R,L,td,ndom,dom,ndom,TD8
0,0,0,2017-06-16 11:14:24,R,L,td,ndom,dom,ndom,TD8
97,92,156,2017-06-16 11:14:24,L,L,td,dom,dom,dom,TD8
0,0,0,2017-06-16 11:14:25,R,L,td,ndom,dom,ndom,TD8
135,138,130,2017-06-16 11:14:25,L,L,td,dom,dom,dom,TD8
0,0,0,2017-06-16 11:14:26,R,L,td,ndom,dom,ndom,TD8
147,55,138,2017-06-16 11:14:26,L,L,td,dom,dom,dom,TD8
118,51,71,2017-06-16 11:14:27,L,L,td,dom,dom,dom,TD8
0,0,0,2017-06-16 11:14:27,R,L,td,ndom,dom,ndom,TD8
125,86,134,2017-06-16 11:14:28,L,L,td,dom,dom,dom,TD8
0,0,0,2017-06-16 11:14:28,R,L,td,ndom,dom,ndom,TD8
100,44,72,2017-06-16 11:14:29,L,L,td,dom,dom,dom,TD8
0,0,0,2017-06-16 11:14:29,R,L,td,ndom,dom,ndom,TD8
123,82,64,2017-06-16 11:14:30,L,L,td,dom,dom,dom,TD8
0,0,0,2017-06-16 11:14:30,R,L,td,ndom,dom,ndom,TD8
87,119,84,2017-06-16 11:14:31,L,L,td,dom,dom,dom,TD8
0,0,0,2017-06-16 11:14:31,R,L,td,ndom,dom,ndom,TD8
0,0,0,2017-06-16 11:14:32,R,L,td,ndom,dom,ndom,TD8
77,104,181,2017-06-16 11:14:32,L,L,td,dom,dom,dom,TD8
59,67,161,2017-06-16 11:14:33,L,L,td,dom,dom,dom,TD8
0,0,0,2017-06-16 11:14:33,R,L,td,ndom,dom,ndom,TD8
0,0,0,2017-06-16 11:14:34,R,L,td,ndom,dom,ndom,TD8
74,59,108,2017-06-16 11:14:34,L,L,td,dom,dom,dom,TD8
92,59,108,2017-06-16 11:14:35,L,L,td,dom,dom,dom,TD8
2,0,0,2017-06-16 11:14:35,R,L,td,ndom,dom,ndom,TD8
9,0,0,2017-06-16 11:14:36,R,L,td,ndom,dom,ndom,TD8
92,192,74,2017-06-16 11:14:36,L,L,td,dom,dom,dom,TD8
0,0,0,2017-06-16 11:14:37,R,L,td,ndom,dom,ndom,TD8
73,182,130,2017-06-16 11:14:37,L,L,td,dom,dom,dom,TD8
0,0,0,2017-06-16 11:14:38,R,L,td,ndom,dom,ndom,TD8
75,163,99,2017-06-16 11:14:38,L,L,td,dom,dom,dom,TD8
0,0,0,2017-06-16 11:14:39,R,L,td,ndom,dom,ndom,TD8
64,102,94,2017-06-16 11:14:39,L,L,td,dom,dom,dom,TD8
0,0,0,2017-06-16 11:14:40,R,L,td,ndom,dom,ndom,TD8
112,165,116,2017-06-16 11:14:40,L,L,td,dom,dom,dom,TD8
93,97,158,2017-06-16 11:14:41,L,L,td,dom,dom,dom,TD8
0,0,0,2017-06-16 11:14:41,R,L,td,ndom,dom,ndom,TD8
81,91,129,2017-06-16 11:14:42,L,L,td,dom,dom,dom,TD8
0,0,0,2017-06-16 11:14:42,R,L,td,ndom,dom,ndom,TD8
115,85,115,2017-06-16 11:14:43,L,L,td,dom,dom,dom,TD8
0,0,0,2017-06-16 11:14:43,R,L,td,ndom,dom,ndom,TD8
77,64,125,2017-06-16 11:14:44,L,L,td,dom,dom,dom,TD8
0,0,0,2017-06-16 11:14:44,R,L,td,ndom,dom,ndom,TD8
58,39,147,2017-06-16 11:14:45,L,L,td,dom,dom,dom,TD8
0,0,0,2017-06-16 11:14:45,R,L,td,ndom,dom,ndom,TD8
0,0,0,2017-06-16 11:14:46,R,L,td,ndom,dom,ndom,TD8
68,71,35,2017-06-16 11:14:46,L,L,td,dom,dom,dom,TD8
113,96,92,2017-06-16 11:14:47,L,L,td,dom,dom,dom,TD8
11,0,1,2017-06-16 11:14:47,R,L,td,ndom,dom,ndom,TD8
116,139,113,2017-06-16 11:14:48,L,L,td,dom,dom,dom,TD8
8,0,5,2017-06-16 11:14:48,R,L,td,ndom,dom,ndom,TD8
0,0,0,2017-06-16 11:14:49,R,L,td,ndom,dom,ndom,TD8
91,132,109,2017-06-16 11:14:49,L,L,td,dom,dom,dom,TD8
29,0,5,2017-06-16 11:14:50,R,L,td,ndom,dom,ndom,TD8
137,122,201,2017-06-16 11:14:50,L,L,td,dom,dom,dom,TD8
173,85,125,2017-06-16 11:17:00,R,L,td,ndom,ndom,ndom,TD8
0,18,0,2017-06-16 11:17:00,L,L,td,dom,ndom,dom,TD8
137,59,133,2017-06-16 11:17:01,R,L,td,ndom,ndom,ndom,TD8
0,2,0,2017-06-16 11:17:01,L,L,td,dom,ndom,dom,TD8
0,3,0,2017-06-16 11:17:02,L,L,td,dom,ndom,dom,TD8
95,38,136,2017-06-16 11:17:02,R,L,td,ndom,ndom,ndom,TD8
156,52,88,2017-06-16 11:17:03,R,L,td,ndom,ndom,ndom,TD8
0,0,0,2017-06-16 11:17:03,L,L,td,dom,ndom,dom,TD8
122,79,105,2017-06-16 11:17:04,R,L,td,ndom,ndom,ndom,TD8
0,4,0,2017-06-16 11:17:04,L,L,td,dom,ndom,dom,TD8
0,7,0,2017-06-16 11:17:05,L,L,td,dom,ndom,dom,TD8
93,31,120,2017-06-16 11:17:05,R,L,td,ndom,ndom,ndom,TD8
97,11,80,2017-06-16 11:17:06,R,L,td,ndom,ndom,ndom,TD8
0,0,0,2017-06-16 11:17:06,L,L,td,dom,ndom,dom,TD8
167,60,85,2017-06-16 11:17:07,R,L,td,ndom,ndom,ndom,TD8
0,6,0,2017-06-16 11:17:07,L,L,td,dom,ndom,dom,TD8
169,32,74,2017-06-16 11:17:08,R,L,td,ndom,ndom,ndom,TD8
0,21,0,2017-06-16 11:17:08,L,L,td,dom,ndom,dom,TD8
153,50,122,2017-06-16 11:17:09,R,L,td,ndom,ndom,ndom,TD8
0,28,6,2017-06-16 11:17:09,L,L,td,dom,ndom,dom,TD8
0,0,0,2017-06-16 11:17:10,L,L,td,dom,ndom,dom,TD8
168,76,112,2017-06-16 11:17:10,R,L,td,ndom,ndom,ndom,TD8
108,84,109,2017-06-16 11:17:11,R,L,td,ndom,ndom,ndom,TD8
0,0,0,2017-06-16 11:17:11,L,L,td,dom,ndom,dom,TD8
0,10,0,2017-06-16 11:17:12,L,L,td,dom,ndom,dom,TD8
164,123,121,2017-06-16 11:17:12,R,L,td,ndom,ndom,ndom,TD8
0,8,0,2017-06-16 11:17:13,L,L,td,dom,ndom,dom,TD8
164,63,120,2017-06-16 11:17:13,R,L,td,ndom,ndom,ndom,TD8
0,1,0,2017-06-16 11:17:14,L,L,td,dom,ndom,dom,TD8
197,109,126,2017-06-16 11:17:14,R,L,td,ndom,ndom,ndom,TD8
0,26,3,2017-06-16 11:17:15,L,L,td,dom,ndom,dom,TD8
199,76,96,2017-06-16 11:17:15,R,L,td,ndom,ndom,ndom,TD8
0,9,0,2017-06-16 11:17:16,L,L,td,dom,ndom,dom,TD8
175,56,82,2017-06-16 11:17:16,R,L,td,ndom,ndom,ndom,TD8
0,4,0,2017-06-16 11:17:17,L,L,td,dom,ndom,dom,TD8
165,102,113,2017-06-16 11:17:17,R,L,td,ndom,ndom,ndom,TD8
0,0,0,2017-06-16 11:17:18,L,L,td,dom,ndom,dom,TD8
111,98,97,2017-06-16 11:17:18,R,L,td,ndom,ndom,ndom,TD8
0,10,0,2017-06-16 11:17:19,L,L,td,dom,ndom,dom,TD8
96,72,80,2017-06-16 11:17:19,R,L,td,ndom,ndom,ndom,TD8
0,12,3,2017-06-16 11:17:20,L,L,td,dom,ndom,dom,TD8
99,43,93,2017-06-16 11:17:20,R,L,td,ndom,ndom,ndom,TD8
0,10,5,2017-06-16 11:17:21,L,L,td,dom,ndom,dom,TD8
112,48,58,2017-06-16 11:17:21,R,L,td,ndom,ndom,ndom,TD8
112,85,75,2017-06-16 11:17:22,R,L,td,ndom,ndom,ndom,TD8
0,5,0,2017-06-16 11:17:22,L,L,td,dom,ndom,dom,TD8
88,56,77,2017-06-16 11:17:23,R,L,td,ndom,ndom,ndom,TD8
0,3,1,2017-06-16 11:17:23,L,L,td,dom,ndom,dom,TD8
155,68,133,2017-06-16 11:17:24,R,L,td,ndom,ndom,ndom,TD8
0,17,3,2017-06-16 11:17:24,L,L,td,dom,ndom,dom,TD8
70,44,75,2017-06-16 11:17:25,R,L,td,ndom,ndom,ndom,TD8
0,10,6,2017-06-16 11:17:25,L,L,td,dom,ndom,dom,TD8
96,60,92,2017-06-16 11:17:26,R,L,td,ndom,ndom,ndom,TD8
0,30,25,2017-06-16 11:17:26,L,L,td,dom,ndom,dom,TD8
80,62,47,2017-06-16 11:17:27,R,L,td,ndom,ndom,ndom,TD8
0,6,0,2017-06-16 11:17:27,L,L,td,dom,ndom,dom,TD8
88,59,101,2017-06-16 11:17:28,R,L,td,ndom,ndom,ndom,TD8
0,21,18,2017-06-16 11:17:28,L,L,td,dom,ndom,dom,TD8
68,66,139,2017-06-16 11:17:29,R,L,td,ndom,ndom,ndom,TD8
0,13,7,2017-06-16 11:17:29,L,L,td,dom,ndom,dom,TD8
79,45,107,2017-06-16 11:17:30,R,L,td,ndom,ndom,ndom,TD8
0,5,0,2017-06-16 11:17:30,L,L,td,dom,ndom,dom,TD8
0,12,10,2017-06-16 11:17:31,L,L,td,dom,ndom,dom,TD8
101,53,116,2017-06-16 11:17:31,R,L,td,ndom,ndom,ndom,TD8
77,27,112,2017-06-16 11:17:32,R,L,td,ndom,ndom,ndom,TD8
0,0,0,2017-06-16 11:17:32,L,L,td,dom,ndom,dom,TD8
87,44,70,2017-06-16 11:17:33,R,L,td,ndom,ndom,ndom,TD8
0,2,0,2017-06-16 11:17:33,L,L,td,dom,ndom,dom,TD8
0,0,0,2017-06-16 11:17:34,L,L,td,dom,ndom,dom,TD8
97,72,109,2017-06-16 11:17:34,R,L,td,ndom,ndom,ndom,TD8
0,8,2,2017-06-16 11:17:35,L,L,td,dom,ndom,dom,TD8
105,93,135,2017-06-16 11:17:35,R,L,td,ndom,ndom,ndom,TD8
0,0,0,2017-06-16 11:17:36,L,L,td,dom,ndom,dom,TD8
79,52,114,2017-06-16 11:17:36,R,L,td,ndom,ndom,ndom,TD8
98,84,100,2017-06-16 11:17:37,R,L,td,ndom,ndom,ndom,TD8
0,3,3,2017-06-16 11:17:37,L,L,td,dom,ndom,dom,TD8
0,5,5,2017-06-16 11:17:38,L,L,td,dom,ndom,dom,TD8
122,40,104,2017-06-16 11:17:38,R,L,td,ndom,ndom,ndom,TD8
107,52,153,2017-06-16 11:17:39,R,L,td,ndom,ndom,ndom,TD8
0,0,0,2017-06-16 11:17:39,L,L,td,dom,ndom,dom,TD8
0,5,3,2017-06-16 11:17:40,L,L,td,dom,ndom,dom,TD8
102,100,105,2017-06-16 11:17:40,R,L,td,ndom,ndom,ndom,TD8
113,36,79,2017-06-16 11:17:41,R,L,td,ndom,ndom,ndom,TD8
0,6,0,2017-06-16 11:17:41,L,L,td,dom,ndom,dom,TD8
99,35,55,2017-06-16 11:17:42,R,L,td,ndom,ndom,ndom,TD8
0,8,5,2017-06-16 11:17:42,L,L,td,dom,ndom,dom,TD8
0,0,0,2017-06-16 11:17:43,L,L,td,dom,ndom,dom,TD8
117,40,96,2017-06-16 11:17:43,R,L,td,ndom,ndom,ndom,TD8
0,0,0,2017-06-16 11:17:44,L,L,td,dom,ndom,dom,TD8
133,14,88,2017-06-16 11:17:44,R,L,td,ndom,ndom,ndom,TD8
0,0,0,2017-06-16 11:17:45,L,L,td,dom,ndom,dom,TD8
131,19,104,2017-06-16 11:17:45,R,L,td,ndom,ndom,ndom,TD8
0,0,0,2017-06-16 11:17:46,L,L,td,dom,ndom,dom,TD8
86,51,99,2017-06-16 11:17:46,R,L,td,ndom,ndom,ndom,TD8
0,0,0,2017-06-16 11:17:47,L,L,td,dom,ndom,dom,TD8
123,56,93,2017-06-16 11:17:47,R,L,td,ndom,ndom,ndom,TD8
0,0,0,2017-06-16 11:17:48,L,L,td,dom,ndom,dom,TD8
82,58,99,2017-06-16 11:17:48,R,L,td,ndom,ndom,ndom,TD8
0,0,0,2017-06-16 11:17:49,L,L,td,dom,ndom,dom,TD8
103,104,33,2017-06-16 11:17:49,R,L,td,ndom,ndom,ndom,TD8
102,73,144,2017-06-16 11:17:50,R,L,td,ndom,ndom,ndom,TD8
0,0,0,2017-06-16 11:17:50,L,L,td,dom,ndom,dom,TD8
0,0,0,2017-06-16 11:17:51,L,L,td,dom,ndom,dom,TD8
81,58,99,2017-06-16 11:17:51,R,L,td,ndom,ndom,ndom,TD8
0,0,0,2017-06-16 11:17:52,L,L,td,dom,ndom,dom,TD8
121,69,71,2017-06-16 11:17:52,R,L,td,ndom,ndom,ndom,TD8
0,0,0,2017-06-16 11:17:53,L,L,td,dom,ndom,dom,TD8
119,65,64,2017-06-16 11:17:53,R,L,td,ndom,ndom,ndom,TD8
0,0,0,2017-06-16 11:17:54,L,L,td,dom,ndom,dom,TD8
137,31,44,2017-06-16 11:17:54,R,L,td,ndom,ndom,ndom,TD8
0,7,8,2017-06-16 11:17:55,L,L,td,dom,ndom,dom,TD8
112,37,84,2017-06-16 11:17:55,R,L,td,ndom,ndom,ndom,TD8
0,0,0,2017-06-16 11:17:56,L,L,td,dom,ndom,dom,TD8
113,23,104,2017-06-16 11:17:56,R,L,td,ndom,ndom,ndom,TD8
0,0,0,2017-06-16 11:17:57,L,L,td,dom,ndom,dom,TD8
47,45,95,2017-06-16 11:17:57,R,L,td,ndom,ndom,ndom,TD8
0,0,0,2017-06-16 11:17:58,L,L,td,dom,ndom,dom,TD8
63,76,91,2017-06-16 11:17:58,R,L,td,ndom,ndom,ndom,TD8
170,103,94,2017-06-16 11:17:59,R,L,td,ndom,ndom,ndom,TD8
0,0,1,2017-06-16 11:17:59,L,L,td,dom,ndom,dom,TD8
26,38,28,2017-06-16 11:18:00,L,L,td,dom,ndom,dom,TD8
39,48,22,2017-06-16 11:18:00,R,L,td,ndom,ndom,ndom,TD8
82,145,121,2017-06-16 11:20:55,R,R,td,dom,dom,dom,TD9
0,27,2,2017-06-16 11:20:55,L,R,td,ndom,dom,ndom,TD9
172,34,109,2017-06-16 11:20:56,R,R,td,dom,dom,dom,TD9
0,6,0,2017-06-16 11:20:56,L,R,td,ndom,dom,ndom,TD9
117,53,71,2017-06-16 11:20:57,R,R,td,dom,dom,dom,TD9
0,5,0,2017-06-16 11:20:57,L,R,td,ndom,dom,ndom,TD9
139,54,141,2017-06-16 11:20:58,R,R,td,dom,dom,dom,TD9
0,7,0,2017-06-16 11:20:58,L,R,td,ndom,dom,ndom,TD9
100,41,116,2017-06-16 11:20:59,R,R,td,dom,dom,dom,TD9
0,17,9,2017-06-16 11:20:59,L,R,td,ndom,dom,ndom,TD9
143,40,115,2017-06-16 11:21:00,R,R,td,dom,dom,dom,TD9
0,30,6,2017-06-16 11:21:00,L,R,td,ndom,dom,ndom,TD9
0,7,0,2017-06-16 11:21:01,L,R,td,ndom,dom,ndom,TD9
85,70,82,2017-06-16 11:21:01,R,R,td,dom,dom,dom,TD9
0,21,2,2017-06-16 11:21:02,L,R,td,ndom,dom,ndom,TD9
109,42,127,2017-06-16 11:21:02,R,R,td,dom,dom,dom,TD9
0,2,0,2017-06-16 11:21:03,L,R,td,ndom,dom,ndom,TD9
90,66,127,2017-06-16 11:21:03,R,R,td,dom,dom,dom,TD9
127,69,79,2017-06-16 11:21:04,R,R,td,dom,dom,dom,TD9
0,8,0,2017-06-16 11:21:04,L,R,td,ndom,dom,ndom,TD9
117,94,107,2017-06-16 11:21:05,R,R,td,dom,dom,dom,TD9
0,4,3,2017-06-16 11:21:05,L,R,td,ndom,dom,ndom,TD9
110,137,94,2017-06-16 11:21:06,R,R,td,dom,dom,dom,TD9
0,5,0,2017-06-16 11:21:06,L,R,td,ndom,dom,ndom,TD9
90,60,110,2017-06-16 11:21:07,R,R,td,dom,dom,dom,TD9
0,9,0,2017-06-16 11:21:07,L,R,td,ndom,dom,ndom,TD9
175,62,115,2017-06-16 11:21:08,R,R,td,dom,dom,dom,TD9
0,16,2,2017-06-16 11:21:08,L,R,td,ndom,dom,ndom,TD9
111,34,99,2017-06-16 11:21:09,R,R,td,dom,dom,dom,TD9
0,8,0,2017-06-16 11:21:09,L,R,td,ndom,dom,ndom,TD9
0,11,0,2017-06-16 11:21:10,L,R,td,ndom,dom,ndom,TD9
127,63,94,2017-06-16 11:21:10,R,R,td,dom,dom,dom,TD9
0,0,0,2017-06-16 11:21:11,L,R,td,ndom,dom,ndom,TD9
126,25,87,2017-06-16 11:21:11,R,R,td,dom,dom,dom,TD9
0,8,0,2017-06-16 11:21:12,L,R,td,ndom,dom,ndom,TD9
123,35,89,2017-06-16 11:21:12,R,R,td,dom,dom,dom,TD9
0,0,0,2017-06-16 11:21:13,L,R,td,ndom,dom,ndom,TD9
67,28,38,2017-06-16 11:21:13,R,R,td,dom,dom,dom,TD9
0,7,0,2017-06-16 11:21:14,L,R,td,ndom,dom,ndom,TD9
85,114,59,2017-06-16 11:21:14,R,R,td,dom,dom,dom,TD9
0,0,0,2017-06-16 11:21:15,L,R,td,ndom,dom,ndom,TD9
77,82,20,2017-06-16 11:21:15,R,R,td,dom,dom,dom,TD9
0,0,0,2017-06-16 11:21:16,L,R,td,ndom,dom,ndom,TD9
161,95,82,2017-06-16 11:21:16,R,R,td,dom,dom,dom,TD9
139,58,77,2017-06-16 11:21:17,R,R,td,dom,dom,dom,TD9
0,0,0,2017-06-16 11:21:17,L,R,td,ndom,dom,ndom,TD9
0,0,0,2017-06-16 11:21:18,L,R,td,ndom,dom,ndom,TD9
67,70,51,2017-06-16 11:21:18,R,R,td,dom,dom,dom,TD9
0,0,0,2017-06-16 11:21:19,L,R,td,ndom,dom,ndom,TD9
72,60,85,2017-06-16 11:21:19,R,R,td,dom,dom,dom,TD9
91,91,80,2017-06-16 11:21:20,R,R,td,dom,dom,dom,TD9
0,8,0,2017-06-16 11:21:20,L,R,td,ndom,dom,ndom,TD9
0,0,0,2017-06-16 11:21:21,L,R,td,ndom,dom,ndom,TD9
35,64,63,2017-06-16 11:21:21,R,R,td,dom,dom,dom,TD9
74,82,66,2017-06-16 11:21:22,R,R,td,dom,dom,dom,TD9
0,0,0,2017-06-16 11:21:22,L,R,td,ndom,dom,ndom,TD9
0,0,0,2017-06-16 11:21:23,L,R,td,ndom,dom,ndom,TD9
65,73,88,2017-06-16 11:21:23,R,R,td,dom,dom,dom,TD9
0,0,0,2017-06-16 11:21:24,L,R,td,ndom,dom,ndom,TD9
78,73,78,2017-06-16 11:21:24,R,R,td,dom,dom,dom,TD9
0,0,0,2017-06-16 11:21:25,L,R,td,ndom,dom,ndom,TD9
77,92,63,2017-06-16 11:21:25,R,R,td,dom,dom,dom,TD9
0,0,0,2017-06-16 11:21:26,L,R,td,ndom,dom,ndom,TD9
106,77,26,2017-06-16 11:21:26,R,R,td,dom,dom,dom,TD9
0,5,0,2017-06-16 11:21:27,L,R,td,ndom,dom,ndom,TD9
100,59,63,2017-06-16 11:21:27,R,R,td,dom,dom,dom,TD9
0,2,0,2017-06-16 11:21:28,L,R,td,ndom,dom,ndom,TD9
89,62,72,2017-06-16 11:21:28,R,R,td,dom,dom,dom,TD9
122,70,63,2017-06-16 11:21:29,R,R,td,dom,dom,dom,TD9
0,5,0,2017-06-16 11:21:29,L,R,td,ndom,dom,ndom,TD9
0,0,0,2017-06-16 11:21:30,L,R,td,ndom,dom,ndom,TD9
73,68,57,2017-06-16 11:21:30,R,R,td,dom,dom,dom,TD9
92,93,63,2017-06-16 11:21:31,R,R,td,dom,dom,dom,TD9
0,2,0,2017-06-16 11:21:31,L,R,td,ndom,dom,ndom,TD9
71,62,80,2017-06-16 11:21:32,R,R,td,dom,dom,dom,TD9
0,0,0,2017-06-16 11:21:32,L,R,td,ndom,dom,ndom,TD9
0,0,0,2017-06-16 11:21:33,L,R,td,ndom,dom,ndom,TD9
50,85,55,2017-06-16 11:21:33,R,R,td,dom,dom,dom,TD9
0,0,0,2017-06-16 11:21:34,L,R,td,ndom,dom,ndom,TD9
50,95,64,2017-06-16 11:21:34,R,R,td,dom,dom,dom,TD9
102,108,70,2017-06-16 11:21:35,R,R,td,dom,dom,dom,TD9
0,0,0,2017-06-16 11:21:35,L,R,td,ndom,dom,ndom,TD9
50,70,46,2017-06-16 11:21:36,R,R,td,dom,dom,dom,TD9
0,0,0,2017-06-16 11:21:36,L,R,td,ndom,dom,ndom,TD9
0,7,0,2017-06-16 11:21:37,L,R,td,ndom,dom,ndom,TD9
58,91,58,2017-06-16 11:21:37,R,R,td,dom,dom,dom,TD9
80,58,72,2017-06-16 11:21:38,R,R,td,dom,dom,dom,TD9
0,0,0,2017-06-16 11:21:38,L,R,td,ndom,dom,ndom,TD9
0,0,0,2017-06-16 11:21:39,L,R,td,ndom,dom,ndom,TD9
59,52,67,2017-06-16 11:21:39,R,R,td,dom,dom,dom,TD9
0,0,0,2017-06-16 11:21:40,L,R,td,ndom,dom,ndom,TD9
127,52,60,2017-06-16 11:21:40,R,R,td,dom,dom,dom,TD9
0,0,0,2017-06-16 11:21:41,L,R,td,ndom,dom,ndom,TD9
97,32,76,2017-06-16 11:21:41,R,R,td,dom,dom,dom,TD9
106,92,72,2017-06-16 11:21:42,R,R,td,dom,dom,dom,TD9
0,0,0,2017-06-16 11:21:42,L,R,td,ndom,dom,ndom,TD9
0,0,0,2017-06-16 11:21:43,L,R,td,ndom,dom,ndom,TD9
136,98,56,2017-06-16 11:21:43,R,R,td,dom,dom,dom,TD9
129,49,112,2017-06-16 11:21:44,R,R,td,dom,dom,dom,TD9
0,10,0,2017-06-16 11:21:44,L,R,td,ndom,dom,ndom,TD9
80,97,97,2017-06-16 11:21:45,R,R,td,dom,dom,dom,TD9
0,21,4,2017-06-16 11:21:45,L,R,td,ndom,dom,ndom,TD9
97,65,97,2017-06-16 11:21:46,R,R,td,dom,dom,dom,TD9
0,6,0,2017-06-16 11:21:46,L,R,td,ndom,dom,ndom,TD9
90,123,67,2017-06-16 11:21:47,R,R,td,dom,dom,dom,TD9
0,0,0,2017-06-16 11:21:47,L,R,td,ndom,dom,ndom,TD9
101,34,43,2017-06-16 11:21:48,R,R,td,dom,dom,dom,TD9
0,2,0,2017-06-16 11:21:48,L,R,td,ndom,dom,ndom,TD9
0,0,0,2017-06-16 11:21:49,L,R,td,ndom,dom,ndom,TD9
82,31,73,2017-06-16 11:21:49,R,R,td,dom,dom,dom,TD9
0,0,0,2017-06-16 11:21:50,L,R,td,ndom,dom,ndom,TD9
117,72,73,2017-06-16 11:21:50,R,R,td,dom,dom,dom,TD9
0,0,0,2017-06-16 11:21:51,L,R,td,ndom,dom,ndom,TD9
129,85,69,2017-06-16 11:21:51,R,R,td,dom,dom,dom,TD9
0,0,0,2017-06-16 11:21:52,L,R,td,ndom,dom,ndom,TD9
127,53,49,2017-06-16 11:21:52,R,R,td,dom,dom,dom,TD9
112,86,75,2017-06-16 11:21:53,R,R,td,dom,dom,dom,TD9
0,0,0,2017-06-16 11:21:53,L,R,td,ndom,dom,ndom,TD9
93,134,107,2017-06-16 11:21:54,R,R,td,dom,dom,dom,TD9
0,0,0,2017-06-16 11:21:54,L,R,td,ndom,dom,ndom,TD9
283,67,61,2017-06-16 11:21:55,R,R,td,dom,dom,dom,TD9
0,8,0,2017-06-16 11:21:55,L,R,td,ndom,dom,ndom,TD9
206,188,94,2017-06-16 11:23:20,L,R,td,ndom,ndom,ndom,TD9
0,7,0,2017-06-16 11:23:20,R,R,td,dom,ndom,dom,TD9
0,5,6,2017-06-16 11:23:21,R,R,td,dom,ndom,dom,TD9
96,99,49,2017-06-16 11:23:21,L,R,td,ndom,ndom,ndom,TD9
0,0,5,2017-06-16 11:23:22,R,R,td,dom,ndom,dom,TD9
185,107,73,2017-06-16 11:23:22,L,R,td,ndom,ndom,ndom,TD9
0,6,11,2017-06-16 11:23:23,R,R,td,dom,ndom,dom,TD9
187,114,89,2017-06-16 11:23:23,L,R,td,ndom,ndom,ndom,TD9
0,0,0,2017-06-16 11:23:24,R,R,td,dom,ndom,dom,TD9
131,125,123,2017-06-16 11:23:24,L,R,td,ndom,ndom,ndom,TD9
0,0,0,2017-06-16 11:23:25,R,R,td,dom,ndom,dom,TD9
89,125,61,2017-06-16 11:23:25,L,R,td,ndom,ndom,ndom,TD9
0,0,0,2017-06-16 11:23:26,R,R,td,dom,ndom,dom,TD9
119,158,131,2017-06-16 11:23:26,L,R,td,ndom,ndom,ndom,TD9
0,0,0,2017-06-16 11:23:27,R,R,td,dom,ndom,dom,TD9
132,114,122,2017-06-16 11:23:27,L,R,td,ndom,ndom,ndom,TD9
0,0,0,2017-06-16 11:23:28,R,R,td,dom,ndom,dom,TD9
153,79,51,2017-06-16 11:23:28,L,R,td,ndom,ndom,ndom,TD9
0,0,0,2017-06-16 11:23:29,R,R,td,dom,ndom,dom,TD9
78,247,98,2017-06-16 11:23:29,L,R,td,ndom,ndom,ndom,TD9
0,8,8,2017-06-16 11:23:30,R,R,td,dom,ndom,dom,TD9
85,141,33,2017-06-16 11:23:30,L,R,td,ndom,ndom,ndom,TD9
0,0,0,2017-06-16 11:23:31,R,R,td,dom,ndom,dom,TD9
62,139,42,2017-06-16 11:23:31,L,R,td,ndom,ndom,ndom,TD9
136,117,49,2017-06-16 11:23:32,L,R,td,ndom,ndom,ndom,TD9
0,0,0,2017-06-16 11:23:32,R,R,td,dom,ndom,dom,TD9
63,97,82,2017-06-16 11:23:33,L,R,td,ndom,ndom,ndom,TD9
0,1,16,2017-06-16 11:23:33,R,R,td,dom,ndom,dom,TD9
0,0,0,2017-06-16 11:23:34,R,R,td,dom,ndom,dom,TD9
93,104,63,2017-06-16 11:23:34,L,R,td,ndom,ndom,ndom,TD9
0,0,4,2017-06-16 11:23:35,R,R,td,dom,ndom,dom,TD9
87,70,67,2017-06-16 11:23:35,L,R,td,ndom,ndom,ndom,TD9
0,0,0,2017-06-16 11:23:36,R,R,td,dom,ndom,dom,TD9
87,94,35,2017-06-16 11:23:36,L,R,td,ndom,ndom,ndom,TD9
146,144,55,2017-06-16 11:23:37,L,R,td,ndom,ndom,ndom,TD9
0,1,9,2017-06-16 11:23:37,R,R,td,dom,ndom,dom,TD9
0,0,4,2017-06-16 11:23:38,R,R,td,dom,ndom,dom,TD9
129,41,26,2017-06-16 11:23:38,L,R,td,ndom,ndom,ndom,TD9
0,0,0,2017-06-16 11:23:39,R,R,td,dom,ndom,dom,TD9
167,166,20,2017-06-16 11:23:39,L,R,td,ndom,ndom,ndom,TD9
0,0,0,2017-06-16 11:23:40,R,R,td,dom,ndom,dom,TD9
147,204,67,2017-06-16 11:23:40,L,R,td,ndom,ndom,ndom,TD9
0,3,4,2017-06-16 11:23:41,R,R,td,dom,ndom,dom,TD9
114,101,21,2017-06-16 11:23:41,L,R,td,ndom,ndom,ndom,TD9
0,5,3,2017-06-16 11:23:42,R,R,td,dom,ndom,dom,TD9
96,90,56,2017-06-16 11:23:42,L,R,td,ndom,ndom,ndom,TD9
0,8,3,2017-06-16 11:23:43,R,R,td,dom,ndom,dom,TD9
182,58,27,2017-06-16 11:23:43,L,R,td,ndom,ndom,ndom,TD9
6,19,24,2017-06-16 11:23:44,R,R,td,dom,ndom,dom,TD9
94,50,56,2017-06-16 11:23:44,L,R,td,ndom,ndom,ndom,TD9
0,0,0,2017-06-16 11:23:45,R,R,td,dom,ndom,dom,TD9
72,80,42,2017-06-16 11:23:45,L,R,td,ndom,ndom,ndom,TD9
0,0,0,2017-06-16 11:23:46,R,R,td,dom,ndom,dom,TD9
120,120,91,2017-06-16 11:23:46,L,R,td,ndom,ndom,ndom,TD9
0,0,4,2017-06-16 11:23:47,R,R,td,dom,ndom,dom,TD9
123,65,44,2017-06-16 11:23:47,L,R,td,ndom,ndom,ndom,TD9
0,0,0,2017-06-16 11:23:48,R,R,td,dom,ndom,dom,TD9
76,157,56,2017-06-16 11:23:48,L,R,td,ndom,ndom,ndom,TD9
0,9,13,2017-06-16 11:23:49,R,R,td,dom,ndom,dom,TD9
115,117,57,2017-06-16 11:23:49,L,R,td,ndom,ndom,ndom,TD9
0,6,10,2017-06-16 11:23:50,R,R,td,dom,ndom,dom,TD9
118,83,59,2017-06-16 11:23:50,L,R,td,ndom,ndom,ndom,TD9
32,102,17,2017-06-16 11:23:51,L,R,td,ndom,ndom,ndom,TD9
0,11,13,2017-06-16 11:23:51,R,R,td,dom,ndom,dom,TD9
0,0,0,2017-06-16 11:23:52,R,R,td,dom,ndom,dom,TD9
72,91,46,2017-06-16 11:23:52,L,R,td,ndom,ndom,ndom,TD9
82,65,61,2017-06-16 11:23:53,L,R,td,ndom,ndom,ndom,TD9
0,0,8,2017-06-16 11:23:53,R,R,td,dom,ndom,dom,TD9
60,79,57,2017-06-16 11:23:54,L,R,td,ndom,ndom,ndom,TD9
0,15,26,2017-06-16 11:23:54,R,R,td,dom,ndom,dom,TD9
118,146,51,2017-06-16 11:23:55,L,R,td,ndom,ndom,ndom,TD9
0,0,2,2017-06-16 11:23:55,R,R,td,dom,ndom,dom,TD9
108,57,70,2017-06-16 11:23:56,L,R,td,ndom,ndom,ndom,TD9
0,0,4,2017-06-16 11:23:56,R,R,td,dom,ndom,dom,TD9
114,88,38,2017-06-16 11:23:57,L,R,td,ndom,ndom,ndom,TD9
0,1,6,2017-06-16 11:23:57,R,R,td,dom,ndom,dom,TD9
108,106,46,2017-06-16 11:23:58,L,R,td,ndom,ndom,ndom,TD9
0,0,0,2017-06-16 11:23:58,R,R,td,dom,ndom,dom,TD9
108,107,55,2017-06-16 11:23:59,L,R,td,ndom,ndom,ndom,TD9
0,0,0,2017-06-16 11:23:59,R,R,td,dom,ndom,dom,TD9
86,127,32,2017-06-16 11:24:00,L,R,td,ndom,ndom,ndom,TD9
0,10,16,2017-06-16 11:24:00,R,R,td,dom,ndom,dom,TD9
57,134,38,2017-06-16 11:24:01,L,R,td,ndom,ndom,ndom,TD9
4,6,6,2017-06-16 11:24:01,R,R,td,dom,ndom,dom,TD9
0,4,19,2017-06-16 11:24:02,R,R,td,dom,ndom,dom,TD9
83,109,53,2017-06-16 11:24:02,L,R,td,ndom,ndom,ndom,TD9
0,0,8,2017-06-16 11:24:03,R,R,td,dom,ndom,dom,TD9
81,130,82,2017-06-16 11:24:03,L,R,td,ndom,ndom,ndom,TD9
0,0,7,2017-06-16 11:24:04,R,R,td,dom,ndom,dom,TD9
104,168,41,2017-06-16 11:24:04,L,R,td,ndom,ndom,ndom,TD9
0,0,4,2017-06-16 11:24:05,R,R,td,dom,ndom,dom,TD9
107,44,19,2017-06-16 11:24:05,L,R,td,ndom,ndom,ndom,TD9
0,7,28,2017-06-16 11:24:06,R,R,td,dom,ndom,dom,TD9
125,78,54,2017-06-16 11:24:06,L,R,td,ndom,ndom,ndom,TD9
0,0,0,2017-06-16 11:24:07,R,R,td,dom,ndom,dom,TD9
156,23,46,2017-06-16 11:24:07,L,R,td,ndom,ndom,ndom,TD9
210,87,59,2017-06-16 11:24:08,L,R,td,ndom,ndom,ndom,TD9
0,4,13,2017-06-16 11:24:08,R,R,td,dom,ndom,dom,TD9
0,12,24,2017-06-16 11:24:09,R,R,td,dom,ndom,dom,TD9
199,43,58,2017-06-16 11:24:09,L,R,td,ndom,ndom,ndom,TD9
0,0,0,2017-06-16 11:24:10,R,R,td,dom,ndom,dom,TD9
71,45,20,2017-06-16 11:24:10,L,R,td,ndom,ndom,ndom,TD9
0,0,0,2017-06-16 11:24:11,R,R,td,dom,ndom,dom,TD9
139,74,70,2017-06-16 11:24:11,L,R,td,ndom,ndom,ndom,TD9
0,0,0,2017-06-16 11:24:12,R,R,td,dom,ndom,dom,TD9
157,139,48,2017-06-16 11:24:12,L,R,td,ndom,ndom,ndom,TD9
0,0,0,2017-06-16 11:24:13,R,R,td,dom,ndom,dom,TD9
123,133,49,2017-06-16 11:24:13,L,R,td,ndom,ndom,ndom,TD9
0,1,4,2017-06-16 11:24:14,R,R,td,dom,ndom,dom,TD9
116,108,47,2017-06-16 11:24:14,L,R,td,ndom,ndom,ndom,TD9
97,61,39,2017-06-16 11:24:15,L,R,td,ndom,ndom,ndom,TD9
0,1,7,2017-06-16 11:24:15,R,R,td,dom,ndom,dom,TD9
0,0,0,2017-06-16 11:24:16,R,R,td,dom,ndom,dom,TD9
96,65,24,2017-06-16 11:24:16,L,R,td,ndom,ndom,ndom,TD9
0,0,6,2017-06-16 11:24:17,R,R,td,dom,ndom,dom,TD9
82,136,74,2017-06-16 11:24:17,L,R,td,ndom,ndom,ndom,TD9
158,90,116,2017-06-16 11:24:18,L,R,td,ndom,ndom,ndom,TD9
0,0,12,2017-06-16 11:24:18,R,R,td,dom,ndom,dom,TD9
0,5,15,2017-06-16 11:24:19,R,R,td,dom,ndom,dom,TD9
53,106,93,2017-06-16 11:24:19,L,R,td,ndom,ndom,ndom,TD9
0,0,13,2017-06-16 11:24:20,R,R,td,dom,ndom,dom,TD9
56,73,63,2017-06-16 11:24:20,L,R,td,ndom,ndom,ndom,TD9
0,3,0,2017-06-16 11:08:10,L,R,td,ndom,dom,ndom,TD10
125,74,117,2017-06-16 11:08:10,R,R,td,dom,dom,dom,TD10
124,65,132,2017-06-16 11:08:11,R,R,td,dom,dom,dom,TD10
0,0,0,2017-06-16 11:08:11,L,R,td,ndom,dom,ndom,TD10
148,137,82,2017-06-16 11:08:12,R,R,td,dom,dom,dom,TD10
0,5,9,2017-06-16 11:08:12,L,R,td,ndom,dom,ndom,TD10
100,68,150,2017-06-16 11:08:13,R,R,td,dom,dom,dom,TD10
0,0,0,2017-06-16 11:08:13,L,R,td,ndom,dom,ndom,TD10
0,1,0,2017-06-16 11:08:14,L,R,td,ndom,dom,ndom,TD10
129,52,131,2017-06-16 11:08:14,R,R,td,dom,dom,dom,TD10
0,0,2,2017-06-16 11:08:15,L,R,td,ndom,dom,ndom,TD10
48,95,86,2017-06-16 11:08:15,R,R,td,dom,dom,dom,TD10
38,113,45,2017-06-16 11:08:16,R,R,td,dom,dom,dom,TD10
0,0,0,2017-06-16 11:08:16,L,R,td,ndom,dom,ndom,TD10
0,0,0,2017-06-16 11:08:17,L,R,td,ndom,dom,ndom,TD10
59,77,94,2017-06-16 11:08:17,R,R,td,dom,dom,dom,TD10
0,0,0,2017-06-16 11:08:18,L,R,td,ndom,dom,ndom,TD10
92,109,101,2017-06-16 11:08:18,R,R,td,dom,dom,dom,TD10
0,0,0,2017-06-16 11:08:19,L,R,td,ndom,dom,ndom,TD10
42,98,72,2017-06-16 11:08:19,R,R,td,dom,dom,dom,TD10
64,115,98,2017-06-16 11:08:20,R,R,td,dom,dom,dom,TD10
0,0,0,2017-06-16 11:08:20,L,R,td,ndom,dom,ndom,TD10
72,51,60,2017-06-16 11:08:21,R,R,td,dom,dom,dom,TD10
0,0,0,2017-06-16 11:08:21,L,R,td,ndom,dom,ndom,TD10
83,68,97,2017-06-16 11:08:22,R,R,td,dom,dom,dom,TD10
0,0,0,2017-06-16 11:08:22,L,R,td,ndom,dom,ndom,TD10
89,55,68,2017-06-16 11:08:23,R,R,td,dom,dom,dom,TD10
0,0,0,2017-06-16 11:08:23,L,R,td,ndom,dom,ndom,TD10
105,78,93,2017-06-16 11:08:24,R,R,td,dom,dom,dom,TD10
0,0,0,2017-06-16 11:08:24,L,R,td,ndom,dom,ndom,TD10
103,75,91,2017-06-16 11:08:25,R,R,td,dom,dom,dom,TD10
0,0,0,2017-06-16 11:08:25,L,R,td,ndom,dom,ndom,TD10
0,0,0,2017-06-16 11:08:26,L,R,td,ndom,dom,ndom,TD10
101,91,88,2017-06-16 11:08:26,R,R,td,dom,dom,dom,TD10
0,0,0,2017-06-16 11:08:27,L,R,td,ndom,dom,ndom,TD10
52,105,58,2017-06-16 11:08:27,R,R,td,dom,dom,dom,TD10
0,0,0,2017-06-16 11:08:28,L,R,td,ndom,dom,ndom,TD10
161,97,86,2017-06-16 11:08:28,R,R,td,dom,dom,dom,TD10
0,0,0,2017-06-16 11:08:29,L,R,td,ndom,dom,ndom,TD10
129,118,89,2017-06-16 11:08:29,R,R,td,dom,dom,dom,TD10
0,0,0,2017-06-16 11:08:30,L,R,td,ndom,dom,ndom,TD10
86,95,123,2017-06-16 11:08:30,R,R,td,dom,dom,dom,TD10
0,0,0,2017-06-16 11:08:31,L,R,td,ndom,dom,ndom,TD10
60,73,120,2017-06-16 11:08:31,R,R,td,dom,dom,dom,TD10
49,109,99,2017-06-16 11:08:32,R,R,td,dom,dom,dom,TD10
0,0,0,2017-06-16 11:08:32,L,R,td,ndom,dom,ndom,TD10
87,111,108,2017-06-16 11:08:33,R,R,td,dom,dom,dom,TD10
0,0,0,2017-06-16 11:08:33,L,R,td,ndom,dom,ndom,TD10
90,63,58,2017-06-16 11:08:34,R,R,td,dom,dom,dom,TD10
0,0,0,2017-06-16 11:08:34,L,R,td,ndom,dom,ndom,TD10
0,0,0,2017-06-16 11:08:35,L,R,td,ndom,dom,ndom,TD10
83,93,66,2017-06-16 11:08:35,R,R,td,dom,dom,dom,TD10
131,90,104,2017-06-16 11:08:36,R,R,td,dom,dom,dom,TD10
0,0,0,2017-06-16 11:08:36,L,R,td,ndom,dom,ndom,TD10
91,95,95,2017-06-16 11:08:37,R,R,td,dom,dom,dom,TD10
0,0,0,2017-06-16 11:08:37,L,R,td,ndom,dom,ndom,TD10
0,0,0,2017-06-16 11:08:38,L,R,td,ndom,dom,ndom,TD10
62,45,81,2017-06-16 11:08:38,R,R,td,dom,dom,dom,TD10
0,0,0,2017-06-16 11:08:39,L,R,td,ndom,dom,ndom,TD10
80,63,109,2017-06-16 11:08:39,R,R,td,dom,dom,dom,TD10
73,64,72,2017-06-16 11:08:40,R,R,td,dom,dom,dom,TD10
0,0,0,2017-06-16 11:08:40,L,R,td,ndom,dom,ndom,TD10
146,75,58,2017-06-16 11:08:41,R,R,td,dom,dom,dom,TD10
0,0,0,2017-06-16 11:08:41,L,R,td,ndom,dom,ndom,TD10
123,62,74,2017-06-16 11:08:42,R,R,td,dom,dom,dom,TD10
0,1,2,2017-06-16 11:08:42,L,R,td,ndom,dom,ndom,TD10
122,104,113,2017-06-16 11:08:43,R,R,td,dom,dom,dom,TD10
0,0,0,2017-06-16 11:08:43,L,R,td,ndom,dom,ndom,TD10
140,124,91,2017-06-16 11:08:44,R,R,td,dom,dom,dom,TD10
0,0,0,2017-06-16 11:08:44,L,R,td,ndom,dom,ndom,TD10
92,77,118,2017-06-16 11:08:45,R,R,td,dom,dom,dom,TD10
0,0,0,2017-06-16 11:08:45,L,R,td,ndom,dom,ndom,TD10
147,75,116,2017-06-16 11:08:46,R,R,td,dom,dom,dom,TD10
0,0,0,2017-06-16 11:08:46,L,R,td,ndom,dom,ndom,TD10
0,0,0,2017-06-16 11:08:47,L,R,td,ndom,dom,ndom,TD10
114,110,61,2017-06-16 11:08:47,R,R,td,dom,dom,dom,TD10
134,88,102,2017-06-16 11:08:48,R,R,td,dom,dom,dom,TD10
0,0,0,2017-06-16 11:08:48,L,R,td,ndom,dom,ndom,TD10
104,89,107,2017-06-16 11:08:49,R,R,td,dom,dom,dom,TD10
0,0,0,2017-06-16 11:08:49,L,R,td,ndom,dom,ndom,TD10
102,117,102,2017-06-16 11:08:50,R,R,td,dom,dom,dom,TD10
0,0,0,2017-06-16 11:08:50,L,R,td,ndom,dom,ndom,TD10
64,88,135,2017-06-16 11:08:51,R,R,td,dom,dom,dom,TD10
0,0,0,2017-06-16 11:08:51,L,R,td,ndom,dom,ndom,TD10
0,0,0,2017-06-16 11:08:52,L,R,td,ndom,dom,ndom,TD10
87,126,64,2017-06-16 11:08:52,R,R,td,dom,dom,dom,TD10
0,0,0,2017-06-16 11:08:53,L,R,td,ndom,dom,ndom,TD10
62,24,34,2017-06-16 11:08:53,R,R,td,dom,dom,dom,TD10
75,118,87,2017-06-16 11:08:54,R,R,td,dom,dom,dom,TD10
0,0,0,2017-06-16 11:08:54,L,R,td,ndom,dom,ndom,TD10
89,78,74,2017-06-16 11:08:55,R,R,td,dom,dom,dom,TD10
0,0,0,2017-06-16 11:08:55,L,R,td,ndom,dom,ndom,TD10
0,0,0,2017-06-16 11:08:56,L,R,td,ndom,dom,ndom,TD10
123,109,48,2017-06-16 11:08:56,R,R,td,dom,dom,dom,TD10
0,0,0,2017-06-16 11:08:57,L,R,td,ndom,dom,ndom,TD10
137,98,95,2017-06-16 11:08:57,R,R,td,dom,dom,dom,TD10
0,0,0,2017-06-16 11:08:58,L,R,td,ndom,dom,ndom,TD10
110,85,72,2017-06-16 11:08:58,R,R,td,dom,dom,dom,TD10
0,0,0,2017-06-16 11:08:59,L,R,td,ndom,dom,ndom,TD10
131,74,72,2017-06-16 11:08:59,R,R,td,dom,dom,dom,TD10
0,0,0,2017-06-16 11:09:00,L,R,td,ndom,dom,ndom,TD10
63,117,106,2017-06-16 11:09:00,R,R,td,dom,dom,dom,TD10
0,0,0,2017-06-16 11:09:01,L,R,td,ndom,dom,ndom,TD10
108,57,83,2017-06-16 11:09:01,R,R,td,dom,dom,dom,TD10
0,0,0,2017-06-16 11:09:02,L,R,td,ndom,dom,ndom,TD10
128,89,123,2017-06-16 11:09:02,R,R,td,dom,dom,dom,TD10
126,147,77,2017-06-16 11:09:03,R,R,td,dom,dom,dom,TD10
0,0,0,2017-06-16 11:09:03,L,R,td,ndom,dom,ndom,TD10
130,126,55,2017-06-16 11:09:04,R,R,td,dom,dom,dom,TD10
0,0,0,2017-06-16 11:09:04,L,R,td,ndom,dom,ndom,TD10
153,86,68,2017-06-16 11:09:05,R,R,td,dom,dom,dom,TD10
0,0,0,2017-06-16 11:09:05,L,R,td,ndom,dom,ndom,TD10
109,116,83,2017-06-16 11:09:06,R,R,td,dom,dom,dom,TD10
0,0,0,2017-06-16 11:09:06,L,R,td,ndom,dom,ndom,TD10
57,118,115,2017-06-16 11:09:07,R,R,td,dom,dom,dom,TD10
0,0,0,2017-06-16 11:09:07,L,R,td,ndom,dom,ndom,TD10
168,140,114,2017-06-16 11:09:08,R,R,td,dom,dom,dom,TD10
0,0,0,2017-06-16 11:09:08,L,R,td,ndom,dom,ndom,TD10
282,163,123,2017-06-16 11:09:09,R,R,td,dom,dom,dom,TD10
0,9,11,2017-06-16 11:09:09,L,R,td,ndom,dom,ndom,TD10
123,155,40,2017-06-16 11:09:10,R,R,td,dom,dom,dom,TD10
249,163,68,2017-06-16 11:09:10,L,R,td,ndom,dom,ndom,TD10
158,197,212,2017-06-16 11:10:41,L,R,td,ndom,ndom,ndom,TD10
0,0,0,2017-06-16 11:10:41,R,R,td,dom,ndom,dom,TD10
0,1,0,2017-06-16 11:10:42,R,R,td,dom,ndom,dom,TD10
187,152,116,2017-06-16 11:10:42,L,R,td,ndom,ndom,ndom,TD10
0,0,0,2017-06-16 11:10:43,R,R,td,dom,ndom,dom,TD10
199,101,171,2017-06-16 11:10:43,L,R,td,ndom,ndom,ndom,TD10
0,6,3,2017-06-16 11:10:44,R,R,td,dom,ndom,dom,TD10
197,103,170,2017-06-16 11:10:44,L,R,td,ndom,ndom,ndom,TD10
0,7,0,2017-06-16 11:10:45,R,R,td,dom,ndom,dom,TD10
268,82,88,2017-06-16 11:10:45,L,R,td,ndom,ndom,ndom,TD10
0,0,0,2017-06-16 11:10:46,R,R,td,dom,ndom,dom,TD10
108,80,67,2017-06-16 11:10:46,L,R,td,ndom,ndom,ndom,TD10
0,0,0,2017-06-16 11:10:47,R,R,td,dom,ndom,dom,TD10
188,58,75,2017-06-16 11:10:47,L,R,td,ndom,ndom,ndom,TD10
0,0,0,2017-06-16 11:10:48,R,R,td,dom,ndom,dom,TD10
174,57,41,2017-06-16 11:10:48,L,R,td,ndom,ndom,ndom,TD10
220,41,74,2017-06-16 11:10:49,L,R,td,ndom,ndom,ndom,TD10
0,6,0,2017-06-16 11:10:49,R,R,td,dom,ndom,dom,TD10
0,0,0,2017-06-16 11:10:50,R,R,td,dom,ndom,dom,TD10
163,134,57,2017-06-16 11:10:50,L,R,td,ndom,ndom,ndom,TD10
0,0,0,2017-06-16 11:10:51,R,R,td,dom,ndom,dom,TD10
157,79,67,2017-06-16 11:10:51,L,R,td,ndom,ndom,ndom,TD10
112,103,75,2017-06-16 11:10:52,L,R,td,ndom,ndom,ndom,TD10
0,0,0,2017-06-16 11:10:52,R,R,td,dom,ndom,dom,TD10
0,0,0,2017-06-16 11:10:53,R,R,td,dom,ndom,dom,TD10
141,109,94,2017-06-16 11:10:53,L,R,td,ndom,ndom,ndom,TD10
111,145,47,2017-06-16 11:10:54,L,R,td,ndom,ndom,ndom,TD10
0,0,0,2017-06-16 11:10:54,R,R,td,dom,ndom,dom,TD10
92,61,115,2017-06-16 11:10:55,L,R,td,ndom,ndom,ndom,TD10
0,0,0,2017-06-16 11:10:55,R,R,td,dom,ndom,dom,TD10
99,53,96,2017-06-16 11:10:56,L,R,td,ndom,ndom,ndom,TD10
0,0,0,2017-06-16 11:10:56,R,R,td,dom,ndom,dom,TD10
0,0,0,2017-06-16 11:10:57,R,R,td,dom,ndom,dom,TD10
124,100,106,2017-06-16 11:10:57,L,R,td,ndom,ndom,ndom,TD10
120,66,71,2017-06-16 11:10:58,L,R,td,ndom,ndom,ndom,TD10
0,0,0,2017-06-16 11:10:58,R,R,td,dom,ndom,dom,TD10
72,71,62,2017-06-16 11:10:59,L,R,td,ndom,ndom,ndom,TD10
0,0,0,2017-06-16 11:10:59,R,R,td,dom,ndom,dom,TD10
0,0,0,2017-06-16 11:11:00,R,R,td,dom,ndom,dom,TD10
64,72,68,2017-06-16 11:11:00,L,R,td,ndom,ndom,ndom,TD10
0,0,0,2017-06-16 11:11:01,R,R,td,dom,ndom,dom,TD10
79,62,66,2017-06-16 11:11:01,L,R,td,ndom,ndom,ndom,TD10
154,78,69,2017-06-16 11:11:02,L,R,td,ndom,ndom,ndom,TD10
0,4,0,2017-06-16 11:11:02,R,R,td,dom,ndom,dom,TD10
0,0,0,2017-06-16 11:11:03,R,R,td,dom,ndom,dom,TD10
73,52,48,2017-06-16 11:11:03,L,R,td,ndom,ndom,ndom,TD10
164,105,50,2017-06-16 11:11:04,L,R,td,ndom,ndom,ndom,TD10
0,0,0,2017-06-16 11:11:04,R,R,td,dom,ndom,dom,TD10
120,47,61,2017-06-16 11:11:05,L,R,td,ndom,ndom,ndom,TD10
0,0,0,2017-06-16 11:11:05,R,R,td,dom,ndom,dom,TD10
113,78,94,2017-06-16 11:11:06,L,R,td,ndom,ndom,ndom,TD10
0,0,0,2017-06-16 11:11:06,R,R,td,dom,ndom,dom,TD10
120,137,91,2017-06-16 11:11:07,L,R,td,ndom,ndom,ndom,TD10
0,0,0,2017-06-16 11:11:07,R,R,td,dom,ndom,dom,TD10
147,71,89,2017-06-16 11:11:08,L,R,td,ndom,ndom,ndom,TD10
0,0,0,2017-06-16 11:11:08,R,R,td,dom,ndom,dom,TD10
104,143,96,2017-06-16 11:11:09,L,R,td,ndom,ndom,ndom,TD10
0,0,0,2017-06-16 11:11:09,R,R,td,dom,ndom,dom,TD10
136,53,110,2017-06-16 11:11:10,L,R,td,ndom,ndom,ndom,TD10
0,0,0,2017-06-16 11:11:10,R,R,td,dom,ndom,dom,TD10
89,49,126,2017-06-16 11:11:11,L,R,td,ndom,ndom,ndom,TD10
0,0,0,2017-06-16 11:11:11,R,R,td,dom,ndom,dom,TD10
130,127,135,2017-06-16 11:11:12,L,R,td,ndom,ndom,ndom,TD10
0,1,0,2017-06-16 11:11:12,R,R,td,dom,ndom,dom,TD10
0,0,0,2017-06-16 11:11:13,R,R,td,dom,ndom,dom,TD10
154,124,111,2017-06-16 11:11:13,L,R,td,ndom,ndom,ndom,TD10
137,89,162,2017-06-16 11:11:14,L,R,td,ndom,ndom,ndom,TD10
0,0,0,2017-06-16 11:11:14,R,R,td,dom,ndom,dom,TD10
0,0,0,2017-06-16 11:11:15,R,R,td,dom,ndom,dom,TD10
113,78,151,2017-06-16 11:11:15,L,R,td,ndom,ndom,ndom,TD10
0,0,0,2017-06-16 11:11:16,R,R,td,dom,ndom,dom,TD10
116,49,89,2017-06-16 11:11:16,L,R,td,ndom,ndom,ndom,TD10
120,107,141,2017-06-16 11:11:17,L,R,td,ndom,ndom,ndom,TD10
0,2,0,2017-06-16 11:11:17,R,R,td,dom,ndom,dom,TD10
122,95,100,2017-06-16 11:11:18,L,R,td,ndom,ndom,ndom,TD10
0,3,0,2017-06-16 11:11:18,R,R,td,dom,ndom,dom,TD10
72,39,90,2017-06-16 11:11:19,L,R,td,ndom,ndom,ndom,TD10
0,0,0,2017-06-16 11:11:19,R,R,td,dom,ndom,dom,TD10
118,85,83,2017-06-16 11:11:20,L,R,td,ndom,ndom,ndom,TD10
0,13,0,2017-06-16 11:11:20,R,R,td,dom,ndom,dom,TD10
0,0,0,2017-06-16 11:11:21,R,R,td,dom,ndom,dom,TD10
114,117,84,2017-06-16 11:11:21,L,R,td,ndom,ndom,ndom,TD10
0,0,0,2017-06-16 11:11:22,R,R,td,dom,ndom,dom,TD10
71,45,80,2017-06-16 11:11:22,L,R,td,ndom,ndom,ndom,TD10
68,40,26,2017-06-16 11:11:23,R,R,td,dom,ndom,dom,TD10
93,85,135,2017-06-16 11:11:23,L,R,td,ndom,ndom,ndom,TD10
44,5,7,2017-06-16 11:11:24,R,R,td,dom,ndom,dom,TD10
99,66,65,2017-06-16 11:11:24,L,R,td,ndom,ndom,ndom,TD10
2,9,0,2017-06-16 11:11:25,R,R,td,dom,ndom,dom,TD10
126,66,86,2017-06-16 11:11:25,L,R,td,ndom,ndom,ndom,TD10
69,75,122,2017-06-16 11:11:26,L,R,td,ndom,ndom,ndom,TD10
0,26,0,2017-06-16 11:11:26,R,R,td,dom,ndom,dom,TD10
0,15,0,2017-06-16 11:11:27,R,R,td,dom,ndom,dom,TD10
144,139,135,2017-06-16 11:11:27,L,R,td,ndom,ndom,ndom,TD10
17,12,0,2017-06-16 11:11:28,R,R,td,dom,ndom,dom,TD10
78,108,106,2017-06-16 11:11:28,L,R,td,ndom,ndom,ndom,TD10
27,91,0,2017-06-16 11:11:29,R,R,td,dom,ndom,dom,TD10
91,103,79,2017-06-16 11:11:29,L,R,td,ndom,ndom,ndom,TD10
123,75,127,2017-06-16 11:11:30,L,R,td,ndom,ndom,ndom,TD10
0,24,0,2017-06-16 11:11:30,R,R,td,dom,ndom,dom,TD10
0,11,0,2017-06-16 11:11:31,R,R,td,dom,ndom,dom,TD10
77,82,150,2017-06-16 11:11:31,L,R,td,ndom,ndom,ndom,TD10
0,0,0,2017-06-16 11:11:32,R,R,td,dom,ndom,dom,TD10
91,120,27,2017-06-16 11:11:32,L,R,td,ndom,ndom,ndom,TD10
0,11,2,2017-06-16 11:11:33,R,R,td,dom,ndom,dom,TD10
210,127,25,2017-06-16 11:11:33,L,R,td,ndom,ndom,ndom,TD10
0,3,0,2017-06-16 11:11:34,R,R,td,dom,ndom,dom,TD10
124,142,103,2017-06-16 11:11:34,L,R,td,ndom,ndom,ndom,TD10
114,201,102,2017-06-16 11:11:35,L,R,td,ndom,ndom,ndom,TD10
0,8,0,2017-06-16 11:11:35,R,R,td,dom,ndom,dom,TD10
170,102,135,2017-06-16 11:11:36,L,R,td,ndom,ndom,ndom,TD10
0,18,0,2017-06-16 11:11:36,R,R,td,dom,ndom,dom,TD10
146,160,126,2017-06-16 11:11:37,L,R,td,ndom,ndom,ndom,TD10
0,2,0,2017-06-16 11:11:37,R,R,td,dom,ndom,dom,TD10
119,171,126,2017-06-16 11:11:38,L,R,td,ndom,ndom,ndom,TD10
0,11,0,2017-06-16 11:11:38,R,R,td,dom,ndom,dom,TD10
0,24,0,2017-06-16 11:11:39,R,R,td,dom,ndom,dom,TD10
138,104,84,2017-06-16 11:11:39,L,R,td,ndom,ndom,ndom,TD10
157,95,83,2017-06-16 11:11:40,R,R,td,dom,ndom,dom,TD10
261,127,123,2017-06-16 11:11:40,L,R,td,ndom,ndom,ndom,TD10
89,75,36,2017-06-16 11:11:41,R,R,td,dom,ndom,dom,TD10
255,163,35,2017-06-16 11:11:41,L,R,td,ndom,ndom,ndom,TD10
0,0,0,2017-07-21 16:16:20,R,R,td,dom,ndom,dom,TD11
174,92,115,2017-07-21 16:16:20,L,R,td,ndom,ndom,ndom,TD11
0,0,0,2017-07-21 16:16:21,R,R,td,dom,ndom,dom,TD11
108,34,97,2017-07-21 16:16:21,L,R,td,ndom,ndom,ndom,TD11
0,0,0,2017-07-21 16:16:22,R,R,td,dom,ndom,dom,TD11
114,41,109,2017-07-21 16:16:22,L,R,td,ndom,ndom,ndom,TD11
150,78,87,2017-07-21 16:16:23,L,R,td,ndom,ndom,ndom,TD11
0,0,0,2017-07-21 16:16:23,R,R,td,dom,ndom,dom,TD11
0,0,0,2017-07-21 16:16:24,R,R,td,dom,ndom,dom,TD11
72,36,122,2017-07-21 16:16:24,L,R,td,ndom,ndom,ndom,TD11
0,0,0,2017-07-21 16:16:25,R,R,td,dom,ndom,dom,TD11
82,36,117,2017-07-21 16:16:25,L,R,td,ndom,ndom,ndom,TD11
0,0,0,2017-07-21 16:16:26,R,R,td,dom,ndom,dom,TD11
98,30,95,2017-07-21 16:16:26,L,R,td,ndom,ndom,ndom,TD11
0,0,0,2017-07-21 16:16:27,R,R,td,dom,ndom,dom,TD11
137,79,64,2017-07-21 16:16:27,L,R,td,ndom,ndom,ndom,TD11
0,0,0,2017-07-21 16:16:28,R,R,td,dom,ndom,dom,TD11
86,93,70,2017-07-21 16:16:28,L,R,td,ndom,ndom,ndom,TD11
82,54,51,2017-07-21 16:16:29,L,R,td,ndom,ndom,ndom,TD11
0,0,0,2017-07-21 16:16:29,R,R,td,dom,ndom,dom,TD11
60,65,69,2017-07-21 16:16:30,L,R,td,ndom,ndom,ndom,TD11
0,0,0,2017-07-21 16:16:30,R,R,td,dom,ndom,dom,TD11
0,0,0,2017-07-21 16:16:31,R,R,td,dom,ndom,dom,TD11
54,61,83,2017-07-21 16:16:31,L,R,td,ndom,ndom,ndom,TD11
0,0,0,2017-07-21 16:16:32,R,R,td,dom,ndom,dom,TD11
81,94,56,2017-07-21 16:16:32,L,R,td,ndom,ndom,ndom,TD11
76,56,50,2017-07-21 16:16:33,L,R,td,ndom,ndom,ndom,TD11
0,0,0,2017-07-21 16:16:33,R,R,td,dom,ndom,dom,TD11
52,55,84,2017-07-21 16:16:34,L,R,td,ndom,ndom,ndom,TD11
0,0,0,2017-07-21 16:16:34,R,R,td,dom,ndom,dom,TD11
117,22,80,2017-07-21 16:16:35,L,R,td,ndom,ndom,ndom,TD11
0,0,0,2017-07-21 16:16:35,R,R,td,dom,ndom,dom,TD11
0,0,0,2017-07-21 16:16:36,R,R,td,dom,ndom,dom,TD11
69,15,52,2017-07-21 16:16:36,L,R,td,ndom,ndom,ndom,TD11
0,0,0,2017-07-21 16:16:37,R,R,td,dom,ndom,dom,TD11
96,22,63,2017-07-21 16:16:37,L,R,td,ndom,ndom,ndom,TD11
0,0,0,2017-07-21 16:16:38,R,R,td,dom,ndom,dom,TD11
87,87,44,2017-07-21 16:16:38,L,R,td,ndom,ndom,ndom,TD11
58,72,78,2017-07-21 16:16:39,L,R,td,ndom,ndom,ndom,TD11
0,0,0,2017-07-21 16:16:39,R,R,td,dom,ndom,dom,TD11
0,0,0,2017-07-21 16:16:40,R,R,td,dom,ndom,dom,TD11
46,56,76,2017-07-21 16:16:40,L,R,td,ndom,ndom,ndom,TD11
92,88,50,2017-07-21 16:16:41,L,R,td,ndom,ndom,ndom,TD11
0,0,0,2017-07-21 16:16:41,R,R,td,dom,ndom,dom,TD11
77,22,55,2017-07-21 16:16:42,L,R,td,ndom,ndom,ndom,TD11
0,0,0,2017-07-21 16:16:42,R,R,td,dom,ndom,dom,TD11
81,34,66,2017-07-21 16:16:43,L,R,td,ndom,ndom,ndom,TD11
0,0,0,2017-07-21 16:16:43,R,R,td,dom,ndom,dom,TD11
65,37,90,2017-07-21 16:16:44,L,R,td,ndom,ndom,ndom,TD11
0,0,0,2017-07-21 16:16:44,R,R,td,dom,ndom,dom,TD11
67,28,38,2017-07-21 16:16:45,L,R,td,ndom,ndom,ndom,TD11
0,0,0,2017-07-21 16:16:45,R,R,td,dom,ndom,dom,TD11
70,27,85,2017-07-21 16:16:46,L,R,td,ndom,ndom,ndom,TD11
0,0,0,2017-07-21 16:16:46,R,R,td,dom,ndom,dom,TD11
0,0,0,2017-07-21 16:16:47,R,R,td,dom,ndom,dom,TD11
88,28,89,2017-07-21 16:16:47,L,R,td,ndom,ndom,ndom,TD11
0,0,0,2017-07-21 16:16:48,R,R,td,dom,ndom,dom,TD11
72,36,67,2017-07-21 16:16:48,L,R,td,ndom,ndom,ndom,TD11
80,38,95,2017-07-21 16:16:49,L,R,td,ndom,ndom,ndom,TD11
0,0,0,2017-07-21 16:16:49,R,R,td,dom,ndom,dom,TD11
79,32,78,2017-07-21 16:16:50,L,R,td,ndom,ndom,ndom,TD11
0,0,0,2017-07-21 16:16:50,R,R,td,dom,ndom,dom,TD11
92,71,127,2017-07-21 16:16:51,L,R,td,ndom,ndom,ndom,TD11
0,0,0,2017-07-21 16:16:51,R,R,td,dom,ndom,dom,TD11
86,49,108,2017-07-21 16:16:52,L,R,td,ndom,ndom,ndom,TD11
0,0,0,2017-07-21 16:16:52,R,R,td,dom,ndom,dom,TD11
141,29,57,2017-07-21 16:16:53,L,R,td,ndom,ndom,ndom,TD11
0,0,0,2017-07-21 16:16:53,R,R,td,dom,ndom,dom,TD11
114,74,55,2017-07-21 16:16:54,L,R,td,ndom,ndom,ndom,TD11
0,0,0,2017-07-21 16:16:54,R,R,td,dom,ndom,dom,TD11
106,43,55,2017-07-21 16:16:55,L,R,td,ndom,ndom,ndom,TD11
0,0,0,2017-07-21 16:16:55,R,R,td,dom,ndom,dom,TD11
107,86,73,2017-07-21 16:16:56,L,R,td,ndom,ndom,ndom,TD11
0,0,0,2017-07-21 16:16:56,R,R,td,dom,ndom,dom,TD11
96,80,18,2017-07-21 16:16:57,L,R,td,ndom,ndom,ndom,TD11
0,0,0,2017-07-21 16:16:57,R,R,td,dom,ndom,dom,TD11
0,0,0,2017-07-21 16:16:58,R,R,td,dom,ndom,dom,TD11
98,61,60,2017-07-21 16:16:58,L,R,td,ndom,ndom,ndom,TD11
0,0,0,2017-07-21 16:16:59,R,R,td,dom,ndom,dom,TD11
100,41,29,2017-07-21 16:16:59,L,R,td,ndom,ndom,ndom,TD11
0,0,0,2017-07-21 16:17:00,R,R,td,dom,ndom,dom,TD11
98,24,80,2017-07-21 16:17:00,L,R,td,ndom,ndom,ndom,TD11
0,0,0,2017-07-21 16:17:01,R,R,td,dom,ndom,dom,TD11
86,46,61,2017-07-21 16:17:01,L,R,td,ndom,ndom,ndom,TD11
0,0,0,2017-07-21 16:17:02,R,R,td,dom,ndom,dom,TD11
83,68,45,2017-07-21 16:17:02,L,R,td,ndom,ndom,ndom,TD11
0,0,0,2017-07-21 16:17:03,R,R,td,dom,ndom,dom,TD11
126,79,44,2017-07-21 16:17:03,L,R,td,ndom,ndom,ndom,TD11
0,0,0,2017-07-21 16:17:04,R,R,td,dom,ndom,dom,TD11
142,93,53,2017-07-21 16:17:04,L,R,td,ndom,ndom,ndom,TD11
116,91,22,2017-07-21 16:17:05,L,R,td,ndom,ndom,ndom,TD11
0,0,0,2017-07-21 16:17:05,R,R,td,dom,ndom,dom,TD11
124,61,65,2017-07-21 16:17:06,L,R,td,ndom,ndom,ndom,TD11
0,0,0,2017-07-21 16:17:06,R,R,td,dom,ndom,dom,TD11
0,0,0,2017-07-21 16:17:07,R,R,td,dom,ndom,dom,TD11
122,129,48,2017-07-21 16:17:07,L,R,td,ndom,ndom,ndom,TD11
130,30,73,2017-07-21 16:17:08,L,R,td,ndom,ndom,ndom,TD11
0,0,0,2017-07-21 16:17:08,R,R,td,dom,ndom,dom,TD11
138,62,71,2017-07-21 16:17:09,L,R,td,ndom,ndom,ndom,TD11
0,0,0,2017-07-21 16:17:09,R,R,td,dom,ndom,dom,TD11
0,2,3,2017-07-21 16:17:10,R,R,td,dom,ndom,dom,TD11
88,77,61,2017-07-21 16:17:10,L,R,td,ndom,ndom,ndom,TD11
99,75,84,2017-07-21 16:17:11,L,R,td,ndom,ndom,ndom,TD11
0,0,0,2017-07-21 16:17:11,R,R,td,dom,ndom,dom,TD11
140,58,28,2017-07-21 16:17:12,L,R,td,ndom,ndom,ndom,TD11
0,0,0,2017-07-21 16:17:12,R,R,td,dom,ndom,dom,TD11
94,109,94,2017-07-21 16:17:13,L,R,td,ndom,ndom,ndom,TD11
0,0,0,2017-07-21 16:17:13,R,R,td,dom,ndom,dom,TD11
104,53,111,2017-07-21 16:17:14,L,R,td,ndom,ndom,ndom,TD11
0,0,0,2017-07-21 16:17:14,R,R,td,dom,ndom,dom,TD11
141,41,81,2017-07-21 16:17:15,L,R,td,ndom,ndom,ndom,TD11
0,0,0,2017-07-21 16:17:15,R,R,td,dom,ndom,dom,TD11
143,66,96,2017-07-21 16:17:16,L,R,td,ndom,ndom,ndom,TD11
0,0,0,2017-07-21 16:17:16,R,R,td,dom,ndom,dom,TD11
173,103,91,2017-07-21 16:17:17,L,R,td,ndom,ndom,ndom,TD11
0,0,0,2017-07-21 16:17:17,R,R,td,dom,ndom,dom,TD11
0,0,0,2017-07-21 16:17:18,R,R,td,dom,ndom,dom,TD11
177,59,77,2017-07-21 16:17:18,L,R,td,ndom,ndom,ndom,TD11
178,51,88,2017-07-21 16:17:19,L,R,td,ndom,ndom,ndom,TD11
0,0,0,2017-07-21 16:17:19,R,R,td,dom,ndom,dom,TD11
103,30,25,2017-07-21 16:17:20,L,R,td,ndom,ndom,ndom,TD11
0,0,0,2017-07-21 16:17:20,R,R,td,dom,ndom,dom,TD11
129,144,129,2017-07-21 16:18:50,R,R,td,dom,dom,dom,TD11
0,6,0,2017-07-21 16:18:50,L,R,td,ndom,dom,ndom,TD11
155,30,82,2017-07-21 16:18:51,R,R,td,dom,dom,dom,TD11
0,8,0,2017-07-21 16:18:51,L,R,td,ndom,dom,ndom,TD11
184,30,95,2017-07-21 16:18:52,R,R,td,dom,dom,dom,TD11
0,15,0,2017-07-21 16:18:52,L,R,td,ndom,dom,ndom,TD11
181,57,69,2017-07-21 16:18:53,R,R,td,dom,dom,dom,TD11
0,2,0,2017-07-21 16:18:53,L,R,td,ndom,dom,ndom,TD11
0,9,0,2017-07-21 16:18:54,L,R,td,ndom,dom,ndom,TD11
246,24,83,2017-07-21 16:18:54,R,R,td,dom,dom,dom,TD11
168,46,78,2017-07-21 16:18:55,R,R,td,dom,dom,dom,TD11
0,0,0,2017-07-21 16:18:55,L,R,td,ndom,dom,ndom,TD11
89,21,79,2017-07-21 16:18:56,R,R,td,dom,dom,dom,TD11
0,0,0,2017-07-21 16:18:56,L,R,td,ndom,dom,ndom,TD11
0,0,0,2017-07-21 16:18:57,L,R,td,ndom,dom,ndom,TD11
50,61,122,2017-07-21 16:18:57,R,R,td,dom,dom,dom,TD11
78,106,77,2017-07-21 16:18:58,R,R,td,dom,dom,dom,TD11
0,0,0,2017-07-21 16:18:58,L,R,td,ndom,dom,ndom,TD11
96,36,83,2017-07-21 16:18:59,R,R,td,dom,dom,dom,TD11
0,0,0,2017-07-21 16:18:59,L,R,td,ndom,dom,ndom,TD11
0,0,0,2017-07-21 16:19:00,L,R,td,ndom,dom,ndom,TD11
53,82,74,2017-07-21 16:19:00,R,R,td,dom,dom,dom,TD11
18,69,49,2017-07-21 16:19:01,R,R,td,dom,dom,dom,TD11
0,0,0,2017-07-21 16:19:01,L,R,td,ndom,dom,ndom,TD11
103,74,97,2017-07-21 16:19:02,R,R,td,dom,dom,dom,TD11
0,10,0,2017-07-21 16:19:02,L,R,td,ndom,dom,ndom,TD11
61,44,109,2017-07-21 16:19:03,R,R,td,dom,dom,dom,TD11
0,0,0,2017-07-21 16:19:03,L,R,td,ndom,dom,ndom,TD11
79,41,82,2017-07-21 16:19:04,R,R,td,dom,dom,dom,TD11
0,0,0,2017-07-21 16:19:04,L,R,td,ndom,dom,ndom,TD11
62,25,106,2017-07-21 16:19:05,R,R,td,dom,dom,dom,TD11
0,0,0,2017-07-21 16:19:05,L,R,td,ndom,dom,ndom,TD11
0,0,0,2017-07-21 16:19:06,L,R,td,ndom,dom,ndom,TD11
61,56,76,2017-07-21 16:19:06,R,R,td,dom,dom,dom,TD11
57,92,77,2017-07-21 16:19:07,R,R,td,dom,dom,dom,TD11
0,0,0,2017-07-21 16:19:07,L,R,td,ndom,dom,ndom,TD11
96,52,98,2017-07-21 16:19:08,R,R,td,dom,dom,dom,TD11
0,0,0,2017-07-21 16:19:08,L,R,td,ndom,dom,ndom,TD11
111,31,89,2017-07-21 16:19:09,R,R,td,dom,dom,dom,TD11
0,0,0,2017-07-21 16:19:09,L,R,td,ndom,dom,ndom,TD11
103,96,95,2017-07-21 16:19:10,R,R,td,dom,dom,dom,TD11
0,0,0,2017-07-21 16:19:10,L,R,td,ndom,dom,ndom,TD11
104,60,106,2017-07-21 16:19:11,R,R,td,dom,dom,dom,TD11
0,0,0,2017-07-21 16:19:11,L,R,td,ndom,dom,ndom,TD11
112,36,128,2017-07-21 16:19:12,R,R,td,dom,dom,dom,TD11
0,0,0,2017-07-21 16:19:12,L,R,td,ndom,dom,ndom,TD11
125,42,94,2017-07-21 16:19:13,R,R,td,dom,dom,dom,TD11
0,0,0,2017-07-21 16:19:13,L,R,td,ndom,dom,ndom,TD11
115,70,99,2017-07-21 16:19:14,R,R,td,dom,dom,dom,TD11
0,0,0,2017-07-21 16:19:14,L,R,td,ndom,dom,ndom,TD11
77,38,76,2017-07-21 16:19:15,R,R,td,dom,dom,dom,TD11
0,0,0,2017-07-21 16:19:15,L,R,td,ndom,dom,ndom,TD11
100,59,55,2017-07-21 16:19:16,R,R,td,dom,dom,dom,TD11
0,0,0,2017-07-21 16:19:16,L,R,td,ndom,dom,ndom,TD11
77,68,37,2017-07-21 16:19:17,R,R,td,dom,dom,dom,TD11
0,0,0,2017-07-21 16:19:17,L,R,td,ndom,dom,ndom,TD11
65,21,31,2017-07-21 16:19:18,R,R,td,dom,dom,dom,TD11
0,0,0,2017-07-21 16:19:18,L,R,td,ndom,dom,ndom,TD11
132,89,59,2017-07-21 16:19:19,R,R,td,dom,dom,dom,TD11
0,0,0,2017-07-21 16:19:19,L,R,td,ndom,dom,ndom,TD11
46,53,77,2017-07-21 16:19:20,R,R,td,dom,dom,dom,TD11
0,0,0,2017-07-21 16:19:20,L,R,td,ndom,dom,ndom,TD11
135,37,55,2017-07-21 16:19:21,R,R,td,dom,dom,dom,TD11
0,0,0,2017-07-21 16:19:21,L,R,td,ndom,dom,ndom,TD11
0,0,0,2017-07-21 16:19:22,L,R,td,ndom,dom,ndom,TD11
70,87,97,2017-07-21 16:19:22,R,R,td,dom,dom,dom,TD11
67,50,78,2017-07-21 16:19:23,R,R,td,dom,dom,dom,TD11
0,0,0,2017-07-21 16:19:23,L,R,td,ndom,dom,ndom,TD11
0,0,0,2017-07-21 16:19:24,L,R,td,ndom,dom,ndom,TD11
115,87,59,2017-07-21 16:19:24,R,R,td,dom,dom,dom,TD11
0,3,0,2017-07-21 16:19:25,L,R,td,ndom,dom,ndom,TD11
54,96,68,2017-07-21 16:19:25,R,R,td,dom,dom,dom,TD11
120,55,49,2017-07-21 16:19:26,R,R,td,dom,dom,dom,TD11
0,0,0,2017-07-21 16:19:26,L,R,td,ndom,dom,ndom,TD11
0,0,0,2017-07-21 16:19:27,L,R,td,ndom,dom,ndom,TD11
104,99,92,2017-07-21 16:19:27,R,R,td,dom,dom,dom,TD11
133,95,68,2017-07-21 16:19:28,R,R,td,dom,dom,dom,TD11
0,1,0,2017-07-21 16:19:28,L,R,td,ndom,dom,ndom,TD11
203,53,51,2017-07-21 16:19:29,R,R,td,dom,dom,dom,TD11
0,6,0,2017-07-21 16:19:29,L,R,td,ndom,dom,ndom,TD11
123,61,69,2017-07-21 16:19:30,R,R,td,dom,dom,dom,TD11
0,0,0,2017-07-21 16:19:30,L,R,td,ndom,dom,ndom,TD11
137,97,102,2017-07-21 16:19:31,R,R,td,dom,dom,dom,TD11
0,0,0,2017-07-21 16:19:31,L,R,td,ndom,dom,ndom,TD11
88,82,111,2017-07-21 16:19:32,R,R,td,dom,dom,dom,TD11
0,13,0,2017-07-21 16:19:32,L,R,td,ndom,dom,ndom,TD11
121,124,85,2017-07-21 16:19:33,R,R,td,dom,dom,dom,TD11
0,12,0,2017-07-21 16:19:33,L,R,td,ndom,dom,ndom,TD11
49,123,72,2017-07-21 16:19:34,R,R,td,dom,dom,dom,TD11
0,0,0,2017-07-21 16:19:34,L,R,td,ndom,dom,ndom,TD11
121,115,66,2017-07-21 16:19:35,R,R,td,dom,dom,dom,TD11
0,8,0,2017-07-21 16:19:35,L,R,td,ndom,dom,ndom,TD11
80,63,86,2017-07-21 16:19:36,R,R,td,dom,dom,dom,TD11
0,0,0,2017-07-21 16:19:36,L,R,td,ndom,dom,ndom,TD11
108,57,74,2017-07-21 16:19:37,R,R,td,dom,dom,dom,TD11
0,0,0,2017-07-21 16:19:37,L,R,td,ndom,dom,ndom,TD11
0,0,0,2017-07-21 16:19:38,L,R,td,ndom,dom,ndom,TD11
92,84,84,2017-07-21 16:19:38,R,R,td,dom,dom,dom,TD11
0,0,0,2017-07-21 16:19:39,L,R,td,ndom,dom,ndom,TD11
81,56,65,2017-07-21 16:19:39,R,R,td,dom,dom,dom,TD11
0,0,0,2017-07-21 16:19:40,L,R,td,ndom,dom,ndom,TD11
91,120,58,2017-07-21 16:19:40,R,R,td,dom,dom,dom,TD11
0,0,0,2017-07-21 16:19:41,L,R,td,ndom,dom,ndom,TD11
44,33,33,2017-07-21 16:19:41,R,R,td,dom,dom,dom,TD11
0,0,0,2017-07-21 16:19:42,L,R,td,ndom,dom,ndom,TD11
74,139,61,2017-07-21 16:19:42,R,R,td,dom,dom,dom,TD11
0,0,0,2017-07-21 16:19:43,L,R,td,ndom,dom,ndom,TD11
119,59,81,2017-07-21 16:19:43,R,R,td,dom,dom,dom,TD11
0,0,0,2017-07-21 16:19:44,L,R,td,ndom,dom,ndom,TD11
105,65,83,2017-07-21 16:19:44,R,R,td,dom,dom,dom,TD11
0,0,0,2017-07-21 16:19:45,L,R,td,ndom,dom,ndom,TD11
117,77,75,2017-07-21 16:19:45,R,R,td,dom,dom,dom,TD11
120,103,75,2017-07-21 16:19:46,R,R,td,dom,dom,dom,TD11
0,0,0,2017-07-21 16:19:46,L,R,td,ndom,dom,ndom,TD11
100,63,34,2017-07-21 16:19:47,R,R,td,dom,dom,dom,TD11
0,0,0,2017-07-21 16:19:47,L,R,td,ndom,dom,ndom,TD11
76,103,37,2017-07-21 16:19:48,R,R,td,dom,dom,dom,TD11
0,0,0,2017-07-21 16:19:48,L,R,td,ndom,dom,ndom,TD11
124,99,46,2017-07-21 16:19:49,R,R,td,dom,dom,dom,TD11
0,0,0,2017-07-21 16:19:49,L,R,td,ndom,dom,ndom,TD11
108,39,60,2017-07-21 16:19:50,R,R,td,dom,dom,dom,TD11
0,0,0,2017-07-21 16:19:50,L,R,td,ndom,dom,ndom,TD11
146,62,56,2017-11-30 16:43:25,R,R,td,dom,dom,dom,TD12
0,10,23,2017-11-30 16:43:25,L,R,td,ndom,dom,ndom,TD12
0,0,2,2017-11-30 16:43:26,L,R,td,ndom,dom,ndom,TD12
255,111,164,2017-11-30 16:43:26,R,R,td,dom,dom,dom,TD12
0,25,52,2017-11-30 16:43:27,L,R,td,ndom,dom,ndom,TD12
246,144,176,2017-11-30 16:43:27,R,R,td,dom,dom,dom,TD12
336,105,103,2017-11-30 16:43:28,R,R,td,dom,dom,dom,TD12
0,17,23,2017-11-30 16:43:28,L,R,td,ndom,dom,ndom,TD12
345,107,102,2017-11-30 16:43:29,R,R,td,dom,dom,dom,TD12
0,9,26,2017-11-30 16:43:29,L,R,td,ndom,dom,ndom,TD12
108,103,62,2017-11-30 16:43:30,R,R,td,dom,dom,dom,TD12
0,32,63,2017-11-30 16:43:30,L,R,td,ndom,dom,ndom,TD12
0,23,59,2017-11-30 16:43:31,L,R,td,ndom,dom,ndom,TD12
226,157,101,2017-11-30 16:43:31,R,R,td,dom,dom,dom,TD12
0,3,28,2017-11-30 16:43:32,L,R,td,ndom,dom,ndom,TD12
216,104,67,2017-11-30 16:43:32,R,R,td,dom,dom,dom,TD12
0,63,120,2017-11-30 16:43:33,L,R,td,ndom,dom,ndom,TD12
327,122,110,2017-11-30 16:43:33,R,R,td,dom,dom,dom,TD12
0,32,85,2017-11-30 16:43:34,L,R,td,ndom,dom,ndom,TD12
109,163,61,2017-11-30 16:43:34,R,R,td,dom,dom,dom,TD12
1,24,74,2017-11-30 16:43:35,L,R,td,ndom,dom,ndom,TD12
79,68,13,2017-11-30 16:43:35,R,R,td,dom,dom,dom,TD12
49,50,87,2017-11-30 16:43:36,L,R,td,ndom,dom,ndom,TD12
96,92,18,2017-11-30 16:43:36,R,R,td,dom,dom,dom,TD12
31,16,50,2017-11-30 16:43:37,L,R,td,ndom,dom,ndom,TD12
103,54,20,2017-11-30 16:43:37,R,R,td,dom,dom,dom,TD12
87,113,40,2017-11-30 16:43:38,R,R,td,dom,dom,dom,TD12
16,40,92,2017-11-30 16:43:38,L,R,td,ndom,dom,ndom,TD12
82,124,10,2017-11-30 16:43:39,R,R,td,dom,dom,dom,TD12
10,29,74,2017-11-30 16:43:39,L,R,td,ndom,dom,ndom,TD12
68,94,33,2017-11-30 16:43:40,R,R,td,dom,dom,dom,TD12
37,51,97,2017-11-30 16:43:40,L,R,td,ndom,dom,ndom,TD12
45,42,25,2017-11-30 16:43:41,R,R,td,dom,dom,dom,TD12
28,44,81,2017-11-30 16:43:41,L,R,td,ndom,dom,ndom,TD12
58,96,42,2017-11-30 16:43:42,R,R,td,dom,dom,dom,TD12
27,53,88,2017-11-30 16:43:42,L,R,td,ndom,dom,ndom,TD12
51,63,28,2017-11-30 16:43:43,R,R,td,dom,dom,dom,TD12
13,22,39,2017-11-30 16:43:43,L,R,td,ndom,dom,ndom,TD12
81,60,63,2017-11-30 16:43:44,R,R,td,dom,dom,dom,TD12
0,0,18,2017-11-30 16:43:44,L,R,td,ndom,dom,ndom,TD12
26,20,18,2017-11-30 16:43:45,R,R,td,dom,dom,dom,TD12
20,29,47,2017-11-30 16:43:45,L,R,td,ndom,dom,ndom,TD12
9,27,42,2017-11-30 16:43:46,L,R,td,ndom,dom,ndom,TD12
69,16,19,2017-11-30 16:43:46,R,R,td,dom,dom,dom,TD12
11,13,17,2017-11-30 16:43:47,L,R,td,ndom,dom,ndom,TD12
56,64,47,2017-11-30 16:43:47,R,R,td,dom,dom,dom,TD12
24,0,36,2017-11-30 16:43:48,L,R,td,ndom,dom,ndom,TD12
67,81,46,2017-11-30 16:43:48,R,R,td,dom,dom,dom,TD12
79,57,33,2017-11-30 16:43:49,R,R,td,dom,dom,dom,TD12
35,0,15,2017-11-30 16:43:49,L,R,td,ndom,dom,ndom,TD12
0,2,16,2017-11-30 16:43:50,L,R,td,ndom,dom,ndom,TD12
95,66,46,2017-11-30 16:43:50,R,R,td,dom,dom,dom,TD12
4,23,34,2017-11-30 16:43:51,L,R,td,ndom,dom,ndom,TD12
52,22,31,2017-11-30 16:43:51,R,R,td,dom,dom,dom,TD12
11,11,30,2017-11-30 16:43:52,L,R,td,ndom,dom,ndom,TD12
38,54,23,2017-11-30 16:43:52,R,R,td,dom,dom,dom,TD12
2,0,20,2017-11-30 16:43:53,L,R,td,ndom,dom,ndom,TD12
84,40,78,2017-11-30 16:43:53,R,R,td,dom,dom,dom,TD12
22,42,90,2017-11-30 16:43:54,L,R,td,ndom,dom,ndom,TD12
63,37,32,2017-11-30 16:43:54,R,R,td,dom,dom,dom,TD12
0,22,29,2017-11-30 16:43:55,L,R,td,ndom,dom,ndom,TD12
70,14,54,2017-11-30 16:43:55,R,R,td,dom,dom,dom,TD12
0,26,60,2017-11-30 16:43:56,L,R,td,ndom,dom,ndom,TD12
59,81,19,2017-11-30 16:43:56,R,R,td,dom,dom,dom,TD12
85,35,72,2017-11-30 16:43:57,R,R,td,dom,dom,dom,TD12
0,11,31,2017-11-30 16:43:57,L,R,td,ndom,dom,ndom,TD12
45,62,43,2017-11-30 16:43:58,R,R,td,dom,dom,dom,TD12
0,8,30,2017-11-30 16:43:58,L,R,td,ndom,dom,ndom,TD12
0,0,25,2017-11-30 16:43:59,L,R,td,ndom,dom,ndom,TD12
63,41,43,2017-11-30 16:43:59,R,R,td,dom,dom,dom,TD12
48,64,17,2017-11-30 16:44:00,R,R,td,dom,dom,dom,TD12
6,0,8,2017-11-30 16:44:00,L,R,td,ndom,dom,ndom,TD12
76,89,13,2017-11-30 16:44:01,R,R,td,dom,dom,dom,TD12
0,0,11,2017-11-30 16:44:01,L,R,td,ndom,dom,ndom,TD12
82,25,25,2017-11-30 16:44:02,R,R,td,dom,dom,dom,TD12
5,0,0,2017-11-30 16:44:02,L,R,td,ndom,dom,ndom,TD12
131,81,31,2017-11-30 16:44:03,R,R,td,dom,dom,dom,TD12
1,0,15,2017-11-30 16:44:03,L,R,td,ndom,dom,ndom,TD12
102,141,35,2017-11-30 16:44:04,R,R,td,dom,dom,dom,TD12
0,0,25,2017-11-30 16:44:04,L,R,td,ndom,dom,ndom,TD12
69,81,39,2017-11-30 16:44:05,R,R,td,dom,dom,dom,TD12
4,0,0,2017-11-30 16:44:05,L,R,td,ndom,dom,ndom,TD12
87,56,52,2017-11-30 16:44:06,R,R,td,dom,dom,dom,TD12
8,0,0,2017-11-30 16:44:06,L,R,td,ndom,dom,ndom,TD12
16,2,30,2017-11-30 16:44:07,L,R,td,ndom,dom,ndom,TD12
46,56,13,2017-11-30 16:44:07,R,R,td,dom,dom,dom,TD12
75,62,42,2017-11-30 16:44:08,R,R,td,dom,dom,dom,TD12
1,0,1,2017-11-30 16:44:08,L,R,td,ndom,dom,ndom,TD12
77,118,40,2017-11-30 16:44:09,R,R,td,dom,dom,dom,TD12
0,0,23,2017-11-30 16:44:09,L,R,td,ndom,dom,ndom,TD12
98,27,118,2017-11-30 16:44:10,R,R,td,dom,dom,dom,TD12
24,0,33,2017-11-30 16:44:10,L,R,td,ndom,dom,ndom,TD12
75,53,55,2017-11-30 16:44:11,R,R,td,dom,dom,dom,TD12
7,0,23,2017-11-30 16:44:11,L,R,td,ndom,dom,ndom,TD12
37,48,32,2017-11-30 16:44:12,R,R,td,dom,dom,dom,TD12
0,0,10,2017-11-30 16:44:12,L,R,td,ndom,dom,ndom,TD12
58,59,57,2017-11-30 16:44:13,L,R,td,ndom,dom,ndom,TD12
80,31,18,2017-11-30 16:44:13,R,R,td,dom,dom,dom,TD12
113,51,12,2017-11-30 16:44:14,R,R,td,dom,dom,dom,TD12
122,100,34,2017-11-30 16:44:14,L,R,td,ndom,dom,ndom,TD12
20,22,24,2017-11-30 16:44:15,L,R,td,ndom,dom,ndom,TD12
92,24,47,2017-11-30 16:44:15,R,R,td,dom,dom,dom,TD12
47,0,0,2017-11-30 16:44:16,L,R,td,ndom,dom,ndom,TD12
90,40,35,2017-11-30 16:44:16,R,R,td,dom,dom,dom,TD12
13,31,0,2017-11-30 16:44:17,L,R,td,ndom,dom,ndom,TD12
86,35,34,2017-11-30 16:44:17,R,R,td,dom,dom,dom,TD12
0,10,0,2017-11-30 16:44:18,L,R,td,ndom,dom,ndom,TD12
52,68,40,2017-11-30 16:44:18,R,R,td,dom,dom,dom,TD12
0,0,0,2017-11-30 16:44:19,L,R,td,ndom,dom,ndom,TD12
77,44,31,2017-11-30 16:44:19,R,R,td,dom,dom,dom,TD12
0,0,0,2017-11-30 16:44:20,L,R,td,ndom,dom,ndom,TD12
75,7,45,2017-11-30 16:44:20,R,R,td,dom,dom,dom,TD12
0,0,0,2017-11-30 16:44:21,L,R,td,ndom,dom,ndom,TD12
63,38,24,2017-11-30 16:44:21,R,R,td,dom,dom,dom,TD12
0,0,0,2017-11-30 16:44:22,L,R,td,ndom,dom,ndom,TD12
29,63,7,2017-11-30 16:44:22,R,R,td,dom,dom,dom,TD12
62,36,14,2017-11-30 16:44:23,R,R,td,dom,dom,dom,TD12
0,0,0,2017-11-30 16:44:23,L,R,td,ndom,dom,ndom,TD12
0,0,0,2017-11-30 16:44:24,L,R,td,ndom,dom,ndom,TD12
62,56,34,2017-11-30 16:44:24,R,R,td,dom,dom,dom,TD12
24,101,88,2017-11-30 16:44:25,R,R,td,dom,dom,dom,TD12
0,0,0,2017-11-30 16:44:25,L,R,td,ndom,dom,ndom,TD12
14,0,0,2017-11-30 16:45:25,R,R,td,dom,ndom,dom,TD12
109,56,111,2017-11-30 16:45:25,L,R,td,ndom,ndom,ndom,TD12
15,0,0,2017-11-30 16:45:26,R,R,td,dom,ndom,dom,TD12
49,37,119,2017-11-30 16:45:26,L,R,td,ndom,ndom,ndom,TD12
0,0,0,2017-11-30 16:45:27,R,R,td,dom,ndom,dom,TD12
40,64,54,2017-11-30 16:45:27,L,R,td,ndom,ndom,ndom,TD12
0,0,0,2017-11-30 16:45:28,R,R,td,dom,ndom,dom,TD12
40,44,61,2017-11-30 16:45:28,L,R,td,ndom,ndom,ndom,TD12
0,0,0,2017-11-30 16:45:29,R,R,td,dom,ndom,dom,TD12
46,60,48,2017-11-30 16:45:29,L,R,td,ndom,ndom,ndom,TD12
56,53,108,2017-11-30 16:45:30,L,R,td,ndom,ndom,ndom,TD12
0,0,0,2017-11-30 16:45:30,R,R,td,dom,ndom,dom,TD12
0,0,0,2017-11-30 16:45:31,R,R,td,dom,ndom,dom,TD12
23,56,51,2017-11-30 16:45:31,L,R,td,ndom,ndom,ndom,TD12
41,28,57,2017-11-30 16:45:32,L,R,td,ndom,ndom,ndom,TD12
0,0,0,2017-11-30 16:45:32,R,R,td,dom,ndom,dom,TD12
0,0,0,2017-11-30 16:45:33,R,R,td,dom,ndom,dom,TD12
70,39,36,2017-11-30 16:45:33,L,R,td,ndom,ndom,ndom,TD12
46,24,30,2017-11-30 16:45:34,L,R,td,ndom,ndom,ndom,TD12
0,0,0,2017-11-30 16:45:34,R,R,td,dom,ndom,dom,TD12
27,29,11,2017-11-30 16:45:35,L,R,td,ndom,ndom,ndom,TD12
0,0,0,2017-11-30 16:45:35,R,R,td,dom,ndom,dom,TD12
33,7,41,2017-11-30 16:45:36,L,R,td,ndom,ndom,ndom,TD12
0,0,0,2017-11-30 16:45:36,R,R,td,dom,ndom,dom,TD12
92,27,42,2017-11-30 16:45:37,L,R,td,ndom,ndom,ndom,TD12
0,0,0,2017-11-30 16:45:37,R,R,td,dom,ndom,dom,TD12
0,0,0,2017-11-30 16:45:38,R,R,td,dom,ndom,dom,TD12
41,69,39,2017-11-30 16:45:38,L,R,td,ndom,ndom,ndom,TD12
0,0,0,2017-11-30 16:45:39,R,R,td,dom,ndom,dom,TD12
61,47,34,2017-11-30 16:45:39,L,R,td,ndom,ndom,ndom,TD12
0,0,0,2017-11-30 16:45:40,R,R,td,dom,ndom,dom,TD12
50,23,20,2017-11-30 16:45:40,L,R,td,ndom,ndom,ndom,TD12
0,0,0,2017-11-30 16:45:41,R,R,td,dom,ndom,dom,TD12
51,26,23,2017-11-30 16:45:41,L,R,td,ndom,ndom,ndom,TD12
0,0,0,2017-11-30 16:45:42,R,R,td,dom,ndom,dom,TD12
62,15,23,2017-11-30 16:45:42,L,R,td,ndom,ndom,ndom,TD12
35,0,15,2017-11-30 16:45:43,R,R,td,dom,ndom,dom,TD12
78,49,16,2017-11-30 16:45:43,L,R,td,ndom,ndom,ndom,TD12
176,150,59,2017-11-30 16:45:44,R,R,td,dom,ndom,dom,TD12
58,11,7,2017-11-30 16:45:44,L,R,td,ndom,ndom,ndom,TD12
254,18,81,2017-11-30 16:45:45,R,R,td,dom,ndom,dom,TD12
97,78,80,2017-11-30 16:45:45,L,R,td,ndom,ndom,ndom,TD12
101,98,77,2017-11-30 16:45:46,L,R,td,ndom,ndom,ndom,TD12
82,184,105,2017-11-30 16:45:46,R,R,td,dom,ndom,dom,TD12
86,49,88,2017-11-30 16:45:47,L,R,td,ndom,ndom,ndom,TD12
0,21,4,2017-11-30 16:45:47,R,R,td,dom,ndom,dom,TD12
0,0,0,2017-11-30 16:45:48,R,R,td,dom,ndom,dom,TD12
28,35,41,2017-11-30 16:45:48,L,R,td,ndom,ndom,ndom,TD12
0,0,0,2017-11-30 16:45:49,R,R,td,dom,ndom,dom,TD12
56,37,84,2017-11-30 16:45:49,L,R,td,ndom,ndom,ndom,TD12
0,0,0,2017-11-30 16:45:50,R,R,td,dom,ndom,dom,TD12
12,15,33,2017-11-30 16:45:50,L,R,td,ndom,ndom,ndom,TD12
0,0,0,2017-11-30 16:45:51,R,R,td,dom,ndom,dom,TD12
44,53,125,2017-11-30 16:45:51,L,R,td,ndom,ndom,ndom,TD12
0,0,0,2017-11-30 16:45:52,R,R,td,dom,ndom,dom,TD12
6,12,2,2017-11-30 16:45:52,L,R,td,ndom,ndom,ndom,TD12
29,5,11,2017-11-30 16:45:53,L,R,td,ndom,ndom,ndom,TD12
0,0,0,2017-11-30 16:45:53,R,R,td,dom,ndom,dom,TD12
49,53,74,2017-11-30 16:45:54,L,R,td,ndom,ndom,ndom,TD12
0,0,0,2017-11-30 16:45:54,R,R,td,dom,ndom,dom,TD12
0,0,0,2017-11-30 16:45:55,R,R,td,dom,ndom,dom,TD12
49,45,58,2017-11-30 16:45:55,L,R,td,ndom,ndom,ndom,TD12
0,0,0,2017-11-30 16:45:56,R,R,td,dom,ndom,dom,TD12
8,21,78,2017-11-30 16:45:56,L,R,td,ndom,ndom,ndom,TD12
0,0,0,2017-11-30 16:45:57,R,R,td,dom,ndom,dom,TD12
25,38,48,2017-11-30 16:45:57,L,R,td,ndom,ndom,ndom,TD12
0,0,0,2017-11-30 16:45:58,R,R,td,dom,ndom,dom,TD12
37,27,19,2017-11-30 16:45:58,L,R,td,ndom,ndom,ndom,TD12
55,35,51,2017-11-30 16:45:59,L,R,td,ndom,ndom,ndom,TD12
8,0,0,2017-11-30 16:45:59,R,R,td,dom,ndom,dom,TD12
0,0,0,2017-11-30 16:46:00,R,R,td,dom,ndom,dom,TD12
47,24,182,2017-11-30 16:46:00,L,R,td,ndom,ndom,ndom,TD12
0,0,0,2017-11-30 16:46:01,R,R,td,dom,ndom,dom,TD12
19,221,207,2017-11-30 16:46:01,L,R,td,ndom,ndom,ndom,TD12
25,177,90,2017-11-30 16:46:02,L,R,td,ndom,ndom,ndom,TD12
0,0,0,2017-11-30 16:46:02,R,R,td,dom,ndom,dom,TD12
0,0,0,2017-11-30 16:46:03,R,R,td,dom,ndom,dom,TD12
3,84,66,2017-11-30 16:46:03,L,R,td,ndom,ndom,ndom,TD12
59,45,35,2017-11-30 16:46:04,L,R,td,ndom,ndom,ndom,TD12
0,0,0,2017-11-30 16:46:04,R,R,td,dom,ndom,dom,TD12
0,0,0,2017-11-30 16:46:05,R,R,td,dom,ndom,dom,TD12
32,58,46,2017-11-30 16:46:05,L,R,td,ndom,ndom,ndom,TD12
0,0,0,2017-11-30 16:46:06,R,R,td,dom,ndom,dom,TD12
65,105,40,2017-11-30 16:46:06,L,R,td,ndom,ndom,ndom,TD12
0,0,0,2017-11-30 16:46:07,R,R,td,dom,ndom,dom,TD12
0,78,21,2017-11-30 16:46:07,L,R,td,ndom,ndom,ndom,TD12
0,0,0,2017-11-30 16:46:08,R,R,td,dom,ndom,dom,TD12
39,53,35,2017-11-30 16:46:08,L,R,td,ndom,ndom,ndom,TD12
0,0,0,2017-11-30 16:46:09,R,R,td,dom,ndom,dom,TD12
90,36,86,2017-11-30 16:46:09,L,R,td,ndom,ndom,ndom,TD12
0,0,0,2017-11-30 16:46:10,R,R,td,dom,ndom,dom,TD12
62,28,22,2017-11-30 16:46:10,L,R,td,ndom,ndom,ndom,TD12
0,0,0,2017-11-30 16:46:11,R,R,td,dom,ndom,dom,TD12
65,66,57,2017-11-30 16:46:11,L,R,td,ndom,ndom,ndom,TD12
0,0,0,2017-11-30 16:46:12,R,R,td,dom,ndom,dom,TD12
62,27,34,2017-11-30 16:46:12,L,R,td,ndom,ndom,ndom,TD12
39,33,0,2017-11-30 16:46:13,L,R,td,ndom,ndom,ndom,TD12
0,0,0,2017-11-30 16:46:13,R,R,td,dom,ndom,dom,TD12
16,25,5,2017-11-30 16:46:14,L,R,td,ndom,ndom,ndom,TD12
0,2,0,2017-11-30 16:46:14,R,R,td,dom,ndom,dom,TD12
0,0,0,2017-11-30 16:46:15,R,R,td,dom,ndom,dom,TD12
71,137,35,2017-11-30 16:46:15,L,R,td,ndom,ndom,ndom,TD12
0,0,5,2017-11-30 16:46:16,R,R,td,dom,ndom,dom,TD12
30,123,44,2017-11-30 16:46:16,L,R,td,ndom,ndom,ndom,TD12
0,0,0,2017-11-30 16:46:17,R,R,td,dom,ndom,dom,TD12
110,57,96,2017-11-30 16:46:17,L,R,td,ndom,ndom,ndom,TD12
0,0,0,2017-11-30 16:46:18,R,R,td,dom,ndom,dom,TD12
59,50,83,2017-11-30 16:46:18,L,R,td,ndom,ndom,ndom,TD12
98,72,91,2017-11-30 16:46:19,L,R,td,ndom,ndom,ndom,TD12
0,0,0,2017-11-30 16:46:19,R,R,td,dom,ndom,dom,TD12
3,0,0,2017-11-30 16:46:20,R,R,td,dom,ndom,dom,TD12
78,91,111,2017-11-30 16:46:20,L,R,td,ndom,ndom,ndom,TD12
0,0,0,2017-11-30 16:46:21,R,R,td,dom,ndom,dom,TD12
38,84,49,2017-11-30 16:46:21,L,R,td,ndom,ndom,ndom,TD12
0,0,0,2017-11-30 16:46:22,R,R,td,dom,ndom,dom,TD12
94,44,57,2017-11-30 16:46:22,L,R,td,ndom,ndom,ndom,TD12
93,107,125,2017-11-30 16:46:23,L,R,td,ndom,ndom,ndom,TD12
21,19,61,2017-11-30 16:46:23,R,R,td,dom,ndom,dom,TD12
88,171,183,2017-11-30 16:46:24,R,R,td,dom,ndom,dom,TD12
172,94,213,2017-11-30 16:46:24,L,R,td,ndom,ndom,ndom,TD12
21,230,98,2017-11-30 16:46:25,L,R,td,ndom,ndom,ndom,TD12
23,11,33,2017-11-30 16:46:25,R,R,td,dom,ndom,dom,TD12
0,2,0,2017-11-30 15:07:20,R,R,td,dom,ndom,dom,TD13
43,98,101,2017-11-30 15:07:20,L,R,td,ndom,ndom,ndom,TD13
0,0,0,2017-11-30 15:07:21,R,R,td,dom,ndom,dom,TD13
90,99,31,2017-11-30 15:07:21,L,R,td,ndom,ndom,ndom,TD13
81,44,57,2017-11-30 15:07:22,L,R,td,ndom,ndom,ndom,TD13
0,0,0,2017-11-30 15:07:22,R,R,td,dom,ndom,dom,TD13
0,0,0,2017-11-30 15:07:23,R,R,td,dom,ndom,dom,TD13
197,56,61,2017-11-30 15:07:23,L,R,td,ndom,ndom,ndom,TD13
139,52,50,2017-11-30 15:07:24,L,R,td,ndom,ndom,ndom,TD13
0,0,0,2017-11-30 15:07:24,R,R,td,dom,ndom,dom,TD13
0,0,0,2017-11-30 15:07:25,R,R,td,dom,ndom,dom,TD13
181,28,52,2017-11-30 15:07:25,L,R,td,ndom,ndom,ndom,TD13
0,0,0,2017-11-30 15:07:26,R,R,td,dom,ndom,dom,TD13
86,40,21,2017-11-30 15:07:26,L,R,td,ndom,ndom,ndom,TD13
71,118,44,2017-11-30 15:07:27,L,R,td,ndom,ndom,ndom,TD13
0,0,0,2017-11-30 15:07:27,R,R,td,dom,ndom,dom,TD13
0,0,0,2017-11-30 15:07:28,R,R,td,dom,ndom,dom,TD13
72,36,32,2017-11-30 15:07:28,L,R,td,ndom,ndom,ndom,TD13
0,0,0,2017-11-30 15:07:29,R,R,td,dom,ndom,dom,TD13
77,27,62,2017-11-30 15:07:29,L,R,td,ndom,ndom,ndom,TD13
92,8,42,2017-11-30 15:07:30,L,R,td,ndom,ndom,ndom,TD13
0,0,0,2017-11-30 15:07:30,R,R,td,dom,ndom,dom,TD13
58,63,28,2017-11-30 15:07:31,L,R,td,ndom,ndom,ndom,TD13
0,0,0,2017-11-30 15:07:31,R,R,td,dom,ndom,dom,TD13
45,68,27,2017-11-30 15:07:32,L,R,td,ndom,ndom,ndom,TD13
0,0,0,2017-11-30 15:07:32,R,R,td,dom,ndom,dom,TD13
0,0,0,2017-11-30 15:07:33,R,R,td,dom,ndom,dom,TD13
5,64,41,2017-11-30 15:07:33,L,R,td,ndom,ndom,ndom,TD13
25,49,32,2017-11-30 15:07:34,L,R,td,ndom,ndom,ndom,TD13
0,0,0,2017-11-30 15:07:34,R,R,td,dom,ndom,dom,TD13
40,45,36,2017-11-30 15:07:35,L,R,td,ndom,ndom,ndom,TD13
0,0,0,2017-11-30 15:07:35,R,R,td,dom,ndom,dom,TD13
0,0,0,2017-11-30 15:07:36,R,R,td,dom,ndom,dom,TD13
99,42,30,2017-11-30 15:07:36,L,R,td,ndom,ndom,ndom,TD13
0,0,0,2017-11-30 15:07:37,R,R,td,dom,ndom,dom,TD13
53,42,24,2017-11-30 15:07:37,L,R,td,ndom,ndom,ndom,TD13
37,21,15,2017-11-30 15:07:38,L,R,td,ndom,ndom,ndom,TD13
0,0,0,2017-11-30 15:07:38,R,R,td,dom,ndom,dom,TD13
56,25,35,2017-11-30 15:07:39,L,R,td,ndom,ndom,ndom,TD13
0,0,0,2017-11-30 15:07:39,R,R,td,dom,ndom,dom,TD13
140,81,25,2017-11-30 15:07:40,L,R,td,ndom,ndom,ndom,TD13
0,0,0,2017-11-30 15:07:40,R,R,td,dom,ndom,dom,TD13
0,0,0,2017-11-30 15:07:41,R,R,td,dom,ndom,dom,TD13
134,12,37,2017-11-30 15:07:41,L,R,td,ndom,ndom,ndom,TD13
70,22,36,2017-11-30 15:07:42,L,R,td,ndom,ndom,ndom,TD13
0,0,0,2017-11-30 15:07:42,R,R,td,dom,ndom,dom,TD13
39,19,30,2017-11-30 15:07:43,L,R,td,ndom,ndom,ndom,TD13
0,0,0,2017-11-30 15:07:43,R,R,td,dom,ndom,dom,TD13
60,46,53,2017-11-30 15:07:44,L,R,td,ndom,ndom,ndom,TD13
0,0,0,2017-11-30 15:07:44,R,R,td,dom,ndom,dom,TD13
59,78,14,2017-11-30 15:07:45,L,R,td,ndom,ndom,ndom,TD13
0,0,0,2017-11-30 15:07:45,R,R,td,dom,ndom,dom,TD13
0,0,0,2017-11-30 15:07:46,R,R,td,dom,ndom,dom,TD13
106,69,40,2017-11-30 15:07:46,L,R,td,ndom,ndom,ndom,TD13
79,30,22,2017-11-30 15:07:47,L,R,td,ndom,ndom,ndom,TD13
0,0,0,2017-11-30 15:07:47,R,R,td,dom,ndom,dom,TD13
0,0,0,2017-11-30 15:07:48,R,R,td,dom,ndom,dom,TD13
104,4,24,2017-11-30 15:07:48,L,R,td,ndom,ndom,ndom,TD13
0,0,0,2017-11-30 15:07:49,R,R,td,dom,ndom,dom,TD13
97,38,31,2017-11-30 15:07:49,L,R,td,ndom,ndom,ndom,TD13
0,0,0,2017-11-30 15:07:50,R,R,td,dom,ndom,dom,TD13
70,34,31,2017-11-30 15:07:50,L,R,td,ndom,ndom,ndom,TD13
52,26,36,2017-11-30 15:07:51,L,R,td,ndom,ndom,ndom,TD13
0,0,0,2017-11-30 15:07:51,R,R,td,dom,ndom,dom,TD13
0,0,0,2017-11-30 15:07:52,R,R,td,dom,ndom,dom,TD13
32,48,31,2017-11-30 15:07:52,L,R,td,ndom,ndom,ndom,TD13
0,0,0,2017-11-30 15:07:53,R,R,td,dom,ndom,dom,TD13
29,31,29,2017-11-30 15:07:53,L,R,td,ndom,ndom,ndom,TD13
0,0,0,2017-11-30 15:07:54,R,R,td,dom,ndom,dom,TD13
23,4,33,2017-11-30 15:07:54,L,R,td,ndom,ndom,ndom,TD13
0,0,0,2017-11-30 15:07:55,R,R,td,dom,ndom,dom,TD13
62,40,41,2017-11-30 15:07:55,L,R,td,ndom,ndom,ndom,TD13
0,0,0,2017-11-30 15:07:56,R,R,td,dom,ndom,dom,TD13
62,28,26,2017-11-30 15:07:56,L,R,td,ndom,ndom,ndom,TD13
100,53,41,2017-11-30 15:07:57,L,R,td,ndom,ndom,ndom,TD13
0,0,0,2017-11-30 15:07:57,R,R,td,dom,ndom,dom,TD13
131,22,29,2017-11-30 15:07:58,L,R,td,ndom,ndom,ndom,TD13
0,0,0,2017-11-30 15:07:58,R,R,td,dom,ndom,dom,TD13
123,52,67,2017-11-30 15:07:59,L,R,td,ndom,ndom,ndom,TD13
0,0,0,2017-11-30 15:07:59,R,R,td,dom,ndom,dom,TD13
74,28,19,2017-11-30 15:08:00,L,R,td,ndom,ndom,ndom,TD13
0,0,0,2017-11-30 15:08:00,R,R,td,dom,ndom,dom,TD13
36,35,14,2017-11-30 15:08:01,L,R,td,ndom,ndom,ndom,TD13
0,0,0,2017-11-30 15:08:01,R,R,td,dom,ndom,dom,TD13
27,4,42,2017-11-30 15:08:02,L,R,td,ndom,ndom,ndom,TD13
0,0,0,2017-11-30 15:08:02,R,R,td,dom,ndom,dom,TD13
0,0,0,2017-11-30 15:08:03,R,R,td,dom,ndom,dom,TD13
36,34,51,2017-11-30 15:08:03,L,R,td,ndom,ndom,ndom,TD13
43,53,54,2017-11-30 15:08:04,L,R,td,ndom,ndom,ndom,TD13
0,0,0,2017-11-30 15:08:04,R,R,td,dom,ndom,dom,TD13
0,0,0,2017-11-30 15:08:05,R,R,td,dom,ndom,dom,TD13
19,48,38,2017-11-30 15:08:05,L,R,td,ndom,ndom,ndom,TD13
0,0,0,2017-11-30 15:08:06,R,R,td,dom,ndom,dom,TD13
32,64,55,2017-11-30 15:08:06,L,R,td,ndom,ndom,ndom,TD13
0,0,0,2017-11-30 15:08:07,R,R,td,dom,ndom,dom,TD13
44,41,62,2017-11-30 15:08:07,L,R,td,ndom,ndom,ndom,TD13
0,0,0,2017-11-30 15:08:08,R,R,td,dom,ndom,dom,TD13
46,44,76,2017-11-30 15:08:08,L,R,td,ndom,ndom,ndom,TD13
0,0,0,2017-11-30 15:08:09,R,R,td,dom,ndom,dom,TD13
55,45,45,2017-11-30 15:08:09,L,R,td,ndom,ndom,ndom,TD13
27,39,52,2017-11-30 15:08:10,L,R,td,ndom,ndom,ndom,TD13
0,0,0,2017-11-30 15:08:10,R,R,td,dom,ndom,dom,TD13
26,49,14,2017-11-30 15:08:11,L,R,td,ndom,ndom,ndom,TD13
0,0,0,2017-11-30 15:08:11,R,R,td,dom,ndom,dom,TD13
0,0,0,2017-11-30 15:08:12,R,R,td,dom,ndom,dom,TD13
47,56,34,2017-11-30 15:08:12,L,R,td,ndom,ndom,ndom,TD13
0,0,0,2017-11-30 15:08:13,R,R,td,dom,ndom,dom,TD13
68,67,53,2017-11-30 15:08:13,L,R,td,ndom,ndom,ndom,TD13
0,0,0,2017-11-30 15:08:14,R,R,td,dom,ndom,dom,TD13
28,29,78,2017-11-30 15:08:14,L,R,td,ndom,ndom,ndom,TD13
0,0,0,2017-11-30 15:08:15,R,R,td,dom,ndom,dom,TD13
31,11,38,2017-11-30 15:08:15,L,R,td,ndom,ndom,ndom,TD13
0,0,0,2017-11-30 15:08:16,R,R,td,dom,ndom,dom,TD13
74,40,24,2017-11-30 15:08:16,L,R,td,ndom,ndom,ndom,TD13
63,46,27,2017-11-30 15:08:17,L,R,td,ndom,ndom,ndom,TD13
0,0,0,2017-11-30 15:08:17,R,R,td,dom,ndom,dom,TD13
0,0,0,2017-11-30 15:08:18,R,R,td,dom,ndom,dom,TD13
49,54,30,2017-11-30 15:08:18,L,R,td,ndom,ndom,ndom,TD13
0,0,0,2017-11-30 15:08:19,R,R,td,dom,ndom,dom,TD13
38,39,11,2017-11-30 15:08:19,L,R,td,ndom,ndom,ndom,TD13
0,0,0,2017-11-30 15:08:20,R,R,td,dom,ndom,dom,TD13
95,51,14,2017-11-30 15:08:20,L,R,td,ndom,ndom,ndom,TD13
87,68,83,2017-11-30 15:09:25,R,R,td,dom,dom,dom,TD13
0,0,0,2017-11-30 15:09:25,L,R,td,ndom,dom,ndom,TD13
45,53,56,2017-11-30 15:09:26,R,R,td,dom,dom,dom,TD13
0,0,0,2017-11-30 15:09:26,L,R,td,ndom,dom,ndom,TD13
0,0,0,2017-11-30 15:09:27,L,R,td,ndom,dom,ndom,TD13
57,54,31,2017-11-30 15:09:27,R,R,td,dom,dom,dom,TD13
0,0,0,2017-11-30 15:09:28,L,R,td,ndom,dom,ndom,TD13
51,52,36,2017-11-30 15:09:28,R,R,td,dom,dom,dom,TD13
46,22,61,2017-11-30 15:09:29,R,R,td,dom,dom,dom,TD13
0,0,0,2017-11-30 15:09:29,L,R,td,ndom,dom,ndom,TD13
38,21,91,2017-11-30 15:09:30,R,R,td,dom,dom,dom,TD13
0,0,0,2017-11-30 15:09:30,L,R,td,ndom,dom,ndom,TD13
45,17,45,2017-11-30 15:09:31,R,R,td,dom,dom,dom,TD13
0,0,0,2017-11-30 15:09:31,L,R,td,ndom,dom,ndom,TD13
100,66,19,2017-11-30 15:09:32,R,R,td,dom,dom,dom,TD13
0,0,0,2017-11-30 15:09:32,L,R,td,ndom,dom,ndom,TD13
90,23,48,2017-11-30 15:09:33,R,R,td,dom,dom,dom,TD13
0,0,0,2017-11-30 15:09:33,L,R,td,ndom,dom,ndom,TD13
28,45,19,2017-11-30 15:09:34,R,R,td,dom,dom,dom,TD13
0,0,0,2017-11-30 15:09:34,L,R,td,ndom,dom,ndom,TD13
40,63,16,2017-11-30 15:09:35,R,R,td,dom,dom,dom,TD13
0,0,0,2017-11-30 15:09:35,L,R,td,ndom,dom,ndom,TD13
88,67,48,2017-11-30 15:09:36,R,R,td,dom,dom,dom,TD13
0,0,0,2017-11-30 15:09:36,L,R,td,ndom,dom,ndom,TD13
44,43,34,2017-11-30 15:09:37,R,R,td,dom,dom,dom,TD13
0,0,0,2017-11-30 15:09:37,L,R,td,ndom,dom,ndom,TD13
0,0,0,2017-11-30 15:09:38,L,R,td,ndom,dom,ndom,TD13
75,35,41,2017-11-30 15:09:38,R,R,td,dom,dom,dom,TD13
0,0,0,2017-11-30 15:09:39,L,R,td,ndom,dom,ndom,TD13
58,29,42,2017-11-30 15:09:39,R,R,td,dom,dom,dom,TD13
79,41,27,2017-11-30 15:09:40,R,R,td,dom,dom,dom,TD13
0,0,0,2017-11-30 15:09:40,L,R,td,ndom,dom,ndom,TD13
0,0,0,2017-11-30 15:09:41,L,R,td,ndom,dom,ndom,TD13
61,41,38,2017-11-30 15:09:41,R,R,td,dom,dom,dom,TD13
65,55,35,2017-11-30 15:09:42,R,R,td,dom,dom,dom,TD13
0,0,0,2017-11-30 15:09:42,L,R,td,ndom,dom,ndom,TD13
37,24,63,2017-11-30 15:09:43,R,R,td,dom,dom,dom,TD13
0,0,0,2017-11-30 15:09:43,L,R,td,ndom,dom,ndom,TD13
35,68,61,2017-11-30 15:09:44,R,R,td,dom,dom,dom,TD13
0,0,0,2017-11-30 15:09:44,L,R,td,ndom,dom,ndom,TD13
36,44,64,2017-11-30 15:09:45,R,R,td,dom,dom,dom,TD13
0,0,0,2017-11-30 15:09:45,L,R,td,ndom,dom,ndom,TD13
49,42,52,2017-11-30 15:09:46,R,R,td,dom,dom,dom,TD13
0,0,0,2017-11-30 15:09:46,L,R,td,ndom,dom,ndom,TD13
85,70,27,2017-11-30 15:09:47,R,R,td,dom,dom,dom,TD13
0,0,0,2017-11-30 15:09:47,L,R,td,ndom,dom,ndom,TD13
54,29,23,2017-11-30 15:09:48,R,R,td,dom,dom,dom,TD13
0,0,0,2017-11-30 15:09:48,L,R,td,ndom,dom,ndom,TD13
136,34,34,2017-11-30 15:09:49,R,R,td,dom,dom,dom,TD13
102,37,92,2017-11-30 15:09:49,L,R,td,ndom,dom,ndom,TD13
120,72,73,2017-11-30 15:09:50,L,R,td,ndom,dom,ndom,TD13
81,40,53,2017-11-30 15:09:50,R,R,td,dom,dom,dom,TD13
53,61,56,2017-11-30 15:09:51,R,R,td,dom,dom,dom,TD13
33,13,26,2017-11-30 15:09:51,L,R,td,ndom,dom,ndom,TD13
62,58,40,2017-11-30 15:09:52,R,R,td,dom,dom,dom,TD13
0,0,0,2017-11-30 15:09:52,L,R,td,ndom,dom,ndom,TD13
111,47,52,2017-11-30 15:09:53,R,R,td,dom,dom,dom,TD13
0,0,0,2017-11-30 15:09:53,L,R,td,ndom,dom,ndom,TD13
134,37,51,2017-11-30 15:09:54,R,R,td,dom,dom,dom,TD13
0,0,0,2017-11-30 15:09:54,L,R,td,ndom,dom,ndom,TD13
160,29,36,2017-11-30 15:09:55,R,R,td,dom,dom,dom,TD13
0,0,0,2017-11-30 15:09:55,L,R,td,ndom,dom,ndom,TD13
100,34,12,2017-11-30 15:09:56,R,R,td,dom,dom,dom,TD13
0,0,0,2017-11-30 15:09:56,L,R,td,ndom,dom,ndom,TD13
99,78,32,2017-11-30 15:09:57,R,R,td,dom,dom,dom,TD13
0,0,0,2017-11-30 15:09:57,L,R,td,ndom,dom,ndom,TD13
88,51,61,2017-11-30 15:09:58,R,R,td,dom,dom,dom,TD13
0,0,0,2017-11-30 15:09:58,L,R,td,ndom,dom,ndom,TD13
68,17,42,2017-11-30 15:09:59,R,R,td,dom,dom,dom,TD13
0,0,0,2017-11-30 15:09:59,L,R,td,ndom,dom,ndom,TD13
67,34,33,2017-11-30 15:10:00,R,R,td,dom,dom,dom,TD13
0,0,0,2017-11-30 15:10:00,L,R,td,ndom,dom,ndom,TD13
61,39,74,2017-11-30 15:10:01,R,R,td,dom,dom,dom,TD13
0,0,0,2017-11-30 15:10:01,L,R,td,ndom,dom,ndom,TD13
32,42,59,2017-11-30 15:10:02,R,R,td,dom,dom,dom,TD13
0,0,0,2017-11-30 15:10:02,L,R,td,ndom,dom,ndom,TD13
18,62,64,2017-11-30 15:10:03,R,R,td,dom,dom,dom,TD13
0,0,0,2017-11-30 15:10:03,L,R,td,ndom,dom,ndom,TD13
26,43,62,2017-11-30 15:10:04,R,R,td,dom,dom,dom,TD13
0,0,0,2017-11-30 15:10:04,L,R,td,ndom,dom,ndom,TD13
33,67,48,2017-11-30 15:10:05,R,R,td,dom,dom,dom,TD13
0,0,0,2017-11-30 15:10:05,L,R,td,ndom,dom,ndom,TD13
58,41,52,2017-11-30 15:10:06,R,R,td,dom,dom,dom,TD13
0,0,0,2017-11-30 15:10:06,L,R,td,ndom,dom,ndom,TD13
49,50,50,2017-11-30 15:10:07,R,R,td,dom,dom,dom,TD13
0,0,0,2017-11-30 15:10:07,L,R,td,ndom,dom,ndom,TD13
66,53,67,2017-11-30 15:10:08,R,R,td,dom,dom,dom,TD13
0,0,0,2017-11-30 15:10:08,L,R,td,ndom,dom,ndom,TD13
34,38,46,2017-11-30 15:10:09,R,R,td,dom,dom,dom,TD13
0,0,0,2017-11-30 15:10:09,L,R,td,ndom,dom,ndom,TD13
32,57,13,2017-11-30 15:10:10,R,R,td,dom,dom,dom,TD13
0,0,0,2017-11-30 15:10:10,L,R,td,ndom,dom,ndom,TD13
0,0,0,2017-11-30 15:10:11,L,R,td,ndom,dom,ndom,TD13
43,33,18,2017-11-30 15:10:11,R,R,td,dom,dom,dom,TD13
0,0,0,2017-11-30 15:10:12,L,R,td,ndom,dom,ndom,TD13
30,58,38,2017-11-30 15:10:12,R,R,td,dom,dom,dom,TD13
93,14,41,2017-11-30 15:10:13,R,R,td,dom,dom,dom,TD13
0,0,0,2017-11-30 15:10:13,L,R,td,ndom,dom,ndom,TD13
60,75,12,2017-11-30 15:10:14,R,R,td,dom,dom,dom,TD13
0,0,0,2017-11-30 15:10:14,L,R,td,ndom,dom,ndom,TD13
52,59,66,2017-11-30 15:10:15,R,R,td,dom,dom,dom,TD13
0,0,0,2017-11-30 15:10:15,L,R,td,ndom,dom,ndom,TD13
0,0,0,2017-11-30 15:10:16,L,R,td,ndom,dom,ndom,TD13
53,45,7,2017-11-30 15:10:16,R,R,td,dom,dom,dom,TD13
0,0,0,2017-11-30 15:10:17,L,R,td,ndom,dom,ndom,TD13
67,72,75,2017-11-30 15:10:17,R,R,td,dom,dom,dom,TD13
55,62,31,2017-11-30 15:10:18,R,R,td,dom,dom,dom,TD13
0,0,0,2017-11-30 15:10:18,L,R,td,ndom,dom,ndom,TD13
61,54,31,2017-11-30 15:10:19,R,R,td,dom,dom,dom,TD13
0,0,0,2017-11-30 15:10:19,L,R,td,ndom,dom,ndom,TD13
57,88,68,2017-11-30 15:10:20,R,R,td,dom,dom,dom,TD13
0,0,0,2017-11-30 15:10:20,L,R,td,ndom,dom,ndom,TD13
43,68,95,2017-11-30 15:10:21,R,R,td,dom,dom,dom,TD13
0,0,0,2017-11-30 15:10:21,L,R,td,ndom,dom,ndom,TD13
56,72,81,2017-11-30 15:10:22,R,R,td,dom,dom,dom,TD13
0,0,0,2017-11-30 15:10:22,L,R,td,ndom,dom,ndom,TD13
42,109,62,2017-11-30 15:10:23,R,R,td,dom,dom,dom,TD13
0,0,0,2017-11-30 15:10:23,L,R,td,ndom,dom,ndom,TD13
0,0,0,2017-11-30 15:10:24,L,R,td,ndom,dom,ndom,TD13
26,47,30,2017-11-30 15:10:24,R,R,td,dom,dom,dom,TD13
102,149,37,2017-11-30 15:10:25,R,R,td,dom,dom,dom,TD13
0,0,0,2017-11-30 15:10:25,L,R,td,ndom,dom,ndom,TD13
156,74,90,2017-03-22 12:18:30,L,L,td,dom,dom,dom,TD14
0,13,0,2017-03-22 12:18:30,R,L,td,ndom,dom,ndom,TD14
108,50,86,2017-03-22 12:18:31,L,L,td,dom,dom,dom,TD14
0,7,0,2017-03-22 12:18:31,R,L,td,ndom,dom,ndom,TD14
235,63,74,2017-03-22 12:18:32,L,L,td,dom,dom,dom,TD14
0,0,0,2017-03-22 12:18:32,R,L,td,ndom,dom,ndom,TD14
200,38,159,2017-03-22 12:18:33,L,L,td,dom,dom,dom,TD14
0,0,0,2017-03-22 12:18:33,R,L,td,ndom,dom,ndom,TD14
0,0,0,2017-03-22 12:18:34,R,L,td,ndom,dom,ndom,TD14
190,81,70,2017-03-22 12:18:34,L,L,td,dom,dom,dom,TD14
62,44,47,2017-03-22 12:18:35,L,L,td,dom,dom,dom,TD14
0,0,0,2017-03-22 12:18:35,R,L,td,ndom,dom,ndom,TD14
67,67,96,2017-03-22 12:18:36,L,L,td,dom,dom,dom,TD14
0,0,0,2017-03-22 12:18:36,R,L,td,ndom,dom,ndom,TD14
107,115,106,2017-03-22 12:18:37,L,L,td,dom,dom,dom,TD14
0,0,0,2017-03-22 12:18:37,R,L,td,ndom,dom,ndom,TD14
0,0,0,2017-03-22 12:18:38,R,L,td,ndom,dom,ndom,TD14
114,124,64,2017-03-22 12:18:38,L,L,td,dom,dom,dom,TD14
0,0,0,2017-03-22 12:18:39,R,L,td,ndom,dom,ndom,TD14
109,121,97,2017-03-22 12:18:39,L,L,td,dom,dom,dom,TD14
0,0,0,2017-03-22 12:18:40,R,L,td,ndom,dom,ndom,TD14
155,118,64,2017-03-22 12:18:40,L,L,td,dom,dom,dom,TD14
0,0,0,2017-03-22 12:18:41,R,L,td,ndom,dom,ndom,TD14
188,128,79,2017-03-22 12:18:41,L,L,td,dom,dom,dom,TD14
0,0,0,2017-03-22 12:18:42,R,L,td,ndom,dom,ndom,TD14
221,123,83,2017-03-22 12:18:42,L,L,td,dom,dom,dom,TD14
0,0,0,2017-03-22 12:18:43,R,L,td,ndom,dom,ndom,TD14
270,90,104,2017-03-22 12:18:43,L,L,td,dom,dom,dom,TD14
0,0,0,2017-03-22 12:18:44,R,L,td,ndom,dom,ndom,TD14
152,95,103,2017-03-22 12:18:44,L,L,td,dom,dom,dom,TD14
125,105,55,2017-03-22 12:18:45,L,L,td,dom,dom,dom,TD14
0,0,0,2017-03-22 12:18:45,R,L,td,ndom,dom,ndom,TD14
0,0,0,2017-03-22 12:18:46,R,L,td,ndom,dom,ndom,TD14
139,99,84,2017-03-22 12:18:46,L,L,td,dom,dom,dom,TD14
108,141,37,2017-03-22 12:18:47,L,L,td,dom,dom,dom,TD14
0,0,0,2017-03-22 12:18:47,R,L,td,ndom,dom,ndom,TD14
100,168,72,2017-03-22 12:18:48,L,L,td,dom,dom,dom,TD14
0,0,0,2017-03-22 12:18:48,R,L,td,ndom,dom,ndom,TD14
125,115,71,2017-03-22 12:18:49,L,L,td,dom,dom,dom,TD14
0,0,0,2017-03-22 12:18:49,R,L,td,ndom,dom,ndom,TD14
148,80,54,2017-03-22 12:18:50,L,L,td,dom,dom,dom,TD14
0,0,0,2017-03-22 12:18:50,R,L,td,ndom,dom,ndom,TD14
122,109,39,2017-03-22 12:18:51,L,L,td,dom,dom,dom,TD14
0,0,0,2017-03-22 12:18:51,R,L,td,ndom,dom,ndom,TD14
131,64,65,2017-03-22 12:18:52,L,L,td,dom,dom,dom,TD14
0,0,0,2017-03-22 12:18:52,R,L,td,ndom,dom,ndom,TD14
153,88,60,2017-03-22 12:18:53,L,L,td,dom,dom,dom,TD14
0,0,0,2017-03-22 12:18:53,R,L,td,ndom,dom,ndom,TD14
0,0,0,2017-03-22 12:18:54,R,L,td,ndom,dom,ndom,TD14
138,95,65,2017-03-22 12:18:54,L,L,td,dom,dom,dom,TD14
0,0,0,2017-03-22 12:18:55,R,L,td,ndom,dom,ndom,TD14
177,83,54,2017-03-22 12:18:55,L,L,td,dom,dom,dom,TD14
0,0,0,2017-03-22 12:18:56,R,L,td,ndom,dom,ndom,TD14
163,70,44,2017-03-22 12:18:56,L,L,td,dom,dom,dom,TD14
228,103,56,2017-03-22 12:18:57,L,L,td,dom,dom,dom,TD14
0,0,0,2017-03-22 12:18:57,R,L,td,ndom,dom,ndom,TD14
115,86,112,2017-03-22 12:18:58,L,L,td,dom,dom,dom,TD14
0,0,0,2017-03-22 12:18:58,R,L,td,ndom,dom,ndom,TD14
95,87,76,2017-03-22 12:18:59,L,L,td,dom,dom,dom,TD14
0,0,0,2017-03-22 12:18:59,R,L,td,ndom,dom,ndom,TD14
111,112,80,2017-03-22 12:19:00,L,L,td,dom,dom,dom,TD14
0,0,0,2017-03-22 12:19:00,R,L,td,ndom,dom,ndom,TD14
54,97,110,2017-03-22 12:19:01,L,L,td,dom,dom,dom,TD14
0,0,0,2017-03-22 12:19:01,R,L,td,ndom,dom,ndom,TD14
0,0,0,2017-03-22 12:19:02,R,L,td,ndom,dom,ndom,TD14
111,91,81,2017-03-22 12:19:02,L,L,td,dom,dom,dom,TD14
66,111,75,2017-03-22 12:19:03,L,L,td,dom,dom,dom,TD14
0,0,0,2017-03-22 12:19:03,R,L,td,ndom,dom,ndom,TD14
112,119,72,2017-03-22 12:19:04,L,L,td,dom,dom,dom,TD14
0,0,0,2017-03-22 12:19:04,R,L,td,ndom,dom,ndom,TD14
138,138,61,2017-03-22 12:19:05,L,L,td,dom,dom,dom,TD14
0,0,0,2017-03-22 12:19:05,R,L,td,ndom,dom,ndom,TD14
114,97,55,2017-03-22 12:19:06,L,L,td,dom,dom,dom,TD14
0,0,0,2017-03-22 12:19:06,R,L,td,ndom,dom,ndom,TD14
121,160,94,2017-03-22 12:19:07,L,L,td,dom,dom,dom,TD14
0,0,0,2017-03-22 12:19:07,R,L,td,ndom,dom,ndom,TD14
166,153,72,2017-03-22 12:19:08,L,L,td,dom,dom,dom,TD14
0,0,0,2017-03-22 12:19:08,R,L,td,ndom,dom,ndom,TD14
172,150,76,2017-03-22 12:19:09,L,L,td,dom,dom,dom,TD14
0,0,0,2017-03-22 12:19:09,R,L,td,ndom,dom,ndom,TD14
150,199,99,2017-03-22 12:19:10,L,L,td,dom,dom,dom,TD14
0,0,0,2017-03-22 12:19:10,R,L,td,ndom,dom,ndom,TD14
162,185,82,2017-03-22 12:19:11,L,L,td,dom,dom,dom,TD14
0,0,0,2017-03-22 12:19:11,R,L,td,ndom,dom,ndom,TD14
183,180,94,2017-03-22 12:19:12,L,L,td,dom,dom,dom,TD14
0,0,0,2017-03-22 12:19:12,R,L,td,ndom,dom,ndom,TD14
116,99,90,2017-03-22 12:19:13,L,L,td,dom,dom,dom,TD14
0,0,0,2017-03-22 12:19:13,R,L,td,ndom,dom,ndom,TD14
128,117,75,2017-03-22 12:19:14,L,L,td,dom,dom,dom,TD14
0,0,0,2017-03-22 12:19:14,R,L,td,ndom,dom,ndom,TD14
160,191,108,2017-03-22 12:19:15,L,L,td,dom,dom,dom,TD14
0,0,0,2017-03-22 12:19:15,R,L,td,ndom,dom,ndom,TD14
66,108,84,2017-03-22 12:19:16,L,L,td,dom,dom,dom,TD14
0,0,0,2017-03-22 12:19:16,R,L,td,ndom,dom,ndom,TD14
72,101,60,2017-03-22 12:19:17,L,L,td,dom,dom,dom,TD14
0,0,0,2017-03-22 12:19:17,R,L,td,ndom,dom,ndom,TD14
0,0,0,2017-03-22 12:19:18,R,L,td,ndom,dom,ndom,TD14
83,156,57,2017-03-22 12:19:18,L,L,td,dom,dom,dom,TD14
0,0,0,2017-03-22 12:19:19,R,L,td,ndom,dom,ndom,TD14
94,111,42,2017-03-22 12:19:19,L,L,td,dom,dom,dom,TD14
121,151,90,2017-03-22 12:19:20,L,L,td,dom,dom,dom,TD14
0,0,0,2017-03-22 12:19:20,R,L,td,ndom,dom,ndom,TD14
175,148,85,2017-03-22 12:19:21,L,L,td,dom,dom,dom,TD14
0,0,0,2017-03-22 12:19:21,R,L,td,ndom,dom,ndom,TD14
142,78,53,2017-03-22 12:19:22,L,L,td,dom,dom,dom,TD14
0,4,0,2017-03-22 12:19:22,R,L,td,ndom,dom,ndom,TD14
0,0,0,2017-03-22 12:19:23,R,L,td,ndom,dom,ndom,TD14
135,118,68,2017-03-22 12:19:23,L,L,td,dom,dom,dom,TD14
181,178,99,2017-03-22 12:19:24,L,L,td,dom,dom,dom,TD14
0,0,0,2017-03-22 12:19:24,R,L,td,ndom,dom,ndom,TD14
201,146,69,2017-03-22 12:19:25,L,L,td,dom,dom,dom,TD14
0,2,0,2017-03-22 12:19:25,R,L,td,ndom,dom,ndom,TD14
198,144,46,2017-03-22 12:19:26,L,L,td,dom,dom,dom,TD14
0,0,0,2017-03-22 12:19:26,R,L,td,ndom,dom,ndom,TD14
182,129,136,2017-03-22 12:19:27,L,L,td,dom,dom,dom,TD14
0,2,0,2017-03-22 12:19:27,R,L,td,ndom,dom,ndom,TD14
183,84,52,2017-03-22 12:19:28,L,L,td,dom,dom,dom,TD14
6,0,0,2017-03-22 12:19:28,R,L,td,ndom,dom,ndom,TD14
125,126,44,2017-03-22 12:19:29,L,L,td,dom,dom,dom,TD14
20,16,13,2017-03-22 12:19:29,R,L,td,ndom,dom,ndom,TD14
23,10,8,2017-03-22 12:19:30,L,L,td,dom,dom,dom,TD14
26,37,0,2017-03-22 12:19:30,R,L,td,ndom,dom,ndom,TD14
0,6,6,2017-03-22 12:20:50,L,L,td,dom,ndom,dom,TD14
205,139,75,2017-03-22 12:20:50,R,L,td,ndom,ndom,ndom,TD14
227,216,88,2017-03-22 12:20:51,R,L,td,ndom,ndom,ndom,TD14
0,0,0,2017-03-22 12:20:51,L,L,td,dom,ndom,dom,TD14
70,142,86,2017-03-22 12:20:52,R,L,td,ndom,ndom,ndom,TD14
0,0,0,2017-03-22 12:20:52,L,L,td,dom,ndom,dom,TD14
0,0,0,2017-03-22 12:20:53,L,L,td,dom,ndom,dom,TD14
65,158,127,2017-03-22 12:20:53,R,L,td,ndom,ndom,ndom,TD14
0,0,0,2017-03-22 12:20:54,L,L,td,dom,ndom,dom,TD14
63,140,116,2017-03-22 12:20:54,R,L,td,ndom,ndom,ndom,TD14
118,151,112,2017-03-22 12:20:55,R,L,td,ndom,ndom,ndom,TD14
0,0,0,2017-03-22 12:20:55,L,L,td,dom,ndom,dom,TD14
150,143,89,2017-03-22 12:20:56,R,L,td,ndom,ndom,ndom,TD14
0,0,0,2017-03-22 12:20:56,L,L,td,dom,ndom,dom,TD14
0,0,0,2017-03-22 12:20:57,L,L,td,dom,ndom,dom,TD14
179,114,94,2017-03-22 12:20:57,R,L,td,ndom,ndom,ndom,TD14
213,124,99,2017-03-22 12:20:58,R,L,td,ndom,ndom,ndom,TD14
0,0,0,2017-03-22 12:20:58,L,L,td,dom,ndom,dom,TD14
122,99,96,2017-03-22 12:20:59,R,L,td,ndom,ndom,ndom,TD14
0,0,0,2017-03-22 12:20:59,L,L,td,dom,ndom,dom,TD14
230,117,137,2017-03-22 12:21:00,R,L,td,ndom,ndom,ndom,TD14
0,0,0,2017-03-22 12:21:00,L,L,td,dom,ndom,dom,TD14
177,85,77,2017-03-22 12:21:01,R,L,td,ndom,ndom,ndom,TD14
0,0,0,2017-03-22 12:21:01,L,L,td,dom,ndom,dom,TD14
207,153,54,2017-03-22 12:21:02,R,L,td,ndom,ndom,ndom,TD14
0,0,0,2017-03-22 12:21:02,L,L,td,dom,ndom,dom,TD14
0,0,0,2017-03-22 12:21:03,L,L,td,dom,ndom,dom,TD14
181,236,85,2017-03-22 12:21:03,R,L,td,ndom,ndom,ndom,TD14
0,0,0,2017-03-22 12:21:04,L,L,td,dom,ndom,dom,TD14
79,146,48,2017-03-22 12:21:04,R,L,td,ndom,ndom,ndom,TD14
38,122,48,2017-03-22 12:21:05,R,L,td,ndom,ndom,ndom,TD14
0,0,0,2017-03-22 12:21:05,L,L,td,dom,ndom,dom,TD14
0,0,0,2017-03-22 12:21:06,L,L,td,dom,ndom,dom,TD14
58,96,88,2017-03-22 12:21:06,R,L,td,ndom,ndom,ndom,TD14
0,0,0,2017-03-22 12:21:07,L,L,td,dom,ndom,dom,TD14
211,73,75,2017-03-22 12:21:07,R,L,td,ndom,ndom,ndom,TD14
0,0,0,2017-03-22 12:21:08,L,L,td,dom,ndom,dom,TD14
229,129,28,2017-03-22 12:21:08,R,L,td,ndom,ndom,ndom,TD14
127,212,96,2017-03-22 12:21:09,R,L,td,ndom,ndom,ndom,TD14
0,0,0,2017-03-22 12:21:09,L,L,td,dom,ndom,dom,TD14
132,151,46,2017-03-22 12:21:10,R,L,td,ndom,ndom,ndom,TD14
0,0,0,2017-03-22 12:21:10,L,L,td,dom,ndom,dom,TD14
106,192,40,2017-03-22 12:21:11,R,L,td,ndom,ndom,ndom,TD14
0,0,0,2017-03-22 12:21:11,L,L,td,dom,ndom,dom,TD14
0,0,0,2017-03-22 12:21:12,L,L,td,dom,ndom,dom,TD14
66,161,69,2017-03-22 12:21:12,R,L,td,ndom,ndom,ndom,TD14
0,2,1,2017-03-22 12:21:13,L,L,td,dom,ndom,dom,TD14
120,151,50,2017-03-22 12:21:13,R,L,td,ndom,ndom,ndom,TD14
0,0,0,2017-03-22 12:21:14,L,L,td,dom,ndom,dom,TD14
231,156,52,2017-03-22 12:21:14,R,L,td,ndom,ndom,ndom,TD14
101,167,60,2017-03-22 12:21:15,R,L,td,ndom,ndom,ndom,TD14
0,0,0,2017-03-22 12:21:15,L,L,td,dom,ndom,dom,TD14
70,137,46,2017-03-22 12:21:16,R,L,td,ndom,ndom,ndom,TD14
0,0,0,2017-03-22 12:21:16,L,L,td,dom,ndom,dom,TD14
0,0,0,2017-03-22 12:21:17,L,L,td,dom,ndom,dom,TD14
135,128,49,2017-03-22 12:21:17,R,L,td,ndom,ndom,ndom,TD14
0,0,6,2017-03-22 12:21:18,L,L,td,dom,ndom,dom,TD14
205,94,80,2017-03-22 12:21:18,R,L,td,ndom,ndom,ndom,TD14
104,132,32,2017-03-22 12:21:19,R,L,td,ndom,ndom,ndom,TD14
0,13,23,2017-03-22 12:21:19,L,L,td,dom,ndom,dom,TD14
107,137,97,2017-03-22 12:21:20,R,L,td,ndom,ndom,ndom,TD14
0,16,20,2017-03-22 12:21:20,L,L,td,dom,ndom,dom,TD14
115,197,90,2017-03-22 12:21:21,R,L,td,ndom,ndom,ndom,TD14
0,0,0,2017-03-22 12:21:21,L,L,td,dom,ndom,dom,TD14
111,173,83,2017-03-22 12:21:22,R,L,td,ndom,ndom,ndom,TD14
0,0,0,2017-03-22 12:21:22,L,L,td,dom,ndom,dom,TD14
121,198,65,2017-03-22 12:21:23,R,L,td,ndom,ndom,ndom,TD14
0,0,0,2017-03-22 12:21:23,L,L,td,dom,ndom,dom,TD14
34,77,91,2017-03-22 12:21:24,R,L,td,ndom,ndom,ndom,TD14
0,0,0,2017-03-22 12:21:24,L,L,td,dom,ndom,dom,TD14
66,120,95,2017-03-22 12:21:25,R,L,td,ndom,ndom,ndom,TD14
0,0,0,2017-03-22 12:21:25,L,L,td,dom,ndom,dom,TD14
143,115,44,2017-03-22 12:21:26,R,L,td,ndom,ndom,ndom,TD14
0,0,0,2017-03-22 12:21:26,L,L,td,dom,ndom,dom,TD14
71,110,47,2017-03-22 12:21:27,R,L,td,ndom,ndom,ndom,TD14
0,0,0,2017-03-22 12:21:27,L,L,td,dom,ndom,dom,TD14
138,186,92,2017-03-22 12:21:28,R,L,td,ndom,ndom,ndom,TD14
0,0,0,2017-03-22 12:21:28,L,L,td,dom,ndom,dom,TD14
0,0,0,2017-03-22 12:21:29,L,L,td,dom,ndom,dom,TD14
147,175,141,2017-03-22 12:21:29,R,L,td,ndom,ndom,ndom,TD14
0,0,0,2017-03-22 12:21:30,L,L,td,dom,ndom,dom,TD14
116,124,125,2017-03-22 12:21:30,R,L,td,ndom,ndom,ndom,TD14
0,0,0,2017-03-22 12:21:31,L,L,td,dom,ndom,dom,TD14
90,168,101,2017-03-22 12:21:31,R,L,td,ndom,ndom,ndom,TD14
44,115,149,2017-03-22 12:21:32,R,L,td,ndom,ndom,ndom,TD14
0,0,0,2017-03-22 12:21:32,L,L,td,dom,ndom,dom,TD14
56,136,121,2017-03-22 12:21:33,R,L,td,ndom,ndom,ndom,TD14
0,0,0,2017-03-22 12:21:33,L,L,td,dom,ndom,dom,TD14
0,0,0,2017-03-22 12:21:34,L,L,td,dom,ndom,dom,TD14
36,179,68,2017-03-22 12:21:34,R,L,td,ndom,ndom,ndom,TD14
0,0,0,2017-03-22 12:21:35,L,L,td,dom,ndom,dom,TD14
98,147,55,2017-03-22 12:21:35,R,L,td,ndom,ndom,ndom,TD14
0,0,0,2017-03-22 12:21:36,L,L,td,dom,ndom,dom,TD14
125,188,109,2017-03-22 12:21:36,R,L,td,ndom,ndom,ndom,TD14
0,0,0,2017-03-22 12:21:37,L,L,td,dom,ndom,dom,TD14
54,122,118,2017-03-22 12:21:37,R,L,td,ndom,ndom,ndom,TD14
0,0,0,2017-03-22 12:21:38,L,L,td,dom,ndom,dom,TD14
153,172,88,2017-03-22 12:21:38,R,L,td,ndom,ndom,ndom,TD14
0,0,4,2017-03-22 12:21:39,L,L,td,dom,ndom,dom,TD14
133,146,80,2017-03-22 12:21:39,R,L,td,ndom,ndom,ndom,TD14
0,0,0,2017-03-22 12:21:40,L,L,td,dom,ndom,dom,TD14
201,236,111,2017-03-22 12:21:40,R,L,td,ndom,ndom,ndom,TD14
0,0,0,2017-03-22 12:21:41,L,L,td,dom,ndom,dom,TD14
171,131,88,2017-03-22 12:21:41,R,L,td,ndom,ndom,ndom,TD14
152,90,82,2017-03-22 12:21:42,R,L,td,ndom,ndom,ndom,TD14
0,0,0,2017-03-22 12:21:42,L,L,td,dom,ndom,dom,TD14
227,195,96,2017-03-22 12:21:43,R,L,td,ndom,ndom,ndom,TD14
0,0,0,2017-03-22 12:21:43,L,L,td,dom,ndom,dom,TD14
234,186,80,2017-03-22 12:21:44,R,L,td,ndom,ndom,ndom,TD14
0,0,0,2017-03-22 12:21:44,L,L,td,dom,ndom,dom,TD14
168,190,80,2017-03-22 12:21:45,R,L,td,ndom,ndom,ndom,TD14
0,0,0,2017-03-22 12:21:45,L,L,td,dom,ndom,dom,TD14
210,154,157,2017-03-22 12:21:46,R,L,td,ndom,ndom,ndom,TD14
0,0,0,2017-03-22 12:21:46,L,L,td,dom,ndom,dom,TD14
207,132,112,2017-03-22 12:21:47,R,L,td,ndom,ndom,ndom,TD14
0,0,0,2017-03-22 12:21:47,L,L,td,dom,ndom,dom,TD14
39,75,29,2017-03-22 12:21:48,R,L,td,ndom,ndom,ndom,TD14
0,0,0,2017-03-22 12:21:48,L,L,td,dom,ndom,dom,TD14
135,158,70,2017-03-22 12:21:49,R,L,td,ndom,ndom,ndom,TD14
0,1,9,2017-03-22 12:21:49,L,L,td,dom,ndom,dom,TD14
89,53,61,2017-03-22 12:21:50,R,L,td,ndom,ndom,ndom,TD14
41,54,62,2017-03-22 12:21:50,L,L,td,dom,ndom,dom,TD14
159,90,211,2017-05-23 19:52:10,R,R,td,dom,dom,dom,TD15
0,6,0,2017-05-23 19:52:10,L,R,td,ndom,dom,ndom,TD15
99,146,75,2017-05-23 19:52:11,R,R,td,dom,dom,dom,TD15
0,9,0,2017-05-23 19:52:11,L,R,td,ndom,dom,ndom,TD15
110,96,72,2017-05-23 19:52:12,R,R,td,dom,dom,dom,TD15
0,0,0,2017-05-23 19:52:12,L,R,td,ndom,dom,ndom,TD15
80,113,50,2017-05-23 19:52:13,R,R,td,dom,dom,dom,TD15
0,1,0,2017-05-23 19:52:13,L,R,td,ndom,dom,ndom,TD15
96,86,85,2017-05-23 19:52:14,R,R,td,dom,dom,dom,TD15
0,6,0,2017-05-23 19:52:14,L,R,td,ndom,dom,ndom,TD15
113,91,119,2017-05-23 19:52:15,R,R,td,dom,dom,dom,TD15
0,0,0,2017-05-23 19:52:15,L,R,td,ndom,dom,ndom,TD15
0,0,0,2017-05-23 19:52:16,L,R,td,ndom,dom,ndom,TD15
88,162,130,2017-05-23 19:52:16,R,R,td,dom,dom,dom,TD15
0,0,0,2017-05-23 19:52:17,L,R,td,ndom,dom,ndom,TD15
58,120,61,2017-05-23 19:52:17,R,R,td,dom,dom,dom,TD15
0,0,0,2017-05-23 19:52:18,L,R,td,ndom,dom,ndom,TD15
44,53,34,2017-05-23 19:52:18,R,R,td,dom,dom,dom,TD15
0,0,0,2017-05-23 19:52:19,L,R,td,ndom,dom,ndom,TD15
122,135,80,2017-05-23 19:52:19,R,R,td,dom,dom,dom,TD15
0,0,0,2017-05-23 19:52:20,L,R,td,ndom,dom,ndom,TD15
71,115,111,2017-05-23 19:52:20,R,R,td,dom,dom,dom,TD15
0,0,0,2017-05-23 19:52:21,L,R,td,ndom,dom,ndom,TD15
159,193,221,2017-05-23 19:52:21,R,R,td,dom,dom,dom,TD15
0,0,0,2017-05-23 19:52:22,L,R,td,ndom,dom,ndom,TD15
224,165,190,2017-05-23 19:52:22,R,R,td,dom,dom,dom,TD15
51,93,169,2017-05-23 19:52:23,R,R,td,dom,dom,dom,TD15
0,1,0,2017-05-23 19:52:23,L,R,td,ndom,dom,ndom,TD15
0,0,0,2017-05-23 19:52:24,L,R,td,ndom,dom,ndom,TD15
83,133,194,2017-05-23 19:52:24,R,R,td,dom,dom,dom,TD15
0,0,0,2017-05-23 19:52:25,L,R,td,ndom,dom,ndom,TD15
95,114,134,2017-05-23 19:52:25,R,R,td,dom,dom,dom,TD15
0,0,0,2017-05-23 19:52:26,L,R,td,ndom,dom,ndom,TD15
111,107,136,2017-05-23 19:52:26,R,R,td,dom,dom,dom,TD15
0,0,0,2017-05-23 19:52:27,L,R,td,ndom,dom,ndom,TD15
65,117,16,2017-05-23 19:52:27,R,R,td,dom,dom,dom,TD15
46,48,39,2017-05-23 19:52:28,R,R,td,dom,dom,dom,TD15
0,0,0,2017-05-23 19:52:28,L,R,td,ndom,dom,ndom,TD15
0,0,0,2017-05-23 19:52:29,L,R,td,ndom,dom,ndom,TD15
39,27,46,2017-05-23 19:52:29,R,R,td,dom,dom,dom,TD15
0,0,0,2017-05-23 19:52:30,L,R,td,ndom,dom,ndom,TD15
83,124,54,2017-05-23 19:52:30,R,R,td,dom,dom,dom,TD15
0,0,0,2017-05-23 19:52:31,L,R,td,ndom,dom,ndom,TD15
41,17,16,2017-05-23 19:52:31,R,R,td,dom,dom,dom,TD15
0,0,0,2017-05-23 19:52:32,L,R,td,ndom,dom,ndom,TD15
113,90,127,2017-05-23 19:52:32,R,R,td,dom,dom,dom,TD15
65,94,96,2017-05-23 19:52:33,R,R,td,dom,dom,dom,TD15
0,0,0,2017-05-23 19:52:33,L,R,td,ndom,dom,ndom,TD15
0,0,0,2017-05-23 19:52:34,L,R,td,ndom,dom,ndom,TD15
89,115,112,2017-05-23 19:52:34,R,R,td,dom,dom,dom,TD15
0,0,0,2017-05-23 19:52:35,L,R,td,ndom,dom,ndom,TD15
60,84,62,2017-05-23 19:52:35,R,R,td,dom,dom,dom,TD15
0,0,0,2017-05-23 19:52:36,L,R,td,ndom,dom,ndom,TD15
91,112,68,2017-05-23 19:52:36,R,R,td,dom,dom,dom,TD15
81,119,63,2017-05-23 19:52:37,R,R,td,dom,dom,dom,TD15
0,0,0,2017-05-23 19:52:37,L,R,td,ndom,dom,ndom,TD15
110,131,98,2017-05-23 19:52:38,R,R,td,dom,dom,dom,TD15
0,7,14,2017-05-23 19:52:38,L,R,td,ndom,dom,ndom,TD15
0,3,6,2017-05-23 19:52:39,L,R,td,ndom,dom,ndom,TD15
61,29,18,2017-05-23 19:52:39,R,R,td,dom,dom,dom,TD15
125,69,63,2017-05-23 19:52:40,R,R,td,dom,dom,dom,TD15
0,0,0,2017-05-23 19:52:40,L,R,td,ndom,dom,ndom,TD15
0,0,0,2017-05-23 19:52:41,L,R,td,ndom,dom,ndom,TD15
63,55,48,2017-05-23 19:52:41,R,R,td,dom,dom,dom,TD15
0,0,0,2017-05-23 19:52:42,L,R,td,ndom,dom,ndom,TD15
100,93,30,2017-05-23 19:52:42,R,R,td,dom,dom,dom,TD15
0,0,0,2017-05-23 19:52:43,L,R,td,ndom,dom,ndom,TD15
101,131,93,2017-05-23 19:52:43,R,R,td,dom,dom,dom,TD15
96,124,199,2017-05-23 19:52:44,R,R,td,dom,dom,dom,TD15
0,0,0,2017-05-23 19:52:44,L,R,td,ndom,dom,ndom,TD15
0,0,0,2017-05-23 19:52:45,L,R,td,ndom,dom,ndom,TD15
169,153,179,2017-05-23 19:52:45,R,R,td,dom,dom,dom,TD15
0,0,0,2017-05-23 19:52:46,L,R,td,ndom,dom,ndom,TD15
82,101,112,2017-05-23 19:52:46,R,R,td,dom,dom,dom,TD15
0,0,0,2017-05-23 19:52:47,L,R,td,ndom,dom,ndom,TD15
81,130,88,2017-05-23 19:52:47,R,R,td,dom,dom,dom,TD15
0,0,0,2017-05-23 19:52:48,L,R,td,ndom,dom,ndom,TD15
46,73,55,2017-05-23 19:52:48,R,R,td,dom,dom,dom,TD15
128,66,116,2017-05-23 19:52:49,R,R,td,dom,dom,dom,TD15
0,0,0,2017-05-23 19:52:49,L,R,td,ndom,dom,ndom,TD15
0,0,0,2017-05-23 19:52:50,L,R,td,ndom,dom,ndom,TD15
85,108,80,2017-05-23 19:52:50,R,R,td,dom,dom,dom,TD15
54,169,143,2017-05-23 19:52:51,R,R,td,dom,dom,dom,TD15
0,4,0,2017-05-23 19:52:51,L,R,td,ndom,dom,ndom,TD15
0,0,0,2017-05-23 19:52:52,L,R,td,ndom,dom,ndom,TD15
116,121,155,2017-05-23 19:52:52,R,R,td,dom,dom,dom,TD15
127,118,131,2017-05-23 19:52:53,R,R,td,dom,dom,dom,TD15
0,0,0,2017-05-23 19:52:53,L,R,td,ndom,dom,ndom,TD15
85,127,69,2017-05-23 19:52:54,R,R,td,dom,dom,dom,TD15
0,0,0,2017-05-23 19:52:54,L,R,td,ndom,dom,ndom,TD15
0,0,0,2017-05-23 19:52:55,L,R,td,ndom,dom,ndom,TD15
106,91,124,2017-05-23 19:52:55,R,R,td,dom,dom,dom,TD15
175,103,141,2017-05-23 19:52:56,R,R,td,dom,dom,dom,TD15
0,0,0,2017-05-23 19:52:56,L,R,td,ndom,dom,ndom,TD15
110,98,120,2017-05-23 19:52:57,R,R,td,dom,dom,dom,TD15
0,0,0,2017-05-23 19:52:57,L,R,td,ndom,dom,ndom,TD15
0,0,0,2017-05-23 19:52:58,L,R,td,ndom,dom,ndom,TD15
67,89,100,2017-05-23 19:52:58,R,R,td,dom,dom,dom,TD15
0,0,0,2017-05-23 19:52:59,L,R,td,ndom,dom,ndom,TD15
98,143,45,2017-05-23 19:52:59,R,R,td,dom,dom,dom,TD15
150,82,77,2017-05-23 19:53:00,R,R,td,dom,dom,dom,TD15
44,15,25,2017-05-23 19:53:00,L,R,td,ndom,dom,ndom,TD15
0,0,0,2017-05-23 19:53:01,L,R,td,ndom,dom,ndom,TD15
100,70,91,2017-05-23 19:53:01,R,R,td,dom,dom,dom,TD15
19,0,0,2017-05-23 19:53:02,L,R,td,ndom,dom,ndom,TD15
115,84,129,2017-05-23 19:53:02,R,R,td,dom,dom,dom,TD15
76,85,180,2017-05-23 19:53:03,R,R,td,dom,dom,dom,TD15
0,0,13,2017-05-23 19:53:03,L,R,td,ndom,dom,ndom,TD15
0,0,0,2017-05-23 19:53:04,L,R,td,ndom,dom,ndom,TD15
68,59,71,2017-05-23 19:53:04,R,R,td,dom,dom,dom,TD15
0,0,0,2017-05-23 19:53:05,L,R,td,ndom,dom,ndom,TD15
108,82,153,2017-05-23 19:53:05,R,R,td,dom,dom,dom,TD15
78,63,50,2017-05-23 19:53:06,R,R,td,dom,dom,dom,TD15
0,0,0,2017-05-23 19:53:06,L,R,td,ndom,dom,ndom,TD15
0,0,0,2017-05-23 19:53:07,L,R,td,ndom,dom,ndom,TD15
209,72,190,2017-05-23 19:53:07,R,R,td,dom,dom,dom,TD15
47,165,155,2017-05-23 19:53:08,R,R,td,dom,dom,dom,TD15
0,0,0,2017-05-23 19:53:08,L,R,td,ndom,dom,ndom,TD15
0,0,0,2017-05-23 19:53:09,L,R,td,ndom,dom,ndom,TD15
70,123,88,2017-05-23 19:53:09,R,R,td,dom,dom,dom,TD15
0,0,0,2017-05-23 19:53:10,L,R,td,ndom,dom,ndom,TD15
0,0,0,2017-05-23 19:53:10,R,R,td,dom,dom,dom,TD15
91,17,78,2017-05-23 19:56:00,L,R,td,ndom,ndom,ndom,TD15
0,0,0,2017-05-23 19:56:00,R,R,td,dom,ndom,dom,TD15
0,0,0,2017-05-23 19:56:01,R,R,td,dom,ndom,dom,TD15
51,44,98,2017-05-23 19:56:01,L,R,td,ndom,ndom,ndom,TD15
0,0,0,2017-05-23 19:56:02,R,R,td,dom,ndom,dom,TD15
113,69,75,2017-05-23 19:56:02,L,R,td,ndom,ndom,ndom,TD15
66,86,53,2017-05-23 19:56:03,L,R,td,ndom,ndom,ndom,TD15
0,0,0,2017-05-23 19:56:03,R,R,td,dom,ndom,dom,TD15
0,0,0,2017-05-23 19:56:04,R,R,td,dom,ndom,dom,TD15
80,32,52,2017-05-23 19:56:04,L,R,td,ndom,ndom,ndom,TD15
106,55,66,2017-05-23 19:56:05,L,R,td,ndom,ndom,ndom,TD15
0,0,0,2017-05-23 19:56:05,R,R,td,dom,ndom,dom,TD15
73,74,46,2017-05-23 19:56:06,L,R,td,ndom,ndom,ndom,TD15
0,0,0,2017-05-23 19:56:06,R,R,td,dom,ndom,dom,TD15
57,80,70,2017-05-23 19:56:07,L,R,td,ndom,ndom,ndom,TD15
0,0,0,2017-05-23 19:56:07,R,R,td,dom,ndom,dom,TD15
0,0,0,2017-05-23 19:56:08,R,R,td,dom,ndom,dom,TD15
74,53,93,2017-05-23 19:56:08,L,R,td,ndom,ndom,ndom,TD15
111,88,110,2017-05-23 19:56:09,L,R,td,ndom,ndom,ndom,TD15
0,0,0,2017-05-23 19:56:09,R,R,td,dom,ndom,dom,TD15
52,47,97,2017-05-23 19:56:10,L,R,td,ndom,ndom,ndom,TD15
0,0,0,2017-05-23 19:56:10,R,R,td,dom,ndom,dom,TD15
0,0,0,2017-05-23 19:56:11,R,R,td,dom,ndom,dom,TD15
82,61,42,2017-05-23 19:56:11,L,R,td,ndom,ndom,ndom,TD15
4,6,0,2017-05-23 19:56:12,L,R,td,ndom,ndom,ndom,TD15
0,0,0,2017-05-23 19:56:12,R,R,td,dom,ndom,dom,TD15
0,0,0,2017-05-23 19:56:13,R,R,td,dom,ndom,dom,TD15
79,103,30,2017-05-23 19:56:13,L,R,td,ndom,ndom,ndom,TD15
0,0,0,2017-05-23 19:56:14,R,R,td,dom,ndom,dom,TD15
28,63,47,2017-05-23 19:56:14,L,R,td,ndom,ndom,ndom,TD15
65,28,6,2017-05-23 19:56:15,L,R,td,ndom,ndom,ndom,TD15
0,0,0,2017-05-23 19:56:15,R,R,td,dom,ndom,dom,TD15
105,89,52,2017-05-23 19:56:16,L,R,td,ndom,ndom,ndom,TD15
0,0,0,2017-05-23 19:56:16,R,R,td,dom,ndom,dom,TD15
0,0,0,2017-05-23 19:56:17,R,R,td,dom,ndom,dom,TD15
108,83,78,2017-05-23 19:56:17,L,R,td,ndom,ndom,ndom,TD15
92,177,56,2017-05-23 19:56:18,L,R,td,ndom,ndom,ndom,TD15
0,0,0,2017-05-23 19:56:18,R,R,td,dom,ndom,dom,TD15
80,62,54,2017-05-23 19:56:19,L,R,td,ndom,ndom,ndom,TD15
0,0,0,2017-05-23 19:56:19,R,R,td,dom,ndom,dom,TD15
87,70,93,2017-05-23 19:56:20,L,R,td,ndom,ndom,ndom,TD15
0,0,0,2017-05-23 19:56:20,R,R,td,dom,ndom,dom,TD15
0,0,0,2017-05-23 19:56:21,R,R,td,dom,ndom,dom,TD15
21,111,38,2017-05-23 19:56:21,L,R,td,ndom,ndom,ndom,TD15
112,99,38,2017-05-23 19:56:22,L,R,td,ndom,ndom,ndom,TD15
0,0,0,2017-05-23 19:56:22,R,R,td,dom,ndom,dom,TD15
15,84,5,2017-05-23 19:56:23,L,R,td,ndom,ndom,ndom,TD15
0,0,0,2017-05-23 19:56:23,R,R,td,dom,ndom,dom,TD15
14,69,0,2017-05-23 19:56:24,L,R,td,ndom,ndom,ndom,TD15
0,0,0,2017-05-23 19:56:24,R,R,td,dom,ndom,dom,TD15
82,87,50,2017-05-23 19:56:25,L,R,td,ndom,ndom,ndom,TD15
0,0,0,2017-05-23 19:56:25,R,R,td,dom,ndom,dom,TD15
0,0,0,2017-05-23 19:56:26,R,R,td,dom,ndom,dom,TD15
18,81,0,2017-05-23 19:56:26,L,R,td,ndom,ndom,ndom,TD15
72,117,52,2017-05-23 19:56:27,L,R,td,ndom,ndom,ndom,TD15
0,0,0,2017-05-23 19:56:27,R,R,td,dom,ndom,dom,TD15
78,27,30,2017-05-23 19:56:28,L,R,td,ndom,ndom,ndom,TD15
0,0,0,2017-05-23 19:56:28,R,R,td,dom,ndom,dom,TD15
73,78,34,2017-05-23 19:56:29,L,R,td,ndom,ndom,ndom,TD15
0,0,0,2017-05-23 19:56:29,R,R,td,dom,ndom,dom,TD15
0,0,0,2017-05-23 19:56:30,R,R,td,dom,ndom,dom,TD15
80,46,27,2017-05-23 19:56:30,L,R,td,ndom,ndom,ndom,TD15
73,69,42,2017-05-23 19:56:31,L,R,td,ndom,ndom,ndom,TD15
0,0,0,2017-05-23 19:56:31,R,R,td,dom,ndom,dom,TD15
0,0,0,2017-05-23 19:56:32,R,R,td,dom,ndom,dom,TD15
65,73,64,2017-05-23 19:56:32,L,R,td,ndom,ndom,ndom,TD15
77,65,55,2017-05-23 19:56:33,L,R,td,ndom,ndom,ndom,TD15
0,0,0,2017-05-23 19:56:33,R,R,td,dom,ndom,dom,TD15
38,69,39,2017-05-23 19:56:34,R,R,td,dom,ndom,dom,TD15
78,84,59,2017-05-23 19:56:34,L,R,td,ndom,ndom,ndom,TD15
129,57,102,2017-05-23 19:56:35,R,R,td,dom,ndom,dom,TD15
48,82,82,2017-05-23 19:56:35,L,R,td,ndom,ndom,ndom,TD15
51,32,120,2017-05-23 19:56:36,R,R,td,dom,ndom,dom,TD15
74,85,39,2017-05-23 19:56:36,L,R,td,ndom,ndom,ndom,TD15
102,60,83,2017-05-23 19:56:37,L,R,td,ndom,ndom,ndom,TD15
23,31,74,2017-05-23 19:56:37,R,R,td,dom,ndom,dom,TD15
128,65,34,2017-05-23 19:56:38,L,R,td,ndom,ndom,ndom,TD15
4,17,105,2017-05-23 19:56:38,R,R,td,dom,ndom,dom,TD15
122,108,51,2017-05-23 19:56:39,L,R,td,ndom,ndom,ndom,TD15
19,9,25,2017-05-23 19:56:39,R,R,td,dom,ndom,dom,TD15
94,79,106,2017-05-23 19:56:40,L,R,td,ndom,ndom,ndom,TD15
0,19,37,2017-05-23 19:56:40,R,R,td,dom,ndom,dom,TD15
123,143,85,2017-05-23 19:56:41,L,R,td,ndom,ndom,ndom,TD15
44,29,9,2017-05-23 19:56:41,R,R,td,dom,ndom,dom,TD15
0,0,6,2017-05-23 19:56:42,R,R,td,dom,ndom,dom,TD15
112,119,43,2017-05-23 19:56:42,L,R,td,ndom,ndom,ndom,TD15
0,0,0,2017-05-23 19:56:43,R,R,td,dom,ndom,dom,TD15
131,84,72,2017-05-23 19:56:43,L,R,td,ndom,ndom,ndom,TD15
0,0,0,2017-05-23 19:56:44,R,R,td,dom,ndom,dom,TD15
80,179,49,2017-05-23 19:56:44,L,R,td,ndom,ndom,ndom,TD15
0,0,0,2017-05-23 19:56:45,R,R,td,dom,ndom,dom,TD15
83,143,82,2017-05-23 19:56:45,L,R,td,ndom,ndom,ndom,TD15
0,0,0,2017-05-23 19:56:46,R,R,td,dom,ndom,dom,TD15
85,26,56,2017-05-23 19:56:46,L,R,td,ndom,ndom,ndom,TD15
0,0,0,2017-05-23 19:56:47,R,R,td,dom,ndom,dom,TD15
95,133,64,2017-05-23 19:56:47,L,R,td,ndom,ndom,ndom,TD15
0,0,0,2017-05-23 19:56:48,R,R,td,dom,ndom,dom,TD15
64,33,44,2017-05-23 19:56:48,L,R,td,ndom,ndom,ndom,TD15
68,132,39,2017-05-23 19:56:49,L,R,td,ndom,ndom,ndom,TD15
0,0,0,2017-05-23 19:56:49,R,R,td,dom,ndom,dom,TD15
67,92,34,2017-05-23 19:56:50,L,R,td,ndom,ndom,ndom,TD15
0,0,0,2017-05-23 19:56:50,R,R,td,dom,ndom,dom,TD15
11,82,0,2017-05-23 19:56:51,L,R,td,ndom,ndom,ndom,TD15
0,0,0,2017-05-23 19:56:51,R,R,td,dom,ndom,dom,TD15
0,0,0,2017-05-23 19:56:52,R,R,td,dom,ndom,dom,TD15
137,133,75,2017-05-23 19:56:52,L,R,td,ndom,ndom,ndom,TD15
98,36,49,2017-05-23 19:56:53,L,R,td,ndom,ndom,ndom,TD15
0,0,0,2017-05-23 19:56:53,R,R,td,dom,ndom,dom,TD15
74,59,48,2017-05-23 19:56:54,L,R,td,ndom,ndom,ndom,TD15
0,0,0,2017-05-23 19:56:54,R,R,td,dom,ndom,dom,TD15
0,0,0,2017-05-23 19:56:55,R,R,td,dom,ndom,dom,TD15
73,107,39,2017-05-23 19:56:55,L,R,td,ndom,ndom,ndom,TD15
77,111,53,2017-05-23 19:56:56,L,R,td,ndom,ndom,ndom,TD15
0,0,0,2017-05-23 19:56:56,R,R,td,dom,ndom,dom,TD15
0,0,0,2017-05-23 19:56:57,R,R,td,dom,ndom,dom,TD15
77,119,42,2017-05-23 19:56:57,L,R,td,ndom,ndom,ndom,TD15
89,71,47,2017-05-23 19:56:58,L,R,td,ndom,ndom,ndom,TD15
0,0,0,2017-05-23 19:56:58,R,R,td,dom,ndom,dom,TD15
0,0,0,2017-05-23 19:56:59,R,R,td,dom,ndom,dom,TD15
39,18,18,2017-05-23 19:56:59,L,R,td,ndom,ndom,ndom,TD15
0,0,0,2017-05-23 19:57:00,R,R,td,dom,ndom,dom,TD15
52,124,39,2017-05-23 19:57:00,L,R,td,ndom,ndom,ndom,TD15
225,159,284,2017-05-23 19:46:10,R,R,td,dom,dom,dom,TD16
0,0,0,2017-05-23 19:46:10,L,R,td,ndom,dom,ndom,TD16
134,73,251,2017-05-23 19:46:11,R,R,td,dom,dom,dom,TD16
0,42,0,2017-05-23 19:46:11,L,R,td,ndom,dom,ndom,TD16
78,87,89,2017-05-23 19:46:12,R,R,td,dom,dom,dom,TD16
0,1,0,2017-05-23 19:46:12,L,R,td,ndom,dom,ndom,TD16
0,4,0,2017-05-23 19:46:13,L,R,td,ndom,dom,ndom,TD16
127,146,95,2017-05-23 19:46:13,R,R,td,dom,dom,dom,TD16
114,99,71,2017-05-23 19:46:14,R,R,td,dom,dom,dom,TD16
0,3,0,2017-05-23 19:46:14,L,R,td,ndom,dom,ndom,TD16
0,0,0,2017-05-23 19:46:15,L,R,td,ndom,dom,ndom,TD16
91,60,41,2017-05-23 19:46:15,R,R,td,dom,dom,dom,TD16
0,0,0,2017-05-23 19:46:16,L,R,td,ndom,dom,ndom,TD16
87,51,60,2017-05-23 19:46:16,R,R,td,dom,dom,dom,TD16
0,0,0,2017-05-23 19:46:17,L,R,td,ndom,dom,ndom,TD16
58,57,49,2017-05-23 19:46:17,R,R,td,dom,dom,dom,TD16
128,59,73,2017-05-23 19:46:18,R,R,td,dom,dom,dom,TD16
0,0,0,2017-05-23 19:46:18,L,R,td,ndom,dom,ndom,TD16
0,0,0,2017-05-23 19:46:19,L,R,td,ndom,dom,ndom,TD16
42,94,99,2017-05-23 19:46:19,R,R,td,dom,dom,dom,TD16
0,0,0,2017-05-23 19:46:20,L,R,td,ndom,dom,ndom,TD16
103,100,110,2017-05-23 19:46:20,R,R,td,dom,dom,dom,TD16
0,0,0,2017-05-23 19:46:21,L,R,td,ndom,dom,ndom,TD16
125,66,93,2017-05-23 19:46:21,R,R,td,dom,dom,dom,TD16
0,0,0,2017-05-23 19:46:22,L,R,td,ndom,dom,ndom,TD16
86,91,57,2017-05-23 19:46:22,R,R,td,dom,dom,dom,TD16
0,0,0,2017-05-23 19:46:23,L,R,td,ndom,dom,ndom,TD16
100,146,96,2017-05-23 19:46:23,R,R,td,dom,dom,dom,TD16
0,0,0,2017-05-23 19:46:24,L,R,td,ndom,dom,ndom,TD16
99,145,109,2017-05-23 19:46:24,R,R,td,dom,dom,dom,TD16
84,127,90,2017-05-23 19:46:25,R,R,td,dom,dom,dom,TD16
0,2,0,2017-05-23 19:46:25,L,R,td,ndom,dom,ndom,TD16
95,89,144,2017-05-23 19:46:26,R,R,td,dom,dom,dom,TD16
0,0,0,2017-05-23 19:46:26,L,R,td,ndom,dom,ndom,TD16
97,181,75,2017-05-23 19:46:27,R,R,td,dom,dom,dom,TD16
0,0,0,2017-05-23 19:46:27,L,R,td,ndom,dom,ndom,TD16
0,0,0,2017-05-23 19:46:28,L,R,td,ndom,dom,ndom,TD16
80,152,41,2017-05-23 19:46:28,R,R,td,dom,dom,dom,TD16
110,76,60,2017-05-23 19:46:29,R,R,td,dom,dom,dom,TD16
0,0,0,2017-05-23 19:46:29,L,R,td,ndom,dom,ndom,TD16
176,130,159,2017-05-23 19:46:30,R,R,td,dom,dom,dom,TD16
0,3,3,2017-05-23 19:46:30,L,R,td,ndom,dom,ndom,TD16
115,87,84,2017-05-23 19:46:31,R,R,td,dom,dom,dom,TD16
0,0,0,2017-05-23 19:46:31,L,R,td,ndom,dom,ndom,TD16
0,0,0,2017-05-23 19:46:32,L,R,td,ndom,dom,ndom,TD16
86,114,74,2017-05-23 19:46:32,R,R,td,dom,dom,dom,TD16
0,0,0,2017-05-23 19:46:33,L,R,td,ndom,dom,ndom,TD16
120,113,79,2017-05-23 19:46:33,R,R,td,dom,dom,dom,TD16
0,0,0,2017-05-23 19:46:34,L,R,td,ndom,dom,ndom,TD16
70,165,65,2017-05-23 19:46:34,R,R,td,dom,dom,dom,TD16
100,152,74,2017-05-23 19:46:35,R,R,td,dom,dom,dom,TD16
0,0,0,2017-05-23 19:46:35,L,R,td,ndom,dom,ndom,TD16
146,154,86,2017-05-23 19:46:36,R,R,td,dom,dom,dom,TD16
0,2,2,2017-05-23 19:46:36,L,R,td,ndom,dom,ndom,TD16
206,165,223,2017-05-23 19:46:37,R,R,td,dom,dom,dom,TD16
0,3,0,2017-05-23 19:46:37,L,R,td,ndom,dom,ndom,TD16
0,1,0,2017-05-23 19:46:38,L,R,td,ndom,dom,ndom,TD16
144,61,63,2017-05-23 19:46:38,R,R,td,dom,dom,dom,TD16
133,51,84,2017-05-23 19:46:39,R,R,td,dom,dom,dom,TD16
0,0,0,2017-05-23 19:46:39,L,R,td,ndom,dom,ndom,TD16
0,0,0,2017-05-23 19:46:40,L,R,td,ndom,dom,ndom,TD16
100,81,98,2017-05-23 19:46:40,R,R,td,dom,dom,dom,TD16
1,2,0,2017-05-23 19:46:41,L,R,td,ndom,dom,ndom,TD16
190,153,111,2017-05-23 19:46:41,R,R,td,dom,dom,dom,TD16
1,6,0,2017-05-23 19:46:42,L,R,td,ndom,dom,ndom,TD16
30,116,56,2017-05-23 19:46:42,R,R,td,dom,dom,dom,TD16
130,71,87,2017-05-23 19:46:43,R,R,td,dom,dom,dom,TD16
0,0,0,2017-05-23 19:46:43,L,R,td,ndom,dom,ndom,TD16
94,135,80,2017-05-23 19:46:44,R,R,td,dom,dom,dom,TD16
0,0,0,2017-05-23 19:46:44,L,R,td,ndom,dom,ndom,TD16
172,44,58,2017-05-23 19:46:45,R,R,td,dom,dom,dom,TD16
0,0,0,2017-05-23 19:46:45,L,R,td,ndom,dom,ndom,TD16
108,104,80,2017-05-23 19:46:46,R,R,td,dom,dom,dom,TD16
0,0,0,2017-05-23 19:46:46,L,R,td,ndom,dom,ndom,TD16
163,116,103,2017-05-23 19:46:47,R,R,td,dom,dom,dom,TD16
0,0,0,2017-05-23 19:46:47,L,R,td,ndom,dom,ndom,TD16
132,100,72,2017-05-23 19:46:48,R,R,td,dom,dom,dom,TD16
0,0,0,2017-05-23 19:46:48,L,R,td,ndom,dom,ndom,TD16
0,0,4,2017-05-23 19:46:49,L,R,td,ndom,dom,ndom,TD16
106,160,40,2017-05-23 19:46:49,R,R,td,dom,dom,dom,TD16
120,67,78,2017-05-23 19:46:50,R,R,td,dom,dom,dom,TD16
0,0,2,2017-05-23 19:46:50,L,R,td,ndom,dom,ndom,TD16
62,125,22,2017-05-23 19:46:51,R,R,td,dom,dom,dom,TD16
0,0,0,2017-05-23 19:46:51,L,R,td,ndom,dom,ndom,TD16
75,154,53,2017-05-23 19:46:52,R,R,td,dom,dom,dom,TD16
0,0,0,2017-05-23 19:46:52,L,R,td,ndom,dom,ndom,TD16
0,0,0,2017-05-23 19:46:53,L,R,td,ndom,dom,ndom,TD16
88,70,60,2017-05-23 19:46:53,R,R,td,dom,dom,dom,TD16
0,0,0,2017-05-23 19:46:54,L,R,td,ndom,dom,ndom,TD16
124,97,82,2017-05-23 19:46:54,R,R,td,dom,dom,dom,TD16
91,80,79,2017-05-23 19:46:55,R,R,td,dom,dom,dom,TD16
0,0,0,2017-05-23 19:46:55,L,R,td,ndom,dom,ndom,TD16
109,64,97,2017-05-23 19:46:56,R,R,td,dom,dom,dom,TD16
0,0,0,2017-05-23 19:46:56,L,R,td,ndom,dom,ndom,TD16
0,0,0,2017-05-23 19:46:57,L,R,td,ndom,dom,ndom,TD16
117,107,74,2017-05-23 19:46:57,R,R,td,dom,dom,dom,TD16
0,0,0,2017-05-23 19:46:58,L,R,td,ndom,dom,ndom,TD16
121,93,75,2017-05-23 19:46:58,R,R,td,dom,dom,dom,TD16
0,0,0,2017-05-23 19:46:59,L,R,td,ndom,dom,ndom,TD16
92,85,62,2017-05-23 19:46:59,R,R,td,dom,dom,dom,TD16
104,94,73,2017-05-23 19:47:00,R,R,td,dom,dom,dom,TD16
0,0,0,2017-05-23 19:47:00,L,R,td,ndom,dom,ndom,TD16
86,86,72,2017-05-23 19:47:01,R,R,td,dom,dom,dom,TD16
0,0,0,2017-05-23 19:47:01,L,R,td,ndom,dom,ndom,TD16
123,123,48,2017-05-23 19:47:02,R,R,td,dom,dom,dom,TD16
0,0,0,2017-05-23 19:47:02,L,R,td,ndom,dom,ndom,TD16
94,124,77,2017-05-23 19:47:03,R,R,td,dom,dom,dom,TD16
0,0,0,2017-05-23 19:47:03,L,R,td,ndom,dom,ndom,TD16
175,77,86,2017-05-23 19:47:04,R,R,td,dom,dom,dom,TD16
13,13,41,2017-05-23 19:47:04,L,R,td,ndom,dom,ndom,TD16
103,44,102,2017-05-23 19:47:05,R,R,td,dom,dom,dom,TD16
40,41,110,2017-05-23 19:47:05,L,R,td,ndom,dom,ndom,TD16
33,43,33,2017-05-23 19:47:06,R,R,td,dom,dom,dom,TD16
0,4,21,2017-05-23 19:47:06,L,R,td,ndom,dom,ndom,TD16
0,0,1,2017-05-23 19:47:07,L,R,td,ndom,dom,ndom,TD16
167,97,117,2017-05-23 19:47:07,R,R,td,dom,dom,dom,TD16
161,51,95,2017-05-23 19:47:08,R,R,td,dom,dom,dom,TD16
0,4,2,2017-05-23 19:47:08,L,R,td,ndom,dom,ndom,TD16
0,0,0,2017-05-23 19:47:09,L,R,td,ndom,dom,ndom,TD16
86,56,15,2017-05-23 19:47:09,R,R,td,dom,dom,dom,TD16
0,0,0,2017-05-23 19:47:10,L,R,td,ndom,dom,ndom,TD16
25,11,15,2017-05-23 19:47:10,R,R,td,dom,dom,dom,TD16
47,66,135,2017-05-23 19:49:00,L,R,td,ndom,ndom,ndom,TD16
0,11,0,2017-05-23 19:49:00,R,R,td,dom,ndom,dom,TD16
0,5,2,2017-05-23 19:49:01,R,R,td,dom,ndom,dom,TD16
295,124,146,2017-05-23 19:49:01,L,R,td,ndom,ndom,ndom,TD16
166,89,87,2017-05-23 19:49:02,L,R,td,ndom,ndom,ndom,TD16
0,0,0,2017-05-23 19:49:02,R,R,td,dom,ndom,dom,TD16
117,73,100,2017-05-23 19:49:03,L,R,td,ndom,ndom,ndom,TD16
0,8,9,2017-05-23 19:49:03,R,R,td,dom,ndom,dom,TD16
0,0,2,2017-05-23 19:49:04,R,R,td,dom,ndom,dom,TD16
122,58,95,2017-05-23 19:49:04,L,R,td,ndom,ndom,ndom,TD16
0,0,0,2017-05-23 19:49:05,R,R,td,dom,ndom,dom,TD16
132,131,77,2017-05-23 19:49:05,L,R,td,ndom,ndom,ndom,TD16
47,58,42,2017-05-23 19:49:06,L,R,td,ndom,ndom,ndom,TD16
0,0,9,2017-05-23 19:49:06,R,R,td,dom,ndom,dom,TD16
107,117,72,2017-05-23 19:49:07,L,R,td,ndom,ndom,ndom,TD16
0,0,0,2017-05-23 19:49:07,R,R,td,dom,ndom,dom,TD16
0,0,0,2017-05-23 19:49:08,R,R,td,dom,ndom,dom,TD16
78,103,65,2017-05-23 19:49:08,L,R,td,ndom,ndom,ndom,TD16
0,0,0,2017-05-23 19:49:09,R,R,td,dom,ndom,dom,TD16
118,140,48,2017-05-23 19:49:09,L,R,td,ndom,ndom,ndom,TD16
0,0,0,2017-05-23 19:49:10,R,R,td,dom,ndom,dom,TD16
90,132,50,2017-05-23 19:49:10,L,R,td,ndom,ndom,ndom,TD16
0,0,0,2017-05-23 19:49:11,R,R,td,dom,ndom,dom,TD16
87,98,68,2017-05-23 19:49:11,L,R,td,ndom,ndom,ndom,TD16
0,0,3,2017-05-23 19:49:12,R,R,td,dom,ndom,dom,TD16
54,73,57,2017-05-23 19:49:12,L,R,td,ndom,ndom,ndom,TD16
0,0,0,2017-05-23 19:49:13,R,R,td,dom,ndom,dom,TD16
144,111,91,2017-05-23 19:49:13,L,R,td,ndom,ndom,ndom,TD16
0,0,0,2017-05-23 19:49:14,R,R,td,dom,ndom,dom,TD16
212,115,110,2017-05-23 19:49:14,L,R,td,ndom,ndom,ndom,TD16
0,0,0,2017-05-23 19:49:15,R,R,td,dom,ndom,dom,TD16
142,91,17,2017-05-23 19:49:15,L,R,td,ndom,ndom,ndom,TD16
0,0,0,2017-05-23 19:49:16,R,R,td,dom,ndom,dom,TD16
113,97,31,2017-05-23 19:49:16,L,R,td,ndom,ndom,ndom,TD16
0,0,0,2017-05-23 19:49:17,R,R,td,dom,ndom,dom,TD16
131,77,43,2017-05-23 19:49:17,L,R,td,ndom,ndom,ndom,TD16
0,0,0,2017-05-23 19:49:18,R,R,td,dom,ndom,dom,TD16
114,67,88,2017-05-23 19:49:18,L,R,td,ndom,ndom,ndom,TD16
0,0,0,2017-05-23 19:49:19,R,R,td,dom,ndom,dom,TD16
136,103,74,2017-05-23 19:49:19,L,R,td,ndom,ndom,ndom,TD16
0,0,0,2017-05-23 19:49:20,R,R,td,dom,ndom,dom,TD16
120,68,88,2017-05-23 19:49:20,L,R,td,ndom,ndom,ndom,TD16
0,0,0,2017-05-23 19:49:21,R,R,td,dom,ndom,dom,TD16
110,88,30,2017-05-23 19:49:21,L,R,td,ndom,ndom,ndom,TD16
114,105,78,2017-05-23 19:49:22,L,R,td,ndom,ndom,ndom,TD16
0,0,0,2017-05-23 19:49:22,R,R,td,dom,ndom,dom,TD16
0,0,0,2017-05-23 19:49:23,R,R,td,dom,ndom,dom,TD16
89,42,43,2017-05-23 19:49:23,L,R,td,ndom,ndom,ndom,TD16
0,0,0,2017-05-23 19:49:24,R,R,td,dom,ndom,dom,TD16
105,75,51,2017-05-23 19:49:24,L,R,td,ndom,ndom,ndom,TD16
0,0,0,2017-05-23 19:49:25,R,R,td,dom,ndom,dom,TD16
125,99,69,2017-05-23 19:49:25,L,R,td,ndom,ndom,ndom,TD16
0,0,0,2017-05-23 19:49:26,R,R,td,dom,ndom,dom,TD16
79,120,60,2017-05-23 19:49:26,L,R,td,ndom,ndom,ndom,TD16
102,197,49,2017-05-23 19:49:27,L,R,td,ndom,ndom,ndom,TD16
0,0,0,2017-05-23 19:49:27,R,R,td,dom,ndom,dom,TD16
98,161,109,2017-05-23 19:49:28,L,R,td,ndom,ndom,ndom,TD16
0,0,0,2017-05-23 19:49:28,R,R,td,dom,ndom,dom,TD16
74,177,100,2017-05-23 19:49:29,L,R,td,ndom,ndom,ndom,TD16
0,0,0,2017-05-23 19:49:29,R,R,td,dom,ndom,dom,TD16
109,173,100,2017-05-23 19:49:30,L,R,td,ndom,ndom,ndom,TD16
0,0,0,2017-05-23 19:49:30,R,R,td,dom,ndom,dom,TD16
121,179,52,2017-05-23 19:49:31,L,R,td,ndom,ndom,ndom,TD16
0,0,0,2017-05-23 19:49:31,R,R,td,dom,ndom,dom,TD16
75,73,20,2017-05-23 19:49:32,L,R,td,ndom,ndom,ndom,TD16
0,0,0,2017-05-23 19:49:32,R,R,td,dom,ndom,dom,TD16
163,110,74,2017-05-23 19:49:33,L,R,td,ndom,ndom,ndom,TD16
0,0,4,2017-05-23 19:49:33,R,R,td,dom,ndom,dom,TD16
211,113,87,2017-05-23 19:49:34,L,R,td,ndom,ndom,ndom,TD16
0,0,0,2017-05-23 19:49:34,R,R,td,dom,ndom,dom,TD16
103,127,84,2017-05-23 19:49:35,L,R,td,ndom,ndom,ndom,TD16
0,0,0,2017-05-23 19:49:35,R,R,td,dom,ndom,dom,TD16
0,0,0,2017-05-23 19:49:36,R,R,td,dom,ndom,dom,TD16
93,86,11,2017-05-23 19:49:36,L,R,td,ndom,ndom,ndom,TD16
0,0,0,2017-05-23 19:49:37,R,R,td,dom,ndom,dom,TD16
114,80,25,2017-05-23 19:49:37,L,R,td,ndom,ndom,ndom,TD16
0,0,0,2017-05-23 19:49:38,R,R,td,dom,ndom,dom,TD16
29,62,7,2017-05-23 19:49:38,L,R,td,ndom,ndom,ndom,TD16
0,0,0,2017-05-23 19:49:39,R,R,td,dom,ndom,dom,TD16
91,68,14,2017-05-23 19:49:39,L,R,td,ndom,ndom,ndom,TD16
0,0,0,2017-05-23 19:49:40,R,R,td,dom,ndom,dom,TD16
124,79,41,2017-05-23 19:49:40,L,R,td,ndom,ndom,ndom,TD16
0,0,0,2017-05-23 19:49:41,R,R,td,dom,ndom,dom,TD16
113,235,44,2017-05-23 19:49:41,L,R,td,ndom,ndom,ndom,TD16
64,223,37,2017-05-23 19:49:42,L,R,td,ndom,ndom,ndom,TD16
0,0,0,2017-05-23 19:49:42,R,R,td,dom,ndom,dom,TD16
131,139,27,2017-05-23 19:49:43,L,R,td,ndom,ndom,ndom,TD16
0,0,0,2017-05-23 19:49:43,R,R,td,dom,ndom,dom,TD16
0,0,0,2017-05-23 19:49:44,R,R,td,dom,ndom,dom,TD16
168,109,35,2017-05-23 19:49:44,L,R,td,ndom,ndom,ndom,TD16
143,145,46,2017-05-23 19:49:45,L,R,td,ndom,ndom,ndom,TD16
0,0,0,2017-05-23 19:49:45,R,R,td,dom,ndom,dom,TD16
0,0,0,2017-05-23 19:49:46,R,R,td,dom,ndom,dom,TD16
127,90,42,2017-05-23 19:49:46,L,R,td,ndom,ndom,ndom,TD16
161,144,66,2017-05-23 19:49:47,L,R,td,ndom,ndom,ndom,TD16
0,0,0,2017-05-23 19:49:47,R,R,td,dom,ndom,dom,TD16
0,0,0,2017-05-23 19:49:48,R,R,td,dom,ndom,dom,TD16
61,98,54,2017-05-23 19:49:48,L,R,td,ndom,ndom,ndom,TD16
58,57,12,2017-05-23 19:49:49,L,R,td,ndom,ndom,ndom,TD16
0,0,0,2017-05-23 19:49:49,R,R,td,dom,ndom,dom,TD16
134,163,85,2017-05-23 19:49:50,L,R,td,ndom,ndom,ndom,TD16
0,0,0,2017-05-23 19:49:50,R,R,td,dom,ndom,dom,TD16
0,0,0,2017-05-23 19:49:51,R,R,td,dom,ndom,dom,TD16
125,130,92,2017-05-23 19:49:51,L,R,td,ndom,ndom,ndom,TD16
90,144,42,2017-05-23 19:49:52,L,R,td,ndom,ndom,ndom,TD16
0,0,0,2017-05-23 19:49:52,R,R,td,dom,ndom,dom,TD16
29,55,29,2017-05-23 19:49:53,L,R,td,ndom,ndom,ndom,TD16
0,0,0,2017-05-23 19:49:53,R,R,td,dom,ndom,dom,TD16
78,84,20,2017-05-23 19:49:54,L,R,td,ndom,ndom,ndom,TD16
0,0,0,2017-05-23 19:49:54,R,R,td,dom,ndom,dom,TD16
127,220,47,2017-05-23 19:49:55,L,R,td,ndom,ndom,ndom,TD16
0,0,0,2017-05-23 19:49:55,R,R,td,dom,ndom,dom,TD16
76,119,48,2017-05-23 19:49:56,L,R,td,ndom,ndom,ndom,TD16
0,0,0,2017-05-23 19:49:56,R,R,td,dom,ndom,dom,TD16
120,138,62,2017-05-23 19:49:57,L,R,td,ndom,ndom,ndom,TD16
64,102,46,2017-05-23 19:49:57,R,R,td,dom,ndom,dom,TD16
129,170,60,2017-05-23 19:49:58,L,R,td,ndom,ndom,ndom,TD16
39,19,41,2017-05-23 19:49:58,R,R,td,dom,ndom,dom,TD16
117,114,76,2017-05-23 19:49:59,L,R,td,ndom,ndom,ndom,TD16
9,0,1,2017-05-23 19:49:59,R,R,td,dom,ndom,dom,TD16
3,0,5,2017-05-23 19:50:00,R,R,td,dom,ndom,dom,TD16
99,94,38,2017-05-23 19:50:00,L,R,td,ndom,ndom,ndom,TD16
0,0,0,2017-12-03 18:37:30,R,R,td,dom,ndom,dom,TD17
91,103,62,2017-12-03 18:37:30,L,R,td,ndom,ndom,ndom,TD17
103,74,135,2017-12-03 18:37:31,L,R,td,ndom,ndom,ndom,TD17
0,0,0,2017-12-03 18:37:31,R,R,td,dom,ndom,dom,TD17
133,127,114,2017-12-03 18:37:32,L,R,td,ndom,ndom,ndom,TD17
0,0,0,2017-12-03 18:37:32,R,R,td,dom,ndom,dom,TD17
92,97,53,2017-12-03 18:37:33,L,R,td,ndom,ndom,ndom,TD17
0,0,0,2017-12-03 18:37:33,R,R,td,dom,ndom,dom,TD17
38,106,41,2017-12-03 18:37:34,L,R,td,ndom,ndom,ndom,TD17
0,0,0,2017-12-03 18:37:34,R,R,td,dom,ndom,dom,TD17
84,48,85,2017-12-03 18:37:35,L,R,td,ndom,ndom,ndom,TD17
0,0,0,2017-12-03 18:37:35,R,R,td,dom,ndom,dom,TD17
83,61,70,2017-12-03 18:37:36,L,R,td,ndom,ndom,ndom,TD17
0,0,0,2017-12-03 18:37:36,R,R,td,dom,ndom,dom,TD17
0,0,0,2017-12-03 18:37:37,R,R,td,dom,ndom,dom,TD17
85,67,45,2017-12-03 18:37:37,L,R,td,ndom,ndom,ndom,TD17
66,31,76,2017-12-03 18:37:38,L,R,td,ndom,ndom,ndom,TD17
0,0,0,2017-12-03 18:37:38,R,R,td,dom,ndom,dom,TD17
0,0,0,2017-12-03 18:37:39,R,R,td,dom,ndom,dom,TD17
78,16,69,2017-12-03 18:37:39,L,R,td,ndom,ndom,ndom,TD17
0,0,0,2017-12-03 18:37:40,R,R,td,dom,ndom,dom,TD17
100,21,52,2017-12-03 18:37:40,L,R,td,ndom,ndom,ndom,TD17
34,13,43,2017-12-03 18:37:41,L,R,td,ndom,ndom,ndom,TD17
0,0,0,2017-12-03 18:37:41,R,R,td,dom,ndom,dom,TD17
0,0,0,2017-12-03 18:37:42,R,R,td,dom,ndom,dom,TD17
38,59,65,2017-12-03 18:37:42,L,R,td,ndom,ndom,ndom,TD17
15,74,30,2017-12-03 18:37:43,L,R,td,ndom,ndom,ndom,TD17
0,0,0,2017-12-03 18:37:43,R,R,td,dom,ndom,dom,TD17
0,0,0,2017-12-03 18:37:44,R,R,td,dom,ndom,dom,TD17
75,94,91,2017-12-03 18:37:44,L,R,td,ndom,ndom,ndom,TD17
0,0,0,2017-12-03 18:37:45,R,R,td,dom,ndom,dom,TD17
52,38,91,2017-12-03 18:37:45,L,R,td,ndom,ndom,ndom,TD17
0,0,0,2017-12-03 18:37:46,R,R,td,dom,ndom,dom,TD17
69,97,52,2017-12-03 18:37:46,L,R,td,ndom,ndom,ndom,TD17
0,0,0,2017-12-03 18:37:47,R,R,td,dom,ndom,dom,TD17
56,77,73,2017-12-03 18:37:47,L,R,td,ndom,ndom,ndom,TD17
0,0,0,2017-12-03 18:37:48,R,R,td,dom,ndom,dom,TD17
57,73,89,2017-12-03 18:37:48,L,R,td,ndom,ndom,ndom,TD17
0,0,0,2017-12-03 18:37:49,R,R,td,dom,ndom,dom,TD17
88,87,63,2017-12-03 18:37:49,L,R,td,ndom,ndom,ndom,TD17
0,0,0,2017-12-03 18:37:50,R,R,td,dom,ndom,dom,TD17
90,19,50,2017-12-03 18:37:50,L,R,td,ndom,ndom,ndom,TD17
0,0,0,2017-12-03 18:37:51,R,R,td,dom,ndom,dom,TD17
127,83,106,2017-12-03 18:37:51,L,R,td,ndom,ndom,ndom,TD17
0,0,0,2017-12-03 18:37:52,R,R,td,dom,ndom,dom,TD17
58,36,32,2017-12-03 18:37:52,L,R,td,ndom,ndom,ndom,TD17
0,0,0,2017-12-03 18:37:53,R,R,td,dom,ndom,dom,TD17
30,54,12,2017-12-03 18:37:53,L,R,td,ndom,ndom,ndom,TD17
109,54,77,2017-12-03 18:37:54,L,R,td,ndom,ndom,ndom,TD17
0,0,0,2017-12-03 18:37:54,R,R,td,dom,ndom,dom,TD17
0,0,0,2017-12-03 18:37:55,R,R,td,dom,ndom,dom,TD17
87,33,57,2017-12-03 18:37:55,L,R,td,ndom,ndom,ndom,TD17
117,70,47,2017-12-03 18:37:56,L,R,td,ndom,ndom,ndom,TD17
0,0,0,2017-12-03 18:37:56,R,R,td,dom,ndom,dom,TD17
102,53,69,2017-12-03 18:37:57,L,R,td,ndom,ndom,ndom,TD17
0,0,0,2017-12-03 18:37:57,R,R,td,dom,ndom,dom,TD17
121,48,42,2017-12-03 18:37:58,L,R,td,ndom,ndom,ndom,TD17
0,0,0,2017-12-03 18:37:58,R,R,td,dom,ndom,dom,TD17
0,0,0,2017-12-03 18:37:59,R,R,td,dom,ndom,dom,TD17
187,69,24,2017-12-03 18:37:59,L,R,td,ndom,ndom,ndom,TD17
41,40,39,2017-12-03 18:38:00,L,R,td,ndom,ndom,ndom,TD17
0,0,0,2017-12-03 18:38:00,R,R,td,dom,ndom,dom,TD17
55,48,53,2017-12-03 18:38:01,L,R,td,ndom,ndom,ndom,TD17
0,0,0,2017-12-03 18:38:01,R,R,td,dom,ndom,dom,TD17
30,52,40,2017-12-03 18:38:02,L,R,td,ndom,ndom,ndom,TD17
0,0,0,2017-12-03 18:38:02,R,R,td,dom,ndom,dom,TD17
49,73,29,2017-12-03 18:38:03,L,R,td,ndom,ndom,ndom,TD17
0,0,0,2017-12-03 18:38:03,R,R,td,dom,ndom,dom,TD17
95,90,70,2017-12-03 18:38:04,L,R,td,ndom,ndom,ndom,TD17
0,0,0,2017-12-03 18:38:04,R,R,td,dom,ndom,dom,TD17
0,0,0,2017-12-03 18:38:05,R,R,td,dom,ndom,dom,TD17
98,44,89,2017-12-03 18:38:05,L,R,td,ndom,ndom,ndom,TD17
0,0,0,2017-12-03 18:38:06,R,R,td,dom,ndom,dom,TD17
98,18,91,2017-12-03 18:38:06,L,R,td,ndom,ndom,ndom,TD17
0,0,0,2017-12-03 18:38:07,R,R,td,dom,ndom,dom,TD17
85,37,60,2017-12-03 18:38:07,L,R,td,ndom,ndom,ndom,TD17
56,27,64,2017-12-03 18:38:08,L,R,td,ndom,ndom,ndom,TD17
0,0,0,2017-12-03 18:38:08,R,R,td,dom,ndom,dom,TD17
86,66,77,2017-12-03 18:38:09,L,R,td,ndom,ndom,ndom,TD17
0,0,0,2017-12-03 18:38:09,R,R,td,dom,ndom,dom,TD17
68,88,65,2017-12-03 18:38:10,L,R,td,ndom,ndom,ndom,TD17
0,0,0,2017-12-03 18:38:10,R,R,td,dom,ndom,dom,TD17
35,87,66,2017-12-03 18:38:11,L,R,td,ndom,ndom,ndom,TD17
0,0,0,2017-12-03 18:38:11,R,R,td,dom,ndom,dom,TD17
54,69,70,2017-12-03 18:38:12,L,R,td,ndom,ndom,ndom,TD17
0,0,0,2017-12-03 18:38:12,R,R,td,dom,ndom,dom,TD17
0,0,0,2017-12-03 18:38:13,R,R,td,dom,ndom,dom,TD17
50,80,69,2017-12-03 18:38:13,L,R,td,ndom,ndom,ndom,TD17
105,98,69,2017-12-03 18:38:14,L,R,td,ndom,ndom,ndom,TD17
0,0,0,2017-12-03 18:38:14,R,R,td,dom,ndom,dom,TD17
58,65,43,2017-12-03 18:38:15,L,R,td,ndom,ndom,ndom,TD17
0,0,0,2017-12-03 18:38:15,R,R,td,dom,ndom,dom,TD17
112,120,81,2017-12-03 18:38:16,L,R,td,ndom,ndom,ndom,TD17
0,0,0,2017-12-03 18:38:16,R,R,td,dom,ndom,dom,TD17
0,0,0,2017-12-03 18:38:17,R,R,td,dom,ndom,dom,TD17
100,77,72,2017-12-03 18:38:17,L,R,td,ndom,ndom,ndom,TD17
98,87,52,2017-12-03 18:38:18,L,R,td,ndom,ndom,ndom,TD17
0,0,0,2017-12-03 18:38:18,R,R,td,dom,ndom,dom,TD17
108,49,68,2017-12-03 18:38:19,L,R,td,ndom,ndom,ndom,TD17
0,0,0,2017-12-03 18:38:19,R,R,td,dom,ndom,dom,TD17
0,0,0,2017-12-03 18:38:20,R,R,td,dom,ndom,dom,TD17
101,69,55,2017-12-03 18:38:20,L,R,td,ndom,ndom,ndom,TD17
0,0,0,2017-12-03 18:38:21,R,R,td,dom,ndom,dom,TD17
128,72,65,2017-12-03 18:38:21,L,R,td,ndom,ndom,ndom,TD17
0,0,0,2017-12-03 18:38:22,R,R,td,dom,ndom,dom,TD17
91,108,90,2017-12-03 18:38:22,L,R,td,ndom,ndom,ndom,TD17
103,49,86,2017-12-03 18:38:23,L,R,td,ndom,ndom,ndom,TD17
0,0,0,2017-12-03 18:38:23,R,R,td,dom,ndom,dom,TD17
115,61,58,2017-12-03 18:38:24,L,R,td,ndom,ndom,ndom,TD17
0,0,0,2017-12-03 18:38:24,R,R,td,dom,ndom,dom,TD17
120,92,94,2017-12-03 18:38:25,L,R,td,ndom,ndom,ndom,TD17
0,0,0,2017-12-03 18:38:25,R,R,td,dom,ndom,dom,TD17
91,108,104,2017-12-03 18:38:26,L,R,td,ndom,ndom,ndom,TD17
0,0,0,2017-12-03 18:38:26,R,R,td,dom,ndom,dom,TD17
0,0,0,2017-12-03 18:38:27,R,R,td,dom,ndom,dom,TD17
111,88,65,2017-12-03 18:38:27,L,R,td,ndom,ndom,ndom,TD17
74,65,68,2017-12-03 18:38:28,L,R,td,ndom,ndom,ndom,TD17
0,0,0,2017-12-03 18:38:28,R,R,td,dom,ndom,dom,TD17
51,78,65,2017-12-03 18:38:29,L,R,td,ndom,ndom,ndom,TD17
0,0,0,2017-12-03 18:38:29,R,R,td,dom,ndom,dom,TD17
77,43,82,2017-12-03 18:38:30,L,R,td,ndom,ndom,ndom,TD17
2,0,6,2017-12-03 18:38:30,R,R,td,dom,ndom,dom,TD17
0,0,0,2017-12-03 18:39:55,L,R,td,ndom,dom,ndom,TD17
117,141,86,2017-12-03 18:39:55,R,R,td,dom,dom,dom,TD17
83,71,117,2017-12-03 18:39:56,R,R,td,dom,dom,dom,TD17
101,78,72,2017-12-03 18:39:56,L,R,td,ndom,dom,ndom,TD17
86,87,14,2017-12-03 18:39:57,R,R,td,dom,dom,dom,TD17
183,104,113,2017-12-03 18:39:57,L,R,td,ndom,dom,ndom,TD17
99,0,47,2017-12-03 18:39:58,L,R,td,ndom,dom,ndom,TD17
125,77,71,2017-12-03 18:39:58,R,R,td,dom,dom,dom,TD17
0,0,10,2017-12-03 18:39:59,L,R,td,ndom,dom,ndom,TD17
108,55,95,2017-12-03 18:39:59,R,R,td,dom,dom,dom,TD17
52,98,84,2017-12-03 18:40:00,R,R,td,dom,dom,dom,TD17
0,0,0,2017-12-03 18:40:00,L,R,td,ndom,dom,ndom,TD17
91,29,67,2017-12-03 18:40:01,R,R,td,dom,dom,dom,TD17
0,0,0,2017-12-03 18:40:01,L,R,td,ndom,dom,ndom,TD17
51,80,39,2017-12-03 18:40:02,R,R,td,dom,dom,dom,TD17
0,0,0,2017-12-03 18:40:02,L,R,td,ndom,dom,ndom,TD17
79,57,92,2017-12-03 18:40:03,R,R,td,dom,dom,dom,TD17
0,0,0,2017-12-03 18:40:03,L,R,td,ndom,dom,ndom,TD17
108,52,122,2017-12-03 18:40:04,R,R,td,dom,dom,dom,TD17
0,0,0,2017-12-03 18:40:04,L,R,td,ndom,dom,ndom,TD17
126,94,95,2017-12-03 18:40:05,R,R,td,dom,dom,dom,TD17
0,0,0,2017-12-03 18:40:05,L,R,td,ndom,dom,ndom,TD17
0,0,0,2017-12-03 18:40:06,L,R,td,ndom,dom,ndom,TD17
80,71,99,2017-12-03 18:40:06,R,R,td,dom,dom,dom,TD17
55,34,44,2017-12-03 18:40:07,R,R,td,dom,dom,dom,TD17
0,0,0,2017-12-03 18:40:07,L,R,td,ndom,dom,ndom,TD17
0,0,0,2017-12-03 18:40:08,L,R,td,ndom,dom,ndom,TD17
80,90,31,2017-12-03 18:40:08,R,R,td,dom,dom,dom,TD17
0,0,0,2017-12-03 18:40:09,L,R,td,ndom,dom,ndom,TD17
57,91,57,2017-12-03 18:40:09,R,R,td,dom,dom,dom,TD17
0,0,0,2017-12-03 18:40:10,L,R,td,ndom,dom,ndom,TD17
23,78,55,2017-12-03 18:40:10,R,R,td,dom,dom,dom,TD17
27,42,77,2017-12-03 18:40:11,R,R,td,dom,dom,dom,TD17
0,0,0,2017-12-03 18:40:11,L,R,td,ndom,dom,ndom,TD17
0,0,0,2017-12-03 18:40:12,L,R,td,ndom,dom,ndom,TD17
43,85,25,2017-12-03 18:40:12,R,R,td,dom,dom,dom,TD17
0,0,0,2017-12-03 18:40:13,L,R,td,ndom,dom,ndom,TD17
49,48,82,2017-12-03 18:40:13,R,R,td,dom,dom,dom,TD17
0,0,0,2017-12-03 18:40:14,L,R,td,ndom,dom,ndom,TD17
48,67,59,2017-12-03 18:40:14,R,R,td,dom,dom,dom,TD17
0,0,0,2017-12-03 18:40:15,L,R,td,ndom,dom,ndom,TD17
23,54,46,2017-12-03 18:40:15,R,R,td,dom,dom,dom,TD17
0,0,0,2017-12-03 18:40:16,L,R,td,ndom,dom,ndom,TD17
43,111,85,2017-12-03 18:40:16,R,R,td,dom,dom,dom,TD17
0,0,0,2017-12-03 18:40:17,L,R,td,ndom,dom,ndom,TD17
82,71,59,2017-12-03 18:40:17,R,R,td,dom,dom,dom,TD17
0,0,0,2017-12-03 18:40:18,L,R,td,ndom,dom,ndom,TD17
72,75,63,2017-12-03 18:40:18,R,R,td,dom,dom,dom,TD17
0,0,0,2017-12-03 18:40:19,L,R,td,ndom,dom,ndom,TD17
85,30,23,2017-12-03 18:40:19,R,R,td,dom,dom,dom,TD17
77,73,40,2017-12-03 18:40:20,R,R,td,dom,dom,dom,TD17
0,0,0,2017-12-03 18:40:20,L,R,td,ndom,dom,ndom,TD17
0,0,0,2017-12-03 18:40:21,L,R,td,ndom,dom,ndom,TD17
70,67,64,2017-12-03 18:40:21,R,R,td,dom,dom,dom,TD17
0,0,0,2017-12-03 18:40:22,L,R,td,ndom,dom,ndom,TD17
52,80,56,2017-12-03 18:40:22,R,R,td,dom,dom,dom,TD17
18,94,37,2017-12-03 18:40:23,R,R,td,dom,dom,dom,TD17
0,0,0,2017-12-03 18:40:23,L,R,td,ndom,dom,ndom,TD17
0,0,0,2017-12-03 18:40:24,L,R,td,ndom,dom,ndom,TD17
60,142,63,2017-12-03 18:40:24,R,R,td,dom,dom,dom,TD17
0,0,0,2017-12-03 18:40:25,L,R,td,ndom,dom,ndom,TD17
75,88,88,2017-12-03 18:40:25,R,R,td,dom,dom,dom,TD17
51,52,62,2017-12-03 18:40:26,R,R,td,dom,dom,dom,TD17
0,0,0,2017-12-03 18:40:26,L,R,td,ndom,dom,ndom,TD17
34,89,33,2017-12-03 18:40:27,R,R,td,dom,dom,dom,TD17
0,0,0,2017-12-03 18:40:27,L,R,td,ndom,dom,ndom,TD17
95,109,44,2017-12-03 18:40:28,R,R,td,dom,dom,dom,TD17
0,0,0,2017-12-03 18:40:28,L,R,td,ndom,dom,ndom,TD17
46,163,59,2017-12-03 18:40:29,R,R,td,dom,dom,dom,TD17
0,0,0,2017-12-03 18:40:29,L,R,td,ndom,dom,ndom,TD17
0,0,0,2017-12-03 18:40:30,L,R,td,ndom,dom,ndom,TD17
109,125,21,2017-12-03 18:40:30,R,R,td,dom,dom,dom,TD17
0,0,0,2017-12-03 18:40:31,L,R,td,ndom,dom,ndom,TD17
81,76,20,2017-12-03 18:40:31,R,R,td,dom,dom,dom,TD17
76,103,26,2017-12-03 18:40:32,R,R,td,dom,dom,dom,TD17
0,0,0,2017-12-03 18:40:32,L,R,td,ndom,dom,ndom,TD17
82,127,18,2017-12-03 18:40:33,R,R,td,dom,dom,dom,TD17
0,0,0,2017-12-03 18:40:33,L,R,td,ndom,dom,ndom,TD17
0,0,0,2017-12-03 18:40:34,L,R,td,ndom,dom,ndom,TD17
88,87,9,2017-12-03 18:40:34,R,R,td,dom,dom,dom,TD17
0,0,0,2017-12-03 18:40:35,L,R,td,ndom,dom,ndom,TD17
120,82,16,2017-12-03 18:40:35,R,R,td,dom,dom,dom,TD17
152,47,27,2017-12-03 18:40:36,R,R,td,dom,dom,dom,TD17
0,0,0,2017-12-03 18:40:36,L,R,td,ndom,dom,ndom,TD17
0,0,0,2017-12-03 18:40:37,L,R,td,ndom,dom,ndom,TD17
111,145,36,2017-12-03 18:40:37,R,R,td,dom,dom,dom,TD17
79,59,27,2017-12-03 18:40:38,R,R,td,dom,dom,dom,TD17
0,0,0,2017-12-03 18:40:38,L,R,td,ndom,dom,ndom,TD17
0,0,0,2017-12-03 18:40:39,L,R,td,ndom,dom,ndom,TD17
79,132,66,2017-12-03 18:40:39,R,R,td,dom,dom,dom,TD17
69,112,28,2017-12-03 18:40:40,R,R,td,dom,dom,dom,TD17
0,0,0,2017-12-03 18:40:40,L,R,td,ndom,dom,ndom,TD17
47,97,35,2017-12-03 18:40:41,R,R,td,dom,dom,dom,TD17
0,0,0,2017-12-03 18:40:41,L,R,td,ndom,dom,ndom,TD17
65,85,69,2017-12-03 18:40:42,R,R,td,dom,dom,dom,TD17
0,0,0,2017-12-03 18:40:42,L,R,td,ndom,dom,ndom,TD17
47,105,60,2017-12-03 18:40:43,R,R,td,dom,dom,dom,TD17
0,0,0,2017-12-03 18:40:43,L,R,td,ndom,dom,ndom,TD17
0,0,0,2017-12-03 18:40:44,L,R,td,ndom,dom,ndom,TD17
52,71,44,2017-12-03 18:40:44,R,R,td,dom,dom,dom,TD17
0,0,0,2017-12-03 18:40:45,L,R,td,ndom,dom,ndom,TD17
82,98,70,2017-12-03 18:40:45,R,R,td,dom,dom,dom,TD17
0,0,0,2017-12-03 18:40:46,L,R,td,ndom,dom,ndom,TD17
76,51,67,2017-12-03 18:40:46,R,R,td,dom,dom,dom,TD17
0,0,0,2017-12-03 18:40:47,L,R,td,ndom,dom,ndom,TD17
63,45,80,2017-12-03 18:40:47,R,R,td,dom,dom,dom,TD17
0,0,0,2017-12-03 18:40:48,L,R,td,ndom,dom,ndom,TD17
64,49,51,2017-12-03 18:40:48,R,R,td,dom,dom,dom,TD17
0,0,0,2017-12-03 18:40:49,L,R,td,ndom,dom,ndom,TD17
80,131,19,2017-12-03 18:40:49,R,R,td,dom,dom,dom,TD17
0,0,0,2017-12-03 18:40:50,L,R,td,ndom,dom,ndom,TD17
50,86,40,2017-12-03 18:40:50,R,R,td,dom,dom,dom,TD17
62,116,30,2017-12-03 18:40:51,R,R,td,dom,dom,dom,TD17
0,0,0,2017-12-03 18:40:51,L,R,td,ndom,dom,ndom,TD17
73,134,65,2017-12-03 18:40:52,R,R,td,dom,dom,dom,TD17
0,0,0,2017-12-03 18:40:52,L,R,td,ndom,dom,ndom,TD17
51,159,94,2017-12-03 18:40:53,R,R,td,dom,dom,dom,TD17
0,0,0,2017-12-03 18:40:53,L,R,td,ndom,dom,ndom,TD17
51,98,92,2017-12-03 18:40:54,R,R,td,dom,dom,dom,TD17
0,0,0,2017-12-03 18:40:54,L,R,td,ndom,dom,ndom,TD17
172,86,118,2017-12-03 18:40:55,R,R,td,dom,dom,dom,TD17
30,29,53,2017-12-03 18:40:55,L,R,td,ndom,dom,ndom,TD17
0,0,0,2017-05-25 19:54:35,R,R,td,dom,ndom,dom,TD18
97,115,67,2017-05-25 19:54:35,L,R,td,ndom,ndom,ndom,TD18
0,0,0,2017-05-25 19:54:36,R,R,td,dom,ndom,dom,TD18
67,161,57,2017-05-25 19:54:36,L,R,td,ndom,ndom,ndom,TD18
43,195,54,2017-05-25 19:54:37,L,R,td,ndom,ndom,ndom,TD18
0,0,0,2017-05-25 19:54:37,R,R,td,dom,ndom,dom,TD18
47,144,67,2017-05-25 19:54:38,L,R,td,ndom,ndom,ndom,TD18
0,0,0,2017-05-25 19:54:38,R,R,td,dom,ndom,dom,TD18
91,168,54,2017-05-25 19:54:39,L,R,td,ndom,ndom,ndom,TD18
0,0,0,2017-05-25 19:54:39,R,R,td,dom,ndom,dom,TD18
42,116,32,2017-05-25 19:54:40,L,R,td,ndom,ndom,ndom,TD18
0,0,0,2017-05-25 19:54:40,R,R,td,dom,ndom,dom,TD18
131,129,56,2017-05-25 19:54:41,L,R,td,ndom,ndom,ndom,TD18
0,0,0,2017-05-25 19:54:41,R,R,td,dom,ndom,dom,TD18
73,98,20,2017-05-25 19:54:42,L,R,td,ndom,ndom,ndom,TD18
0,0,0,2017-05-25 19:54:42,R,R,td,dom,ndom,dom,TD18
133,148,65,2017-05-25 19:54:43,L,R,td,ndom,ndom,ndom,TD18
0,0,0,2017-05-25 19:54:43,R,R,td,dom,ndom,dom,TD18
128,148,86,2017-05-25 19:54:44,L,R,td,ndom,ndom,ndom,TD18
0,0,0,2017-05-25 19:54:44,R,R,td,dom,ndom,dom,TD18
0,0,0,2017-05-25 19:54:45,R,R,td,dom,ndom,dom,TD18
121,124,76,2017-05-25 19:54:45,L,R,td,ndom,ndom,ndom,TD18
0,0,0,2017-05-25 19:54:46,R,R,td,dom,ndom,dom,TD18
67,121,75,2017-05-25 19:54:46,L,R,td,ndom,ndom,ndom,TD18
0,0,0,2017-05-25 19:54:47,R,R,td,dom,ndom,dom,TD18
112,169,77,2017-05-25 19:54:47,L,R,td,ndom,ndom,ndom,TD18
0,0,0,2017-05-25 19:54:48,R,R,td,dom,ndom,dom,TD18
180,204,72,2017-05-25 19:54:48,L,R,td,ndom,ndom,ndom,TD18
182,152,89,2017-05-25 19:54:49,L,R,td,ndom,ndom,ndom,TD18
0,0,0,2017-05-25 19:54:49,R,R,td,dom,ndom,dom,TD18
0,0,0,2017-05-25 19:54:50,R,R,td,dom,ndom,dom,TD18
113,133,91,2017-05-25 19:54:50,L,R,td,ndom,ndom,ndom,TD18
0,0,0,2017-05-25 19:54:51,R,R,td,dom,ndom,dom,TD18
121,188,79,2017-05-25 19:54:51,L,R,td,ndom,ndom,ndom,TD18
0,0,0,2017-05-25 19:54:52,R,R,td,dom,ndom,dom,TD18
61,133,70,2017-05-25 19:54:52,L,R,td,ndom,ndom,ndom,TD18
0,0,0,2017-05-25 19:54:53,R,R,td,dom,ndom,dom,TD18
48,88,45,2017-05-25 19:54:53,L,R,td,ndom,ndom,ndom,TD18
0,0,0,2017-05-25 19:54:54,R,R,td,dom,ndom,dom,TD18
88,122,66,2017-05-25 19:54:54,L,R,td,ndom,ndom,ndom,TD18
0,0,0,2017-05-25 19:54:55,R,R,td,dom,ndom,dom,TD18
36,170,60,2017-05-25 19:54:55,L,R,td,ndom,ndom,ndom,TD18
0,0,0,2017-05-25 19:54:56,R,R,td,dom,ndom,dom,TD18
81,128,58,2017-05-25 19:54:56,L,R,td,ndom,ndom,ndom,TD18
71,139,75,2017-05-25 19:54:57,L,R,td,ndom,ndom,ndom,TD18
0,0,0,2017-05-25 19:54:57,R,R,td,dom,ndom,dom,TD18
0,0,0,2017-05-25 19:54:58,R,R,td,dom,ndom,dom,TD18
80,174,52,2017-05-25 19:54:58,L,R,td,ndom,ndom,ndom,TD18
0,0,0,2017-05-25 19:54:59,R,R,td,dom,ndom,dom,TD18
98,178,45,2017-05-25 19:54:59,L,R,td,ndom,ndom,ndom,TD18
0,0,0,2017-05-25 19:55:00,R,R,td,dom,ndom,dom,TD18
101,120,55,2017-05-25 19:55:00,L,R,td,ndom,ndom,ndom,TD18
0,0,0,2017-05-25 19:55:01,R,R,td,dom,ndom,dom,TD18
115,135,111,2017-05-25 19:55:01,L,R,td,ndom,ndom,ndom,TD18
0,0,0,2017-05-25 19:55:02,R,R,td,dom,ndom,dom,TD18
164,139,149,2017-05-25 19:55:02,L,R,td,ndom,ndom,ndom,TD18
0,0,0,2017-05-25 19:55:03,R,R,td,dom,ndom,dom,TD18
125,146,105,2017-05-25 19:55:03,L,R,td,ndom,ndom,ndom,TD18
122,137,100,2017-05-25 19:55:04,L,R,td,ndom,ndom,ndom,TD18
0,0,0,2017-05-25 19:55:04,R,R,td,dom,ndom,dom,TD18
74,151,66,2017-05-25 19:55:05,L,R,td,ndom,ndom,ndom,TD18
0,0,0,2017-05-25 19:55:05,R,R,td,dom,ndom,dom,TD18
114,140,98,2017-05-25 19:55:06,L,R,td,ndom,ndom,ndom,TD18
0,0,0,2017-05-25 19:55:06,R,R,td,dom,ndom,dom,TD18
109,170,92,2017-05-25 19:55:07,L,R,td,ndom,ndom,ndom,TD18
0,0,0,2017-05-25 19:55:07,R,R,td,dom,ndom,dom,TD18
128,187,100,2017-05-25 19:55:08,L,R,td,ndom,ndom,ndom,TD18
0,0,0,2017-05-25 19:55:08,R,R,td,dom,ndom,dom,TD18
103,182,116,2017-05-25 19:55:09,L,R,td,ndom,ndom,ndom,TD18
0,0,0,2017-05-25 19:55:09,R,R,td,dom,ndom,dom,TD18
111,158,91,2017-05-25 19:55:10,L,R,td,ndom,ndom,ndom,TD18
0,0,0,2017-05-25 19:55:10,R,R,td,dom,ndom,dom,TD18
78,145,67,2017-05-25 19:55:11,L,R,td,ndom,ndom,ndom,TD18
0,0,0,2017-05-25 19:55:11,R,R,td,dom,ndom,dom,TD18
0,0,0,2017-05-25 19:55:12,R,R,td,dom,ndom,dom,TD18
71,121,60,2017-05-25 19:55:12,L,R,td,ndom,ndom,ndom,TD18
0,0,0,2017-05-25 19:55:13,R,R,td,dom,ndom,dom,TD18
68,145,64,2017-05-25 19:55:13,L,R,td,ndom,ndom,ndom,TD18
0,0,0,2017-05-25 19:55:14,R,R,td,dom,ndom,dom,TD18
88,107,67,2017-05-25 19:55:14,L,R,td,ndom,ndom,ndom,TD18
0,0,0,2017-05-25 19:55:15,R,R,td,dom,ndom,dom,TD18
81,118,44,2017-05-25 19:55:15,L,R,td,ndom,ndom,ndom,TD18
176,139,73,2017-05-25 19:55:16,L,R,td,ndom,ndom,ndom,TD18
0,0,0,2017-05-25 19:55:16,R,R,td,dom,ndom,dom,TD18
0,0,0,2017-05-25 19:55:17,R,R,td,dom,ndom,dom,TD18
114,147,20,2017-05-25 19:55:17,L,R,td,ndom,ndom,ndom,TD18
178,141,58,2017-05-25 19:55:18,L,R,td,ndom,ndom,ndom,TD18
0,0,0,2017-05-25 19:55:18,R,R,td,dom,ndom,dom,TD18
161,103,88,2017-05-25 19:55:19,L,R,td,ndom,ndom,ndom,TD18
0,0,0,2017-05-25 19:55:19,R,R,td,dom,ndom,dom,TD18
151,128,109,2017-05-25 19:55:20,L,R,td,ndom,ndom,ndom,TD18
0,0,0,2017-05-25 19:55:20,R,R,td,dom,ndom,dom,TD18
0,0,0,2017-05-25 19:55:21,R,R,td,dom,ndom,dom,TD18
119,95,104,2017-05-25 19:55:21,L,R,td,ndom,ndom,ndom,TD18
0,0,0,2017-05-25 19:55:22,R,R,td,dom,ndom,dom,TD18
90,116,39,2017-05-25 19:55:22,L,R,td,ndom,ndom,ndom,TD18
0,0,0,2017-05-25 19:55:23,R,R,td,dom,ndom,dom,TD18
98,100,52,2017-05-25 19:55:23,L,R,td,ndom,ndom,ndom,TD18
0,0,0,2017-05-25 19:55:24,R,R,td,dom,ndom,dom,TD18
133,135,104,2017-05-25 19:55:24,L,R,td,ndom,ndom,ndom,TD18
0,0,0,2017-05-25 19:55:25,R,R,td,dom,ndom,dom,TD18
102,101,84,2017-05-25 19:55:25,L,R,td,ndom,ndom,ndom,TD18
102,140,110,2017-05-25 19:55:26,L,R,td,ndom,ndom,ndom,TD18
0,0,0,2017-05-25 19:55:26,R,R,td,dom,ndom,dom,TD18
0,0,0,2017-05-25 19:55:27,R,R,td,dom,ndom,dom,TD18
82,124,67,2017-05-25 19:55:27,L,R,td,ndom,ndom,ndom,TD18
127,117,70,2017-05-25 19:55:28,L,R,td,ndom,ndom,ndom,TD18
0,0,0,2017-05-25 19:55:28,R,R,td,dom,ndom,dom,TD18
59,121,60,2017-05-25 19:55:29,L,R,td,ndom,ndom,ndom,TD18
0,0,0,2017-05-25 19:55:29,R,R,td,dom,ndom,dom,TD18
50,135,54,2017-05-25 19:55:30,L,R,td,ndom,ndom,ndom,TD18
0,0,0,2017-05-25 19:55:30,R,R,td,dom,ndom,dom,TD18
58,75,74,2017-05-25 19:55:31,L,R,td,ndom,ndom,ndom,TD18
0,0,0,2017-05-25 19:55:31,R,R,td,dom,ndom,dom,TD18
50,131,80,2017-05-25 19:55:32,L,R,td,ndom,ndom,ndom,TD18
0,0,0,2017-05-25 19:55:32,R,R,td,dom,ndom,dom,TD18
65,99,67,2017-05-25 19:55:33,L,R,td,ndom,ndom,ndom,TD18
0,0,0,2017-05-25 19:55:33,R,R,td,dom,ndom,dom,TD18
0,0,0,2017-05-25 19:55:34,R,R,td,dom,ndom,dom,TD18
38,146,58,2017-05-25 19:55:34,L,R,td,ndom,ndom,ndom,TD18
0,19,4,2017-05-25 19:55:35,R,R,td,dom,ndom,dom,TD18
80,103,137,2017-05-25 19:55:35,L,R,td,ndom,ndom,ndom,TD18
0,0,0,2017-05-25 19:56:50,L,R,td,ndom,dom,ndom,TD18
99,54,41,2017-05-25 19:56:50,R,R,td,dom,dom,dom,TD18
82,33,58,2017-05-25 19:56:51,R,R,td,dom,dom,dom,TD18
0,0,0,2017-05-25 19:56:51,L,R,td,ndom,dom,ndom,TD18
0,0,0,2017-05-25 19:56:52,L,R,td,ndom,dom,ndom,TD18
170,45,57,2017-05-25 19:56:52,R,R,td,dom,dom,dom,TD18
0,0,0,2017-05-25 19:56:53,L,R,td,ndom,dom,ndom,TD18
169,63,93,2017-05-25 19:56:53,R,R,td,dom,dom,dom,TD18
226,69,73,2017-05-25 19:56:54,R,R,td,dom,dom,dom,TD18
0,0,0,2017-05-25 19:56:54,L,R,td,ndom,dom,ndom,TD18
104,40,83,2017-05-25 19:56:55,R,R,td,dom,dom,dom,TD18
0,0,0,2017-05-25 19:56:55,L,R,td,ndom,dom,ndom,TD18
0,0,0,2017-05-25 19:56:56,L,R,td,ndom,dom,ndom,TD18
83,72,90,2017-05-25 19:56:56,R,R,td,dom,dom,dom,TD18
0,0,0,2017-05-25 19:56:57,L,R,td,ndom,dom,ndom,TD18
130,83,75,2017-05-25 19:56:57,R,R,td,dom,dom,dom,TD18
0,0,0,2017-05-25 19:56:58,L,R,td,ndom,dom,ndom,TD18
135,116,60,2017-05-25 19:56:58,R,R,td,dom,dom,dom,TD18
0,0,0,2017-05-25 19:56:59,L,R,td,ndom,dom,ndom,TD18
100,62,113,2017-05-25 19:56:59,R,R,td,dom,dom,dom,TD18
0,0,0,2017-05-25 19:57:00,L,R,td,ndom,dom,ndom,TD18
99,44,80,2017-05-25 19:57:00,R,R,td,dom,dom,dom,TD18
0,0,0,2017-05-25 19:57:01,L,R,td,ndom,dom,ndom,TD18
108,58,100,2017-05-25 19:57:01,R,R,td,dom,dom,dom,TD18
0,0,0,2017-05-25 19:57:02,L,R,td,ndom,dom,ndom,TD18
136,64,107,2017-05-25 19:57:02,R,R,td,dom,dom,dom,TD18
0,0,0,2017-05-25 19:57:03,L,R,td,ndom,dom,ndom,TD18
101,75,90,2017-05-25 19:57:03,R,R,td,dom,dom,dom,TD18
0,0,0,2017-05-25 19:57:04,L,R,td,ndom,dom,ndom,TD18
69,76,101,2017-05-25 19:57:04,R,R,td,dom,dom,dom,TD18
110,69,118,2017-05-25 19:57:05,R,R,td,dom,dom,dom,TD18
0,0,0,2017-05-25 19:57:05,L,R,td,ndom,dom,ndom,TD18
120,72,130,2017-05-25 19:57:06,R,R,td,dom,dom,dom,TD18
0,0,0,2017-05-25 19:57:06,L,R,td,ndom,dom,ndom,TD18
145,84,117,2017-05-25 19:57:07,R,R,td,dom,dom,dom,TD18
0,0,0,2017-05-25 19:57:07,L,R,td,ndom,dom,ndom,TD18
226,67,101,2017-05-25 19:57:08,R,R,td,dom,dom,dom,TD18
0,0,0,2017-05-25 19:57:08,L,R,td,ndom,dom,ndom,TD18
0,0,0,2017-05-25 19:57:09,L,R,td,ndom,dom,ndom,TD18
203,118,103,2017-05-25 19:57:09,R,R,td,dom,dom,dom,TD18
156,100,103,2017-05-25 19:57:10,R,R,td,dom,dom,dom,TD18
0,0,0,2017-05-25 19:57:10,L,R,td,ndom,dom,ndom,TD18
0,0,0,2017-05-25 19:57:11,L,R,td,ndom,dom,ndom,TD18
133,85,51,2017-05-25 19:57:11,R,R,td,dom,dom,dom,TD18
164,49,78,2017-05-25 19:57:12,R,R,td,dom,dom,dom,TD18
0,0,0,2017-05-25 19:57:12,L,R,td,ndom,dom,ndom,TD18
121,58,65,2017-05-25 19:57:13,R,R,td,dom,dom,dom,TD18
0,0,0,2017-05-25 19:57:13,L,R,td,ndom,dom,ndom,TD18
0,0,0,2017-05-25 19:57:14,L,R,td,ndom,dom,ndom,TD18
102,77,53,2017-05-25 19:57:14,R,R,td,dom,dom,dom,TD18
0,0,0,2017-05-25 19:57:15,L,R,td,ndom,dom,ndom,TD18
163,61,95,2017-05-25 19:57:15,R,R,td,dom,dom,dom,TD18
0,0,0,2017-05-25 19:57:16,L,R,td,ndom,dom,ndom,TD18
157,102,109,2017-05-25 19:57:16,R,R,td,dom,dom,dom,TD18
0,0,0,2017-05-25 19:57:17,L,R,td,ndom,dom,ndom,TD18
82,98,61,2017-05-25 19:57:17,R,R,td,dom,dom,dom,TD18
121,83,95,2017-05-25 19:57:18,R,R,td,dom,dom,dom,TD18
0,0,0,2017-05-25 19:57:18,L,R,td,ndom,dom,ndom,TD18
0,0,0,2017-05-25 19:57:19,L,R,td,ndom,dom,ndom,TD18
145,69,66,2017-05-25 19:57:19,R,R,td,dom,dom,dom,TD18
0,0,0,2017-05-25 19:57:20,L,R,td,ndom,dom,ndom,TD18
189,35,83,2017-05-25 19:57:20,R,R,td,dom,dom,dom,TD18
99,79,108,2017-05-25 19:57:21,R,R,td,dom,dom,dom,TD18
0,0,0,2017-05-25 19:57:21,L,R,td,ndom,dom,ndom,TD18
137,75,48,2017-05-25 19:57:22,R,R,td,dom,dom,dom,TD18
0,0,0,2017-05-25 19:57:22,L,R,td,ndom,dom,ndom,TD18
207,47,74,2017-05-25 19:57:23,R,R,td,dom,dom,dom,TD18
0,0,0,2017-05-25 19:57:23,L,R,td,ndom,dom,ndom,TD18
207,74,72,2017-05-25 19:57:24,R,R,td,dom,dom,dom,TD18
0,0,0,2017-05-25 19:57:24,L,R,td,ndom,dom,ndom,TD18
155,146,70,2017-05-25 19:57:25,R,R,td,dom,dom,dom,TD18
0,0,0,2017-05-25 19:57:25,L,R,td,ndom,dom,ndom,TD18
0,0,0,2017-05-25 19:57:26,L,R,td,ndom,dom,ndom,TD18
157,56,90,2017-05-25 19:57:26,R,R,td,dom,dom,dom,TD18
131,92,78,2017-05-25 19:57:27,R,R,td,dom,dom,dom,TD18
0,0,0,2017-05-25 19:57:27,L,R,td,ndom,dom,ndom,TD18
168,80,75,2017-05-25 19:57:28,R,R,td,dom,dom,dom,TD18
0,0,0,2017-05-25 19:57:28,L,R,td,ndom,dom,ndom,TD18
0,0,0,2017-05-25 19:57:29,L,R,td,ndom,dom,ndom,TD18
99,65,94,2017-05-25 19:57:29,R,R,td,dom,dom,dom,TD18
0,0,0,2017-05-25 19:57:30,L,R,td,ndom,dom,ndom,TD18
84,82,87,2017-05-25 19:57:30,R,R,td,dom,dom,dom,TD18
91,92,100,2017-05-25 19:57:31,R,R,td,dom,dom,dom,TD18
0,0,0,2017-05-25 19:57:31,L,R,td,ndom,dom,ndom,TD18
83,97,99,2017-05-25 19:57:32,R,R,td,dom,dom,dom,TD18
0,0,0,2017-05-25 19:57:32,L,R,td,ndom,dom,ndom,TD18
83,81,102,2017-05-25 19:57:33,R,R,td,dom,dom,dom,TD18
0,0,0,2017-05-25 19:57:33,L,R,td,ndom,dom,ndom,TD18
96,52,102,2017-05-25 19:57:34,R,R,td,dom,dom,dom,TD18
0,0,0,2017-05-25 19:57:34,L,R,td,ndom,dom,ndom,TD18
87,58,85,2017-05-25 19:57:35,R,R,td,dom,dom,dom,TD18
0,0,0,2017-05-25 19:57:35,L,R,td,ndom,dom,ndom,TD18
74,168,47,2017-05-25 19:57:36,R,R,td,dom,dom,dom,TD18
0,0,0,2017-05-25 19:57:36,L,R,td,ndom,dom,ndom,TD18
51,79,97,2017-05-25 19:57:37,R,R,td,dom,dom,dom,TD18
0,0,0,2017-05-25 19:57:37,L,R,td,ndom,dom,ndom,TD18
0,0,0,2017-05-25 19:57:38,L,R,td,ndom,dom,ndom,TD18
76,102,109,2017-05-25 19:57:38,R,R,td,dom,dom,dom,TD18
0,0,0,2017-05-25 19:57:39,L,R,td,ndom,dom,ndom,TD18
74,83,103,2017-05-25 19:57:39,R,R,td,dom,dom,dom,TD18
0,0,0,2017-05-25 19:57:40,L,R,td,ndom,dom,ndom,TD18
76,67,102,2017-05-25 19:57:40,R,R,td,dom,dom,dom,TD18
0,0,0,2017-05-25 19:57:41,L,R,td,ndom,dom,ndom,TD18
76,61,89,2017-05-25 19:57:41,R,R,td,dom,dom,dom,TD18
0,0,0,2017-05-25 19:57:42,L,R,td,ndom,dom,ndom,TD18
77,66,66,2017-05-25 19:57:42,R,R,td,dom,dom,dom,TD18
0,0,0,2017-05-25 19:57:43,L,R,td,ndom,dom,ndom,TD18
98,48,62,2017-05-25 19:57:43,R,R,td,dom,dom,dom,TD18
96,49,81,2017-05-25 19:57:44,R,R,td,dom,dom,dom,TD18
0,0,0,2017-05-25 19:57:44,L,R,td,ndom,dom,ndom,TD18
0,0,0,2017-05-25 19:57:45,L,R,td,ndom,dom,ndom,TD18
85,57,77,2017-05-25 19:57:45,R,R,td,dom,dom,dom,TD18
79,64,59,2017-05-25 19:57:46,R,R,td,dom,dom,dom,TD18
0,0,0,2017-05-25 19:57:46,L,R,td,ndom,dom,ndom,TD18
84,50,124,2017-05-25 19:57:47,R,R,td,dom,dom,dom,TD18
0,0,0,2017-05-25 19:57:47,L,R,td,ndom,dom,ndom,TD18
126,77,71,2017-05-25 19:57:48,R,R,td,dom,dom,dom,TD18
0,0,0,2017-05-25 19:57:48,L,R,td,ndom,dom,ndom,TD18
80,35,93,2017-05-25 19:57:49,R,R,td,dom,dom,dom,TD18
0,0,0,2017-05-25 19:57:49,L,R,td,ndom,dom,ndom,TD18
1,0,10,2017-05-25 19:57:50,R,R,td,dom,dom,dom,TD18
0,0,0,2017-05-25 19:57:50,L,R,td,ndom,dom,ndom,TD18
0,27,0,2017-06-30 11:52:05,R,R,td,dom,ndom,dom,TD19
136,98,84,2017-06-30 11:52:05,L,R,td,ndom,ndom,ndom,TD19
0,0,0,2017-06-30 11:52:06,R,R,td,dom,ndom,dom,TD19
97,68,74,2017-06-30 11:52:06,L,R,td,ndom,ndom,ndom,TD19
0,0,0,2017-06-30 11:52:07,R,R,td,dom,ndom,dom,TD19
104,26,55,2017-06-30 11:52:07,L,R,td,ndom,ndom,ndom,TD19
75,29,93,2017-06-30 11:52:08,L,R,td,ndom,ndom,ndom,TD19
0,4,0,2017-06-30 11:52:08,R,R,td,dom,ndom,dom,TD19
0,2,0,2017-06-30 11:52:09,R,R,td,dom,ndom,dom,TD19
58,58,116,2017-06-30 11:52:09,L,R,td,ndom,ndom,ndom,TD19
98,33,79,2017-06-30 11:52:10,L,R,td,ndom,ndom,ndom,TD19
0,2,0,2017-06-30 11:52:10,R,R,td,dom,ndom,dom,TD19
84,50,61,2017-06-30 11:52:11,L,R,td,ndom,ndom,ndom,TD19
0,9,0,2017-06-30 11:52:11,R,R,td,dom,ndom,dom,TD19
0,0,0,2017-06-30 11:52:12,R,R,td,dom,ndom,dom,TD19
93,96,111,2017-06-30 11:52:12,L,R,td,ndom,ndom,ndom,TD19
89,76,88,2017-06-30 11:52:13,L,R,td,ndom,ndom,ndom,TD19
0,0,0,2017-06-30 11:52:13,R,R,td,dom,ndom,dom,TD19
0,0,0,2017-06-30 11:52:14,R,R,td,dom,ndom,dom,TD19
80,60,62,2017-06-30 11:52:14,L,R,td,ndom,ndom,ndom,TD19
0,0,0,2017-06-30 11:52:15,R,R,td,dom,ndom,dom,TD19
95,83,102,2017-06-30 11:52:15,L,R,td,ndom,ndom,ndom,TD19
111,129,57,2017-06-30 11:52:16,L,R,td,ndom,ndom,ndom,TD19
0,0,0,2017-06-30 11:52:16,R,R,td,dom,ndom,dom,TD19
120,51,56,2017-06-30 11:52:17,L,R,td,ndom,ndom,ndom,TD19
0,0,0,2017-06-30 11:52:17,R,R,td,dom,ndom,dom,TD19
103,32,76,2017-06-30 11:52:18,L,R,td,ndom,ndom,ndom,TD19
0,0,0,2017-06-30 11:52:18,R,R,td,dom,ndom,dom,TD19
78,18,78,2017-06-30 11:52:19,L,R,td,ndom,ndom,ndom,TD19
0,0,0,2017-06-30 11:52:19,R,R,td,dom,ndom,dom,TD19
71,38,76,2017-06-30 11:52:20,L,R,td,ndom,ndom,ndom,TD19
0,0,0,2017-06-30 11:52:20,R,R,td,dom,ndom,dom,TD19
81,75,71,2017-06-30 11:52:21,L,R,td,ndom,ndom,ndom,TD19
0,0,0,2017-06-30 11:52:21,R,R,td,dom,ndom,dom,TD19
0,0,0,2017-06-30 11:52:22,R,R,td,dom,ndom,dom,TD19
50,47,39,2017-06-30 11:52:22,L,R,td,ndom,ndom,ndom,TD19
0,0,0,2017-06-30 11:52:23,R,R,td,dom,ndom,dom,TD19
58,53,54,2017-06-30 11:52:23,L,R,td,ndom,ndom,ndom,TD19
0,0,0,2017-06-30 11:52:24,R,R,td,dom,ndom,dom,TD19
67,81,48,2017-06-30 11:52:24,L,R,td,ndom,ndom,ndom,TD19
0,0,0,2017-06-30 11:52:25,R,R,td,dom,ndom,dom,TD19
85,62,84,2017-06-30 11:52:25,L,R,td,ndom,ndom,ndom,TD19
61,56,62,2017-06-30 11:52:26,L,R,td,ndom,ndom,ndom,TD19
0,0,0,2017-06-30 11:52:26,R,R,td,dom,ndom,dom,TD19
76,16,59,2017-06-30 11:52:27,L,R,td,ndom,ndom,ndom,TD19
0,0,0,2017-06-30 11:52:27,R,R,td,dom,ndom,dom,TD19
111,75,82,2017-06-30 11:52:28,L,R,td,ndom,ndom,ndom,TD19
4,0,0,2017-06-30 11:52:28,R,R,td,dom,ndom,dom,TD19
100,89,86,2017-06-30 11:52:29,L,R,td,ndom,ndom,ndom,TD19
0,0,0,2017-06-30 11:52:29,R,R,td,dom,ndom,dom,TD19
0,0,0,2017-06-30 11:52:30,R,R,td,dom,ndom,dom,TD19
104,118,197,2017-06-30 11:52:30,L,R,td,ndom,ndom,ndom,TD19
91,86,74,2017-06-30 11:52:31,L,R,td,ndom,ndom,ndom,TD19
0,0,0,2017-06-30 11:52:31,R,R,td,dom,ndom,dom,TD19
32,13,22,2017-06-30 11:52:32,L,R,td,ndom,ndom,ndom,TD19
0,0,0,2017-06-30 11:52:32,R,R,td,dom,ndom,dom,TD19
0,0,0,2017-06-30 11:52:33,R,R,td,dom,ndom,dom,TD19
76,57,81,2017-06-30 11:52:33,L,R,td,ndom,ndom,ndom,TD19
0,0,0,2017-06-30 11:52:34,R,R,td,dom,ndom,dom,TD19
95,47,121,2017-06-30 11:52:34,L,R,td,ndom,ndom,ndom,TD19
0,0,0,2017-06-30 11:52:35,R,R,td,dom,ndom,dom,TD19
31,55,54,2017-06-30 11:52:35,L,R,td,ndom,ndom,ndom,TD19
0,0,0,2017-06-30 11:52:36,R,R,td,dom,ndom,dom,TD19
82,67,75,2017-06-30 11:52:36,L,R,td,ndom,ndom,ndom,TD19
27,72,39,2017-06-30 11:52:37,L,R,td,ndom,ndom,ndom,TD19
0,0,0,2017-06-30 11:52:37,R,R,td,dom,ndom,dom,TD19
0,0,0,2017-06-30 11:52:38,R,R,td,dom,ndom,dom,TD19
39,84,48,2017-06-30 11:52:38,L,R,td,ndom,ndom,ndom,TD19
0,0,0,2017-06-30 11:52:39,R,R,td,dom,ndom,dom,TD19
57,52,66,2017-06-30 11:52:39,L,R,td,ndom,ndom,ndom,TD19
0,0,0,2017-06-30 11:52:40,R,R,td,dom,ndom,dom,TD19
89,52,87,2017-06-30 11:52:40,L,R,td,ndom,ndom,ndom,TD19
0,0,0,2017-06-30 11:52:41,R,R,td,dom,ndom,dom,TD19
130,75,72,2017-06-30 11:52:41,L,R,td,ndom,ndom,ndom,TD19
0,0,0,2017-06-30 11:52:42,R,R,td,dom,ndom,dom,TD19
144,107,115,2017-06-30 11:52:42,L,R,td,ndom,ndom,ndom,TD19
2,0,0,2017-06-30 11:52:43,R,R,td,dom,ndom,dom,TD19
47,76,47,2017-06-30 11:52:43,L,R,td,ndom,ndom,ndom,TD19
0,1,0,2017-06-30 11:52:44,R,R,td,dom,ndom,dom,TD19
144,140,78,2017-06-30 11:52:44,L,R,td,ndom,ndom,ndom,TD19
88,56,32,2017-06-30 11:52:45,L,R,td,ndom,ndom,ndom,TD19
0,0,0,2017-06-30 11:52:45,R,R,td,dom,ndom,dom,TD19
129,37,28,2017-06-30 11:52:46,L,R,td,ndom,ndom,ndom,TD19
0,3,0,2017-06-30 11:52:46,R,R,td,dom,ndom,dom,TD19
159,62,66,2017-06-30 11:52:47,L,R,td,ndom,ndom,ndom,TD19
0,0,0,2017-06-30 11:52:47,R,R,td,dom,ndom,dom,TD19
133,43,90,2017-06-30 11:52:48,L,R,td,ndom,ndom,ndom,TD19
0,0,0,2017-06-30 11:52:48,R,R,td,dom,ndom,dom,TD19
95,69,77,2017-06-30 11:52:49,L,R,td,ndom,ndom,ndom,TD19
0,0,0,2017-06-30 11:52:49,R,R,td,dom,ndom,dom,TD19
68,87,70,2017-06-30 11:52:50,L,R,td,ndom,ndom,ndom,TD19
0,0,0,2017-06-30 11:52:50,R,R,td,dom,ndom,dom,TD19
52,139,84,2017-06-30 11:52:51,L,R,td,ndom,ndom,ndom,TD19
0,0,0,2017-06-30 11:52:51,R,R,td,dom,ndom,dom,TD19
73,95,77,2017-06-30 11:52:52,L,R,td,ndom,ndom,ndom,TD19
0,0,0,2017-06-30 11:52:52,R,R,td,dom,ndom,dom,TD19
69,108,107,2017-06-30 11:52:53,L,R,td,ndom,ndom,ndom,TD19
0,0,0,2017-06-30 11:52:53,R,R,td,dom,ndom,dom,TD19
92,36,63,2017-06-30 11:52:54,L,R,td,ndom,ndom,ndom,TD19
0,0,0,2017-06-30 11:52:54,R,R,td,dom,ndom,dom,TD19
58,92,81,2017-06-30 11:52:55,L,R,td,ndom,ndom,ndom,TD19
0,0,0,2017-06-30 11:52:55,R,R,td,dom,ndom,dom,TD19
88,157,140,2017-06-30 11:52:56,L,R,td,ndom,ndom,ndom,TD19
0,0,0,2017-06-30 11:52:56,R,R,td,dom,ndom,dom,TD19
53,94,53,2017-06-30 11:52:57,L,R,td,ndom,ndom,ndom,TD19
0,0,0,2017-06-30 11:52:57,R,R,td,dom,ndom,dom,TD19
0,0,0,2017-06-30 11:52:58,R,R,td,dom,ndom,dom,TD19
86,92,46,2017-06-30 11:52:58,L,R,td,ndom,ndom,ndom,TD19
93,54,55,2017-06-30 11:52:59,L,R,td,ndom,ndom,ndom,TD19
0,0,0,2017-06-30 11:52:59,R,R,td,dom,ndom,dom,TD19
70,49,16,2017-06-30 11:53:00,L,R,td,ndom,ndom,ndom,TD19
0,0,0,2017-06-30 11:53:00,R,R,td,dom,ndom,dom,TD19
0,0,0,2017-06-30 11:53:01,R,R,td,dom,ndom,dom,TD19
88,41,99,2017-06-30 11:53:01,L,R,td,ndom,ndom,ndom,TD19
55,43,58,2017-06-30 11:53:02,L,R,td,ndom,ndom,ndom,TD19
0,0,0,2017-06-30 11:53:02,R,R,td,dom,ndom,dom,TD19
84,65,31,2017-06-30 11:53:03,L,R,td,ndom,ndom,ndom,TD19
0,0,0,2017-06-30 11:53:03,R,R,td,dom,ndom,dom,TD19
59,27,46,2017-06-30 11:53:04,L,R,td,ndom,ndom,ndom,TD19
8,0,8,2017-06-30 11:53:04,R,R,td,dom,ndom,dom,TD19
92,201,235,2017-06-30 11:53:05,L,R,td,ndom,ndom,ndom,TD19
172,176,244,2017-06-30 11:53:05,R,R,td,dom,ndom,dom,TD19
0,0,0,2017-06-30 11:54:10,L,R,td,ndom,dom,ndom,TD19
76,29,93,2017-06-30 11:54:10,R,R,td,dom,dom,dom,TD19
124,24,72,2017-06-30 11:54:11,R,R,td,dom,dom,dom,TD19
0,0,0,2017-06-30 11:54:11,L,R,td,ndom,dom,ndom,TD19
60,104,105,2017-06-30 11:54:12,R,R,td,dom,dom,dom,TD19
0,0,0,2017-06-30 11:54:12,L,R,td,ndom,dom,ndom,TD19
0,0,0,2017-06-30 11:54:13,L,R,td,ndom,dom,ndom,TD19
81,65,87,2017-06-30 11:54:13,R,R,td,dom,dom,dom,TD19
0,2,0,2017-06-30 11:54:14,L,R,td,ndom,dom,ndom,TD19
59,105,66,2017-06-30 11:54:14,R,R,td,dom,dom,dom,TD19
0,0,0,2017-06-30 11:54:15,L,R,td,ndom,dom,ndom,TD19
44,54,111,2017-06-30 11:54:15,R,R,td,dom,dom,dom,TD19
0,0,0,2017-06-30 11:54:16,L,R,td,ndom,dom,ndom,TD19
52,46,76,2017-06-30 11:54:16,R,R,td,dom,dom,dom,TD19
0,0,0,2017-06-30 11:54:17,L,R,td,ndom,dom,ndom,TD19
45,59,115,2017-06-30 11:54:17,R,R,td,dom,dom,dom,TD19
0,0,0,2017-06-30 11:54:18,L,R,td,ndom,dom,ndom,TD19
77,81,84,2017-06-30 11:54:18,R,R,td,dom,dom,dom,TD19
0,0,0,2017-06-30 11:54:19,L,R,td,ndom,dom,ndom,TD19
57,71,108,2017-06-30 11:54:19,R,R,td,dom,dom,dom,TD19
0,0,0,2017-06-30 11:54:20,L,R,td,ndom,dom,ndom,TD19
60,45,75,2017-06-30 11:54:20,R,R,td,dom,dom,dom,TD19
0,0,0,2017-06-30 11:54:21,L,R,td,ndom,dom,ndom,TD19
49,52,113,2017-06-30 11:54:21,R,R,td,dom,dom,dom,TD19
0,0,0,2017-06-30 11:54:22,L,R,td,ndom,dom,ndom,TD19
57,92,73,2017-06-30 11:54:22,R,R,td,dom,dom,dom,TD19
0,0,0,2017-06-30 11:54:23,L,R,td,ndom,dom,ndom,TD19
69,100,87,2017-06-30 11:54:23,R,R,td,dom,dom,dom,TD19
0,0,0,2017-06-30 11:54:24,L,R,td,ndom,dom,ndom,TD19
85,75,101,2017-06-30 11:54:24,R,R,td,dom,dom,dom,TD19
0,0,0,2017-06-30 11:54:25,L,R,td,ndom,dom,ndom,TD19
84,74,112,2017-06-30 11:54:25,R,R,td,dom,dom,dom,TD19
101,66,101,2017-06-30 11:54:26,R,R,td,dom,dom,dom,TD19
0,0,0,2017-06-30 11:54:26,L,R,td,ndom,dom,ndom,TD19
49,44,81,2017-06-30 11:54:27,R,R,td,dom,dom,dom,TD19
0,0,0,2017-06-30 11:54:27,L,R,td,ndom,dom,ndom,TD19
108,84,94,2017-06-30 11:54:28,R,R,td,dom,dom,dom,TD19
0,0,0,2017-06-30 11:54:28,L,R,td,ndom,dom,ndom,TD19
73,43,66,2017-06-30 11:54:29,R,R,td,dom,dom,dom,TD19
0,0,0,2017-06-30 11:54:29,L,R,td,ndom,dom,ndom,TD19
65,39,78,2017-06-30 11:54:30,R,R,td,dom,dom,dom,TD19
0,0,0,2017-06-30 11:54:30,L,R,td,ndom,dom,ndom,TD19
0,0,0,2017-06-30 11:54:31,L,R,td,ndom,dom,ndom,TD19
92,69,85,2017-06-30 11:54:31,R,R,td,dom,dom,dom,TD19
0,0,0,2017-06-30 11:54:32,L,R,td,ndom,dom,ndom,TD19
61,55,114,2017-06-30 11:54:32,R,R,td,dom,dom,dom,TD19
0,0,0,2017-06-30 11:54:33,L,R,td,ndom,dom,ndom,TD19
32,95,108,2017-06-30 11:54:33,R,R,td,dom,dom,dom,TD19
0,0,0,2017-06-30 11:54:34,L,R,td,ndom,dom,ndom,TD19
49,61,63,2017-06-30 11:54:34,R,R,td,dom,dom,dom,TD19
0,0,0,2017-06-30 11:54:35,L,R,td,ndom,dom,ndom,TD19
90,101,95,2017-06-30 11:54:35,R,R,td,dom,dom,dom,TD19
0,0,0,2017-06-30 11:54:36,L,R,td,ndom,dom,ndom,TD19
35,67,121,2017-06-30 11:54:36,R,R,td,dom,dom,dom,TD19
0,0,0,2017-06-30 11:54:37,L,R,td,ndom,dom,ndom,TD19
89,99,70,2017-06-30 11:54:37,R,R,td,dom,dom,dom,TD19
0,0,0,2017-06-30 11:54:38,L,R,td,ndom,dom,ndom,TD19
103,57,58,2017-06-30 11:54:38,R,R,td,dom,dom,dom,TD19
0,0,0,2017-06-30 11:54:39,L,R,td,ndom,dom,ndom,TD19
74,97,85,2017-06-30 11:54:39,R,R,td,dom,dom,dom,TD19
0,0,0,2017-06-30 11:54:40,L,R,td,ndom,dom,ndom,TD19
88,97,65,2017-06-30 11:54:40,R,R,td,dom,dom,dom,TD19
0,0,0,2017-06-30 11:54:41,L,R,td,ndom,dom,ndom,TD19
72,97,116,2017-06-30 11:54:41,R,R,td,dom,dom,dom,TD19
0,0,0,2017-06-30 11:54:42,L,R,td,ndom,dom,ndom,TD19
84,54,105,2017-06-30 11:54:42,R,R,td,dom,dom,dom,TD19
87,40,120,2017-06-30 11:54:43,R,R,td,dom,dom,dom,TD19
0,0,0,2017-06-30 11:54:43,L,R,td,ndom,dom,ndom,TD19
86,35,74,2017-06-30 11:54:44,R,R,td,dom,dom,dom,TD19
0,0,0,2017-06-30 11:54:44,L,R,td,ndom,dom,ndom,TD19
63,77,56,2017-06-30 11:54:45,R,R,td,dom,dom,dom,TD19
0,0,0,2017-06-30 11:54:45,L,R,td,ndom,dom,ndom,TD19
0,0,0,2017-06-30 11:54:46,L,R,td,ndom,dom,ndom,TD19
63,92,81,2017-06-30 11:54:46,R,R,td,dom,dom,dom,TD19
48,103,85,2017-06-30 11:54:47,R,R,td,dom,dom,dom,TD19
0,0,0,2017-06-30 11:54:47,L,R,td,ndom,dom,ndom,TD19
0,0,0,2017-06-30 11:54:48,L,R,td,ndom,dom,ndom,TD19
53,61,121,2017-06-30 11:54:48,R,R,td,dom,dom,dom,TD19
54,131,52,2017-06-30 11:54:49,R,R,td,dom,dom,dom,TD19
0,0,0,2017-06-30 11:54:49,L,R,td,ndom,dom,ndom,TD19
0,0,0,2017-06-30 11:54:50,L,R,td,ndom,dom,ndom,TD19
89,93,114,2017-06-30 11:54:50,R,R,td,dom,dom,dom,TD19
90,48,63,2017-06-30 11:54:51,R,R,td,dom,dom,dom,TD19
0,0,0,2017-06-30 11:54:51,L,R,td,ndom,dom,ndom,TD19
99,82,96,2017-06-30 11:54:52,R,R,td,dom,dom,dom,TD19
0,0,0,2017-06-30 11:54:52,L,R,td,ndom,dom,ndom,TD19
75,131,57,2017-06-30 11:54:53,R,R,td,dom,dom,dom,TD19
0,0,0,2017-06-30 11:54:53,L,R,td,ndom,dom,ndom,TD19
112,178,75,2017-06-30 11:54:54,R,R,td,dom,dom,dom,TD19
0,0,0,2017-06-30 11:54:54,L,R,td,ndom,dom,ndom,TD19
64,55,68,2017-06-30 11:54:55,R,R,td,dom,dom,dom,TD19
0,0,0,2017-06-30 11:54:55,L,R,td,ndom,dom,ndom,TD19
59,100,75,2017-06-30 11:54:56,R,R,td,dom,dom,dom,TD19
0,0,0,2017-06-30 11:54:56,L,R,td,ndom,dom,ndom,TD19
84,45,117,2017-06-30 11:54:57,R,R,td,dom,dom,dom,TD19
0,0,0,2017-06-30 11:54:57,L,R,td,ndom,dom,ndom,TD19
46,50,96,2017-06-30 11:54:58,R,R,td,dom,dom,dom,TD19
0,0,0,2017-06-30 11:54:58,L,R,td,ndom,dom,ndom,TD19
32,66,87,2017-06-30 11:54:59,R,R,td,dom,dom,dom,TD19
0,0,0,2017-06-30 11:54:59,L,R,td,ndom,dom,ndom,TD19
65,122,39,2017-06-30 11:55:00,R,R,td,dom,dom,dom,TD19
0,0,0,2017-06-30 11:55:00,L,R,td,ndom,dom,ndom,TD19
49,48,63,2017-06-30 11:55:01,R,R,td,dom,dom,dom,TD19
0,0,0,2017-06-30 11:55:01,L,R,td,ndom,dom,ndom,TD19
43,58,66,2017-06-30 11:55:02,R,R,td,dom,dom,dom,TD19
0,0,0,2017-06-30 11:55:02,L,R,td,ndom,dom,ndom,TD19
42,54,45,2017-06-30 11:55:03,R,R,td,dom,dom,dom,TD19
0,0,0,2017-06-30 11:55:03,L,R,td,ndom,dom,ndom,TD19
0,0,0,2017-06-30 11:55:04,L,R,td,ndom,dom,ndom,TD19
58,48,74,2017-06-30 11:55:04,R,R,td,dom,dom,dom,TD19
83,55,72,2017-06-30 11:55:05,R,R,td,dom,dom,dom,TD19
0,0,0,2017-06-30 11:55:05,L,R,td,ndom,dom,ndom,TD19
84,67,103,2017-06-30 11:55:06,R,R,td,dom,dom,dom,TD19
0,0,0,2017-06-30 11:55:06,L,R,td,ndom,dom,ndom,TD19
0,0,0,2017-06-30 11:55:07,L,R,td,ndom,dom,ndom,TD19
73,63,60,2017-06-30 11:55:07,R,R,td,dom,dom,dom,TD19
67,53,125,2017-06-30 11:55:08,R,R,td,dom,dom,dom,TD19
0,0,0,2017-06-30 11:55:08,L,R,td,ndom,dom,ndom,TD19
81,59,80,2017-06-30 11:55:09,R,R,td,dom,dom,dom,TD19
0,0,0,2017-06-30 11:55:09,L,R,td,ndom,dom,ndom,TD19
230,170,143,2017-06-30 11:55:10,R,R,td,dom,dom,dom,TD19
6,0,0,2017-06-30 11:55:10,L,R,td,ndom,dom,ndom,TD19
170,81,78,2017-06-30 11:46:30,L,R,td,ndom,ndom,ndom,TD20
0,0,0,2017-06-30 11:46:30,R,R,td,dom,ndom,dom,TD20
0,0,0,2017-06-30 11:46:31,R,R,td,dom,ndom,dom,TD20
129,78,92,2017-06-30 11:46:31,L,R,td,ndom,ndom,ndom,TD20
206,40,74,2017-06-30 11:46:32,L,R,td,ndom,ndom,ndom,TD20
0,0,0,2017-06-30 11:46:32,R,R,td,dom,ndom,dom,TD20
197,66,115,2017-06-30 11:46:33,L,R,td,ndom,ndom,ndom,TD20
0,0,0,2017-06-30 11:46:33,R,R,td,dom,ndom,dom,TD20
177,129,127,2017-06-30 11:46:34,L,R,td,ndom,ndom,ndom,TD20
0,0,0,2017-06-30 11:46:34,R,R,td,dom,ndom,dom,TD20
138,106,99,2017-06-30 11:46:35,L,R,td,ndom,ndom,ndom,TD20
0,0,0,2017-06-30 11:46:35,R,R,td,dom,ndom,dom,TD20
0,0,0,2017-06-30 11:46:36,R,R,td,dom,ndom,dom,TD20
124,107,124,2017-06-30 11:46:36,L,R,td,ndom,ndom,ndom,TD20
0,0,0,2017-06-30 11:46:37,R,R,td,dom,ndom,dom,TD20
171,95,157,2017-06-30 11:46:37,L,R,td,ndom,ndom,ndom,TD20
0,0,0,2017-06-30 11:46:38,R,R,td,dom,ndom,dom,TD20
129,83,118,2017-06-30 11:46:38,L,R,td,ndom,ndom,ndom,TD20
114,81,126,2017-06-30 11:46:39,L,R,td,ndom,ndom,ndom,TD20
0,0,0,2017-06-30 11:46:39,R,R,td,dom,ndom,dom,TD20
0,0,0,2017-06-30 11:46:40,R,R,td,dom,ndom,dom,TD20
218,114,151,2017-06-30 11:46:40,L,R,td,ndom,ndom,ndom,TD20
0,0,0,2017-06-30 11:46:41,R,R,td,dom,ndom,dom,TD20
111,82,137,2017-06-30 11:46:41,L,R,td,ndom,ndom,ndom,TD20
0,0,0,2017-06-30 11:46:42,R,R,td,dom,ndom,dom,TD20
140,116,136,2017-06-30 11:46:42,L,R,td,ndom,ndom,ndom,TD20
0,0,0,2017-06-30 11:46:43,R,R,td,dom,ndom,dom,TD20
180,211,121,2017-06-30 11:46:43,L,R,td,ndom,ndom,ndom,TD20
131,80,124,2017-06-30 11:46:44,L,R,td,ndom,ndom,ndom,TD20
0,0,0,2017-06-30 11:46:44,R,R,td,dom,ndom,dom,TD20
0,0,0,2017-06-30 11:46:45,R,R,td,dom,ndom,dom,TD20
106,158,113,2017-06-30 11:46:45,L,R,td,ndom,ndom,ndom,TD20
98,115,101,2017-06-30 11:46:46,L,R,td,ndom,ndom,ndom,TD20
0,0,0,2017-06-30 11:46:46,R,R,td,dom,ndom,dom,TD20
0,0,0,2017-06-30 11:46:47,R,R,td,dom,ndom,dom,TD20
193,134,205,2017-06-30 11:46:47,L,R,td,ndom,ndom,ndom,TD20
0,0,0,2017-06-30 11:46:48,R,R,td,dom,ndom,dom,TD20
167,120,114,2017-06-30 11:46:48,L,R,td,ndom,ndom,ndom,TD20
10,0,3,2017-06-30 11:46:49,R,R,td,dom,ndom,dom,TD20
138,71,86,2017-06-30 11:46:49,L,R,td,ndom,ndom,ndom,TD20
0,0,0,2017-06-30 11:46:50,R,R,td,dom,ndom,dom,TD20
152,77,126,2017-06-30 11:46:50,L,R,td,ndom,ndom,ndom,TD20
116,93,92,2017-06-30 11:46:51,L,R,td,ndom,ndom,ndom,TD20
0,0,0,2017-06-30 11:46:51,R,R,td,dom,ndom,dom,TD20
0,0,0,2017-06-30 11:46:52,R,R,td,dom,ndom,dom,TD20
162,112,144,2017-06-30 11:46:52,L,R,td,ndom,ndom,ndom,TD20
0,0,0,2017-06-30 11:46:53,R,R,td,dom,ndom,dom,TD20
193,105,124,2017-06-30 11:46:53,L,R,td,ndom,ndom,ndom,TD20
179,69,102,2017-06-30 11:46:54,L,R,td,ndom,ndom,ndom,TD20
0,14,4,2017-06-30 11:46:54,R,R,td,dom,ndom,dom,TD20
139,82,100,2017-06-30 11:46:55,L,R,td,ndom,ndom,ndom,TD20
0,0,0,2017-06-30 11:46:55,R,R,td,dom,ndom,dom,TD20
128,123,92,2017-06-30 11:46:56,L,R,td,ndom,ndom,ndom,TD20
0,0,0,2017-06-30 11:46:56,R,R,td,dom,ndom,dom,TD20
221,138,73,2017-06-30 11:46:57,L,R,td,ndom,ndom,ndom,TD20
0,0,0,2017-06-30 11:46:57,R,R,td,dom,ndom,dom,TD20
0,0,0,2017-06-30 11:46:58,R,R,td,dom,ndom,dom,TD20
165,116,67,2017-06-30 11:46:58,L,R,td,ndom,ndom,ndom,TD20
0,0,0,2017-06-30 11:46:59,R,R,td,dom,ndom,dom,TD20
148,108,76,2017-06-30 11:46:59,L,R,td,ndom,ndom,ndom,TD20
0,0,0,2017-06-30 11:47:00,R,R,td,dom,ndom,dom,TD20
101,140,103,2017-06-30 11:47:00,L,R,td,ndom,ndom,ndom,TD20
0,0,0,2017-06-30 11:47:01,R,R,td,dom,ndom,dom,TD20
71,135,116,2017-06-30 11:47:01,L,R,td,ndom,ndom,ndom,TD20
96,114,87,2017-06-30 11:47:02,L,R,td,ndom,ndom,ndom,TD20
0,0,0,2017-06-30 11:47:02,R,R,td,dom,ndom,dom,TD20
105,195,101,2017-06-30 11:47:03,L,R,td,ndom,ndom,ndom,TD20
0,0,0,2017-06-30 11:47:03,R,R,td,dom,ndom,dom,TD20
80,112,103,2017-06-30 11:47:04,L,R,td,ndom,ndom,ndom,TD20
0,0,0,2017-06-30 11:47:04,R,R,td,dom,ndom,dom,TD20
0,0,0,2017-06-30 11:47:05,R,R,td,dom,ndom,dom,TD20
105,92,89,2017-06-30 11:47:05,L,R,td,ndom,ndom,ndom,TD20
0,0,0,2017-06-30 11:47:06,R,R,td,dom,ndom,dom,TD20
160,108,65,2017-06-30 11:47:06,L,R,td,ndom,ndom,ndom,TD20
0,0,0,2017-06-30 11:47:07,R,R,td,dom,ndom,dom,TD20
215,118,123,2017-06-30 11:47:07,L,R,td,ndom,ndom,ndom,TD20
0,0,0,2017-06-30 11:47:08,R,R,td,dom,ndom,dom,TD20
200,97,74,2017-06-30 11:47:08,L,R,td,ndom,ndom,ndom,TD20
0,0,0,2017-06-30 11:47:09,R,R,td,dom,ndom,dom,TD20
180,78,106,2017-06-30 11:47:09,L,R,td,ndom,ndom,ndom,TD20
170,131,88,2017-06-30 11:47:10,L,R,td,ndom,ndom,ndom,TD20
0,0,0,2017-06-30 11:47:10,R,R,td,dom,ndom,dom,TD20
0,0,0,2017-06-30 11:47:11,R,R,td,dom,ndom,dom,TD20
119,78,122,2017-06-30 11:47:11,L,R,td,ndom,ndom,ndom,TD20
0,0,0,2017-06-30 11:47:12,R,R,td,dom,ndom,dom,TD20
88,77,91,2017-06-30 11:47:12,L,R,td,ndom,ndom,ndom,TD20
96,156,86,2017-06-30 11:47:13,L,R,td,ndom,ndom,ndom,TD20
0,0,0,2017-06-30 11:47:13,R,R,td,dom,ndom,dom,TD20
138,117,122,2017-06-30 11:47:14,L,R,td,ndom,ndom,ndom,TD20
0,0,0,2017-06-30 11:47:14,R,R,td,dom,ndom,dom,TD20
120,120,96,2017-06-30 11:47:15,L,R,td,ndom,ndom,ndom,TD20
0,0,0,2017-06-30 11:47:15,R,R,td,dom,ndom,dom,TD20
152,166,84,2017-06-30 11:47:16,L,R,td,ndom,ndom,ndom,TD20
0,0,0,2017-06-30 11:47:16,R,R,td,dom,ndom,dom,TD20
0,0,0,2017-06-30 11:47:17,R,R,td,dom,ndom,dom,TD20
119,109,99,2017-06-30 11:47:17,L,R,td,ndom,ndom,ndom,TD20
115,141,144,2017-06-30 11:47:18,L,R,td,ndom,ndom,ndom,TD20
0,0,0,2017-06-30 11:47:18,R,R,td,dom,ndom,dom,TD20
0,0,0,2017-06-30 11:47:19,R,R,td,dom,ndom,dom,TD20
109,104,114,2017-06-30 11:47:19,L,R,td,ndom,ndom,ndom,TD20
114,77,81,2017-06-30 11:47:20,L,R,td,ndom,ndom,ndom,TD20
0,0,0,2017-06-30 11:47:20,R,R,td,dom,ndom,dom,TD20
0,0,0,2017-06-30 11:47:21,R,R,td,dom,ndom,dom,TD20
114,84,98,2017-06-30 11:47:21,L,R,td,ndom,ndom,ndom,TD20
90,94,71,2017-06-30 11:47:22,L,R,td,ndom,ndom,ndom,TD20
0,0,0,2017-06-30 11:47:22,R,R,td,dom,ndom,dom,TD20
101,75,83,2017-06-30 11:47:23,L,R,td,ndom,ndom,ndom,TD20
0,0,0,2017-06-30 11:47:23,R,R,td,dom,ndom,dom,TD20
116,65,100,2017-06-30 11:47:24,L,R,td,ndom,ndom,ndom,TD20
0,0,0,2017-06-30 11:47:24,R,R,td,dom,ndom,dom,TD20
65,57,114,2017-06-30 11:47:25,L,R,td,ndom,ndom,ndom,TD20
0,0,0,2017-06-30 11:47:25,R,R,td,dom,ndom,dom,TD20
99,42,116,2017-06-30 11:47:26,L,R,td,ndom,ndom,ndom,TD20
0,0,0,2017-06-30 11:47:26,R,R,td,dom,ndom,dom,TD20
0,0,0,2017-06-30 11:47:27,R,R,td,dom,ndom,dom,TD20
133,103,60,2017-06-30 11:47:27,L,R,td,ndom,ndom,ndom,TD20
0,0,0,2017-06-30 11:47:28,R,R,td,dom,ndom,dom,TD20
105,98,81,2017-06-30 11:47:28,L,R,td,ndom,ndom,ndom,TD20
2,1,0,2017-06-30 11:47:29,R,R,td,dom,ndom,dom,TD20
101,51,58,2017-06-30 11:47:29,L,R,td,ndom,ndom,ndom,TD20
56,56,22,2017-06-30 11:47:30,L,R,td,ndom,ndom,ndom,TD20
97,44,49,2017-06-30 11:47:30,R,R,td,dom,ndom,dom,TD20
0,0,0,2017-06-30 11:49:10,L,R,td,ndom,dom,ndom,TD20
173,84,95,2017-06-30 11:49:10,R,R,td,dom,dom,dom,TD20
140,106,82,2017-06-30 11:49:11,R,R,td,dom,dom,dom,TD20
0,0,0,2017-06-30 11:49:11,L,R,td,ndom,dom,ndom,TD20
139,39,83,2017-06-30 11:49:12,R,R,td,dom,dom,dom,TD20
0,0,0,2017-06-30 11:49:12,L,R,td,ndom,dom,ndom,TD20
113,90,52,2017-06-30 11:49:13,R,R,td,dom,dom,dom,TD20
0,0,0,2017-06-30 11:49:13,L,R,td,ndom,dom,ndom,TD20
54,35,58,2017-06-30 11:49:14,R,R,td,dom,dom,dom,TD20
0,0,0,2017-06-30 11:49:14,L,R,td,ndom,dom,ndom,TD20
100,34,78,2017-06-30 11:49:15,R,R,td,dom,dom,dom,TD20
0,0,0,2017-06-30 11:49:15,L,R,td,ndom,dom,ndom,TD20
117,77,52,2017-06-30 11:49:16,R,R,td,dom,dom,dom,TD20
0,0,0,2017-06-30 11:49:16,L,R,td,ndom,dom,ndom,TD20
88,77,82,2017-06-30 11:49:17,R,R,td,dom,dom,dom,TD20
0,0,0,2017-06-30 11:49:17,L,R,td,ndom,dom,ndom,TD20
0,0,0,2017-06-30 11:49:18,L,R,td,ndom,dom,ndom,TD20
88,72,97,2017-06-30 11:49:18,R,R,td,dom,dom,dom,TD20
0,0,0,2017-06-30 11:49:19,L,R,td,ndom,dom,ndom,TD20
79,114,77,2017-06-30 11:49:19,R,R,td,dom,dom,dom,TD20
0,0,0,2017-06-30 11:49:20,L,R,td,ndom,dom,ndom,TD20
80,113,100,2017-06-30 11:49:20,R,R,td,dom,dom,dom,TD20
0,0,0,2017-06-30 11:49:21,L,R,td,ndom,dom,ndom,TD20
55,72,101,2017-06-30 11:49:21,R,R,td,dom,dom,dom,TD20
0,0,0,2017-06-30 11:49:22,L,R,td,ndom,dom,ndom,TD20
85,137,75,2017-06-30 11:49:22,R,R,td,dom,dom,dom,TD20
43,74,65,2017-06-30 11:49:23,R,R,td,dom,dom,dom,TD20
0,0,0,2017-06-30 11:49:23,L,R,td,ndom,dom,ndom,TD20
0,0,0,2017-06-30 11:49:24,L,R,td,ndom,dom,ndom,TD20
59,51,77,2017-06-30 11:49:24,R,R,td,dom,dom,dom,TD20
82,75,97,2017-06-30 11:49:25,R,R,td,dom,dom,dom,TD20
0,0,0,2017-06-30 11:49:25,L,R,td,ndom,dom,ndom,TD20
0,0,0,2017-06-30 11:49:26,L,R,td,ndom,dom,ndom,TD20
140,120,82,2017-06-30 11:49:26,R,R,td,dom,dom,dom,TD20
0,0,0,2017-06-30 11:49:27,L,R,td,ndom,dom,ndom,TD20
88,106,61,2017-06-30 11:49:27,R,R,td,dom,dom,dom,TD20
0,0,0,2017-06-30 11:49:28,L,R,td,ndom,dom,ndom,TD20
91,117,83,2017-06-30 11:49:28,R,R,td,dom,dom,dom,TD20
0,0,0,2017-06-30 11:49:29,L,R,td,ndom,dom,ndom,TD20
130,71,64,2017-06-30 11:49:29,R,R,td,dom,dom,dom,TD20
122,98,93,2017-06-30 11:49:30,R,R,td,dom,dom,dom,TD20
0,0,0,2017-06-30 11:49:30,L,R,td,ndom,dom,ndom,TD20
0,0,0,2017-06-30 11:49:31,L,R,td,ndom,dom,ndom,TD20
111,75,80,2017-06-30 11:49:31,R,R,td,dom,dom,dom,TD20
132,91,91,2017-06-30 11:49:32,R,R,td,dom,dom,dom,TD20
5,8,0,2017-06-30 11:49:32,L,R,td,ndom,dom,ndom,TD20
121,83,64,2017-06-30 11:49:33,R,R,td,dom,dom,dom,TD20
2,11,0,2017-06-30 11:49:33,L,R,td,ndom,dom,ndom,TD20
178,121,55,2017-06-30 11:49:34,R,R,td,dom,dom,dom,TD20
0,11,0,2017-06-30 11:49:34,L,R,td,ndom,dom,ndom,TD20
0,0,0,2017-06-30 11:49:35,L,R,td,ndom,dom,ndom,TD20
141,75,70,2017-06-30 11:49:35,R,R,td,dom,dom,dom,TD20
0,0,0,2017-06-30 11:49:36,L,R,td,ndom,dom,ndom,TD20
84,94,67,2017-06-30 11:49:36,R,R,td,dom,dom,dom,TD20
0,0,0,2017-06-30 11:49:37,L,R,td,ndom,dom,ndom,TD20
81,61,90,2017-06-30 11:49:37,R,R,td,dom,dom,dom,TD20
0,0,0,2017-06-30 11:49:38,L,R,td,ndom,dom,ndom,TD20
53,56,92,2017-06-30 11:49:38,R,R,td,dom,dom,dom,TD20
0,0,0,2017-06-30 11:49:39,L,R,td,ndom,dom,ndom,TD20
71,93,79,2017-06-30 11:49:39,R,R,td,dom,dom,dom,TD20
0,0,0,2017-06-30 11:49:40,L,R,td,ndom,dom,ndom,TD20
73,93,96,2017-06-30 11:49:40,R,R,td,dom,dom,dom,TD20
0,0,0,2017-06-30 11:49:41,L,R,td,ndom,dom,ndom,TD20
97,51,66,2017-06-30 11:49:41,R,R,td,dom,dom,dom,TD20
0,0,0,2017-06-30 11:49:42,L,R,td,ndom,dom,ndom,TD20
122,67,67,2017-06-30 11:49:42,R,R,td,dom,dom,dom,TD20
0,0,0,2017-06-30 11:49:43,L,R,td,ndom,dom,ndom,TD20
114,69,76,2017-06-30 11:49:43,R,R,td,dom,dom,dom,TD20
0,0,0,2017-06-30 11:49:44,L,R,td,ndom,dom,ndom,TD20
74,65,77,2017-06-30 11:49:44,R,R,td,dom,dom,dom,TD20
0,0,0,2017-06-30 11:49:45,L,R,td,ndom,dom,ndom,TD20
53,47,82,2017-06-30 11:49:45,R,R,td,dom,dom,dom,TD20
64,63,55,2017-06-30 11:49:46,R,R,td,dom,dom,dom,TD20
0,0,0,2017-06-30 11:49:46,L,R,td,ndom,dom,ndom,TD20
0,0,0,2017-06-30 11:49:47,L,R,td,ndom,dom,ndom,TD20
59,58,43,2017-06-30 11:49:47,R,R,td,dom,dom,dom,TD20
0,0,0,2017-06-30 11:49:48,L,R,td,ndom,dom,ndom,TD20
98,118,93,2017-06-30 11:49:48,R,R,td,dom,dom,dom,TD20
94,112,99,2017-06-30 11:49:49,R,R,td,dom,dom,dom,TD20
0,0,0,2017-06-30 11:49:49,L,R,td,ndom,dom,ndom,TD20
75,63,91,2017-06-30 11:49:50,R,R,td,dom,dom,dom,TD20
0,0,0,2017-06-30 11:49:50,L,R,td,ndom,dom,ndom,TD20
75,73,98,2017-06-30 11:49:51,R,R,td,dom,dom,dom,TD20
0,0,0,2017-06-30 11:49:51,L,R,td,ndom,dom,ndom,TD20
59,86,91,2017-06-30 11:49:52,R,R,td,dom,dom,dom,TD20
0,0,0,2017-06-30 11:49:52,L,R,td,ndom,dom,ndom,TD20
63,57,53,2017-06-30 11:49:53,R,R,td,dom,dom,dom,TD20
0,0,0,2017-06-30 11:49:53,L,R,td,ndom,dom,ndom,TD20
66,130,74,2017-06-30 11:49:54,R,R,td,dom,dom,dom,TD20
0,0,0,2017-06-30 11:49:54,L,R,td,ndom,dom,ndom,TD20
55,74,89,2017-06-30 11:49:55,R,R,td,dom,dom,dom,TD20
0,0,0,2017-06-30 11:49:55,L,R,td,ndom,dom,ndom,TD20
66,81,75,2017-06-30 11:49:56,R,R,td,dom,dom,dom,TD20
0,0,0,2017-06-30 11:49:56,L,R,td,ndom,dom,ndom,TD20
93,79,76,2017-06-30 11:49:57,R,R,td,dom,dom,dom,TD20
0,0,0,2017-06-30 11:49:57,L,R,td,ndom,dom,ndom,TD20
77,80,68,2017-06-30 11:49:58,R,R,td,dom,dom,dom,TD20
0,0,0,2017-06-30 11:49:58,L,R,td,ndom,dom,ndom,TD20
61,83,73,2017-06-30 11:49:59,R,R,td,dom,dom,dom,TD20
0,0,0,2017-06-30 11:49:59,L,R,td,ndom,dom,ndom,TD20
0,0,0,2017-06-30 11:50:00,L,R,td,ndom,dom,ndom,TD20
64,61,86,2017-06-30 11:50:00,R,R,td,dom,dom,dom,TD20
0,2,5,2017-06-30 11:50:01,L,R,td,ndom,dom,ndom,TD20
125,87,80,2017-06-30 11:50:01,R,R,td,dom,dom,dom,TD20
0,0,0,2017-06-30 11:50:02,L,R,td,ndom,dom,ndom,TD20
93,114,118,2017-06-30 11:50:02,R,R,td,dom,dom,dom,TD20
0,0,0,2017-06-30 11:50:03,L,R,td,ndom,dom,ndom,TD20
54,70,86,2017-06-30 11:50:03,R,R,td,dom,dom,dom,TD20
0,0,0,2017-06-30 11:50:04,L,R,td,ndom,dom,ndom,TD20
60,83,77,2017-06-30 11:50:04,R,R,td,dom,dom,dom,TD20
0,0,0,2017-06-30 11:50:05,L,R,td,ndom,dom,ndom,TD20
64,97,63,2017-06-30 11:50:05,R,R,td,dom,dom,dom,TD20
0,0,0,2017-06-30 11:50:06,L,R,td,ndom,dom,ndom,TD20
68,99,48,2017-06-30 11:50:06,R,R,td,dom,dom,dom,TD20
61,71,33,2017-06-30 11:50:07,R,R,td,dom,dom,dom,TD20
0,0,0,2017-06-30 11:50:07,L,R,td,ndom,dom,ndom,TD20
0,0,0,2017-06-30 11:50:08,L,R,td,ndom,dom,ndom,TD20
79,90,54,2017-06-30 11:50:08,R,R,td,dom,dom,dom,TD20
2,12,32,2017-06-30 11:50:09,L,R,td,ndom,dom,ndom,TD20
88,72,87,2017-06-30 11:50:09,R,R,td,dom,dom,dom,TD20
221,82,122,2017-06-30 11:50:10,L,R,td,ndom,dom,ndom,TD20
42,13,5,2017-06-30 11:50:10,R,R,td,dom,dom,dom,TD20
0,0,0,2017-06-21 12:14:45,L,R,td,ndom,dom,ndom,TD21
52,115,104,2017-06-21 12:14:45,R,R,td,dom,dom,dom,TD21
0,0,0,2017-06-21 12:14:46,L,R,td,ndom,dom,ndom,TD21
72,93,104,2017-06-21 12:14:46,R,R,td,dom,dom,dom,TD21
0,0,0,2017-06-21 12:14:47,L,R,td,ndom,dom,ndom,TD21
118,51,77,2017-06-21 12:14:47,R,R,td,dom,dom,dom,TD21
0,0,0,2017-06-21 12:14:48,L,R,td,ndom,dom,ndom,TD21
114,102,79,2017-06-21 12:14:48,R,R,td,dom,dom,dom,TD21
0,0,0,2017-06-21 12:14:49,L,R,td,ndom,dom,ndom,TD21
33,82,36,2017-06-21 12:14:49,R,R,td,dom,dom,dom,TD21
67,103,71,2017-06-21 12:14:50,R,R,td,dom,dom,dom,TD21
0,0,0,2017-06-21 12:14:50,L,R,td,ndom,dom,ndom,TD21
0,0,0,2017-06-21 12:14:51,L,R,td,ndom,dom,ndom,TD21
53,126,67,2017-06-21 12:14:51,R,R,td,dom,dom,dom,TD21
29,34,70,2017-06-21 12:14:52,R,R,td,dom,dom,dom,TD21
0,0,0,2017-06-21 12:14:52,L,R,td,ndom,dom,ndom,TD21
97,66,55,2017-06-21 12:14:53,R,R,td,dom,dom,dom,TD21
0,0,0,2017-06-21 12:14:53,L,R,td,ndom,dom,ndom,TD21
0,0,0,2017-06-21 12:14:54,L,R,td,ndom,dom,ndom,TD21
132,78,87,2017-06-21 12:14:54,R,R,td,dom,dom,dom,TD21
0,0,0,2017-06-21 12:14:55,L,R,td,ndom,dom,ndom,TD21
140,126,63,2017-06-21 12:14:55,R,R,td,dom,dom,dom,TD21
0,0,0,2017-06-21 12:14:56,L,R,td,ndom,dom,ndom,TD21
79,129,88,2017-06-21 12:14:56,R,R,td,dom,dom,dom,TD21
0,0,0,2017-06-21 12:14:57,L,R,td,ndom,dom,ndom,TD21
82,139,120,2017-06-21 12:14:57,R,R,td,dom,dom,dom,TD21
0,0,0,2017-06-21 12:14:58,L,R,td,ndom,dom,ndom,TD21
64,172,96,2017-06-21 12:14:58,R,R,td,dom,dom,dom,TD21
123,141,90,2017-06-21 12:14:59,R,R,td,dom,dom,dom,TD21
0,0,0,2017-06-21 12:14:59,L,R,td,ndom,dom,ndom,TD21
94,173,130,2017-06-21 12:15:00,R,R,td,dom,dom,dom,TD21
0,0,0,2017-06-21 12:15:00,L,R,td,ndom,dom,ndom,TD21
63,148,100,2017-06-21 12:15:01,R,R,td,dom,dom,dom,TD21
0,0,0,2017-06-21 12:15:01,L,R,td,ndom,dom,ndom,TD21
47,142,102,2017-06-21 12:15:02,R,R,td,dom,dom,dom,TD21
0,0,0,2017-06-21 12:15:02,L,R,td,ndom,dom,ndom,TD21
0,0,0,2017-06-21 12:15:03,L,R,td,ndom,dom,ndom,TD21
67,178,96,2017-06-21 12:15:03,R,R,td,dom,dom,dom,TD21
78,204,110,2017-06-21 12:15:04,R,R,td,dom,dom,dom,TD21
0,0,0,2017-06-21 12:15:04,L,R,td,ndom,dom,ndom,TD21
0,0,0,2017-06-21 12:15:05,L,R,td,ndom,dom,ndom,TD21
83,192,126,2017-06-21 12:15:05,R,R,td,dom,dom,dom,TD21
75,168,94,2017-06-21 12:15:06,R,R,td,dom,dom,dom,TD21
0,0,0,2017-06-21 12:15:06,L,R,td,ndom,dom,ndom,TD21
80,223,95,2017-06-21 12:15:07,R,R,td,dom,dom,dom,TD21
0,0,0,2017-06-21 12:15:07,L,R,td,ndom,dom,ndom,TD21
98,197,113,2017-06-21 12:15:08,R,R,td,dom,dom,dom,TD21
0,0,0,2017-06-21 12:15:08,L,R,td,ndom,dom,ndom,TD21
0,0,0,2017-06-21 12:15:09,L,R,td,ndom,dom,ndom,TD21
103,193,106,2017-06-21 12:15:09,R,R,td,dom,dom,dom,TD21
0,0,0,2017-06-21 12:15:10,L,R,td,ndom,dom,ndom,TD21
42,133,104,2017-06-21 12:15:10,R,R,td,dom,dom,dom,TD21
0,0,0,2017-06-21 12:15:11,L,R,td,ndom,dom,ndom,TD21
87,94,75,2017-06-21 12:15:11,R,R,td,dom,dom,dom,TD21
0,0,0,2017-06-21 12:15:12,L,R,td,ndom,dom,ndom,TD21
110,125,72,2017-06-21 12:15:12,R,R,td,dom,dom,dom,TD21
0,0,0,2017-06-21 12:15:13,L,R,td,ndom,dom,ndom,TD21
70,89,70,2017-06-21 12:15:13,R,R,td,dom,dom,dom,TD21
0,0,0,2017-06-21 12:15:14,L,R,td,ndom,dom,ndom,TD21
58,95,46,2017-06-21 12:15:14,R,R,td,dom,dom,dom,TD21
0,0,0,2017-06-21 12:15:15,L,R,td,ndom,dom,ndom,TD21
73,82,54,2017-06-21 12:15:15,R,R,td,dom,dom,dom,TD21
75,84,68,2017-06-21 12:15:16,R,R,td,dom,dom,dom,TD21
0,0,0,2017-06-21 12:15:16,L,R,td,ndom,dom,ndom,TD21
62,84,49,2017-06-21 12:15:17,R,R,td,dom,dom,dom,TD21
0,0,0,2017-06-21 12:15:17,L,R,td,ndom,dom,ndom,TD21
70,141,76,2017-06-21 12:15:18,R,R,td,dom,dom,dom,TD21
0,0,0,2017-06-21 12:15:18,L,R,td,ndom,dom,ndom,TD21
84,100,94,2017-06-21 12:15:19,R,R,td,dom,dom,dom,TD21
0,0,0,2017-06-21 12:15:19,L,R,td,ndom,dom,ndom,TD21
57,69,114,2017-06-21 12:15:20,R,R,td,dom,dom,dom,TD21
0,0,0,2017-06-21 12:15:20,L,R,td,ndom,dom,ndom,TD21
43,81,111,2017-06-21 12:15:21,R,R,td,dom,dom,dom,TD21
0,0,0,2017-06-21 12:15:21,L,R,td,ndom,dom,ndom,TD21
57,70,70,2017-06-21 12:15:22,R,R,td,dom,dom,dom,TD21
0,0,0,2017-06-21 12:15:22,L,R,td,ndom,dom,ndom,TD21
0,0,0,2017-06-21 12:15:23,L,R,td,ndom,dom,ndom,TD21
87,90,85,2017-06-21 12:15:23,R,R,td,dom,dom,dom,TD21
0,0,0,2017-06-21 12:15:24,L,R,td,ndom,dom,ndom,TD21
60,36,114,2017-06-21 12:15:24,R,R,td,dom,dom,dom,TD21
0,0,0,2017-06-21 12:15:25,L,R,td,ndom,dom,ndom,TD21
53,77,111,2017-06-21 12:15:25,R,R,td,dom,dom,dom,TD21
0,0,0,2017-06-21 12:15:26,L,R,td,ndom,dom,ndom,TD21
48,84,87,2017-06-21 12:15:26,R,R,td,dom,dom,dom,TD21
0,0,0,2017-06-21 12:15:27,L,R,td,ndom,dom,ndom,TD21
92,65,122,2017-06-21 12:15:27,R,R,td,dom,dom,dom,TD21
124,78,79,2017-06-21 12:15:28,R,R,td,dom,dom,dom,TD21
0,0,0,2017-06-21 12:15:28,L,R,td,ndom,dom,ndom,TD21
0,0,0,2017-06-21 12:15:29,L,R,td,ndom,dom,ndom,TD21
129,46,92,2017-06-21 12:15:29,R,R,td,dom,dom,dom,TD21
0,0,0,2017-06-21 12:15:30,L,R,td,ndom,dom,ndom,TD21
61,66,79,2017-06-21 12:15:30,R,R,td,dom,dom,dom,TD21
89,131,53,2017-06-21 12:15:31,R,R,td,dom,dom,dom,TD21
0,0,0,2017-06-21 12:15:31,L,R,td,ndom,dom,ndom,TD21
0,0,0,2017-06-21 12:15:32,L,R,td,ndom,dom,ndom,TD21
62,91,85,2017-06-21 12:15:32,R,R,td,dom,dom,dom,TD21
64,99,47,2017-06-21 12:15:33,R,R,td,dom,dom,dom,TD21
0,0,0,2017-06-21 12:15:33,L,R,td,ndom,dom,ndom,TD21
57,102,78,2017-06-21 12:15:34,R,R,td,dom,dom,dom,TD21
0,0,0,2017-06-21 12:15:34,L,R,td,ndom,dom,ndom,TD21
74,108,54,2017-06-21 12:15:35,R,R,td,dom,dom,dom,TD21
0,0,0,2017-06-21 12:15:35,L,R,td,ndom,dom,ndom,TD21
34,153,94,2017-06-21 12:15:36,R,R,td,dom,dom,dom,TD21
0,0,0,2017-06-21 12:15:36,L,R,td,ndom,dom,ndom,TD21
106,90,79,2017-06-21 12:15:37,R,R,td,dom,dom,dom,TD21
0,0,0,2017-06-21 12:15:37,L,R,td,ndom,dom,ndom,TD21
91,71,102,2017-06-21 12:15:38,R,R,td,dom,dom,dom,TD21
0,0,0,2017-06-21 12:15:38,L,R,td,ndom,dom,ndom,TD21
0,0,0,2017-06-21 12:15:39,L,R,td,ndom,dom,ndom,TD21
100,70,152,2017-06-21 12:15:39,R,R,td,dom,dom,dom,TD21
0,0,0,2017-06-21 12:15:40,L,R,td,ndom,dom,ndom,TD21
64,91,104,2017-06-21 12:15:40,R,R,td,dom,dom,dom,TD21
85,75,62,2017-06-21 12:15:41,R,R,td,dom,dom,dom,TD21
0,0,0,2017-06-21 12:15:41,L,R,td,ndom,dom,ndom,TD21
0,0,0,2017-06-21 12:15:42,L,R,td,ndom,dom,ndom,TD21
81,70,46,2017-06-21 12:15:42,R,R,td,dom,dom,dom,TD21
33,80,32,2017-06-21 12:15:43,R,R,td,dom,dom,dom,TD21
0,0,0,2017-06-21 12:15:43,L,R,td,ndom,dom,ndom,TD21
0,0,0,2017-06-21 12:15:44,L,R,td,ndom,dom,ndom,TD21
152,111,77,2017-06-21 12:15:44,R,R,td,dom,dom,dom,TD21
39,31,28,2017-06-21 12:15:45,R,R,td,dom,dom,dom,TD21
8,0,0,2017-06-21 12:15:45,L,R,td,ndom,dom,ndom,TD21
126,74,70,2017-06-21 12:17:25,L,R,td,ndom,ndom,ndom,TD21
0,0,0,2017-06-21 12:17:25,R,R,td,dom,ndom,dom,TD21
80,58,87,2017-06-21 12:17:26,L,R,td,ndom,ndom,ndom,TD21
0,0,0,2017-06-21 12:17:26,R,R,td,dom,ndom,dom,TD21
76,46,93,2017-06-21 12:17:27,L,R,td,ndom,ndom,ndom,TD21
0,0,0,2017-06-21 12:17:27,R,R,td,dom,ndom,dom,TD21
49,60,107,2017-06-21 12:17:28,L,R,td,ndom,ndom,ndom,TD21
0,0,0,2017-06-21 12:17:28,R,R,td,dom,ndom,dom,TD21
75,41,65,2017-06-21 12:17:29,L,R,td,ndom,ndom,ndom,TD21
0,0,0,2017-06-21 12:17:29,R,R,td,dom,ndom,dom,TD21
101,24,96,2017-06-21 12:17:30,L,R,td,ndom,ndom,ndom,TD21
0,0,0,2017-06-21 12:17:30,R,R,td,dom,ndom,dom,TD21
98,68,68,2017-06-21 12:17:31,L,R,td,ndom,ndom,ndom,TD21
0,0,0,2017-06-21 12:17:31,R,R,td,dom,ndom,dom,TD21
177,31,29,2017-06-21 12:17:32,L,R,td,ndom,ndom,ndom,TD21
0,0,0,2017-06-21 12:17:32,R,R,td,dom,ndom,dom,TD21
0,0,0,2017-06-21 12:17:33,R,R,td,dom,ndom,dom,TD21
123,41,51,2017-06-21 12:17:33,L,R,td,ndom,ndom,ndom,TD21
0,0,0,2017-06-21 12:17:34,R,R,td,dom,ndom,dom,TD21
148,46,54,2017-06-21 12:17:34,L,R,td,ndom,ndom,ndom,TD21
0,0,0,2017-06-21 12:17:35,R,R,td,dom,ndom,dom,TD21
99,56,35,2017-06-21 12:17:35,L,R,td,ndom,ndom,ndom,TD21
0,0,0,2017-06-21 12:17:36,R,R,td,dom,ndom,dom,TD21
122,61,60,2017-06-21 12:17:36,L,R,td,ndom,ndom,ndom,TD21
174,34,54,2017-06-21 12:17:37,L,R,td,ndom,ndom,ndom,TD21
0,0,0,2017-06-21 12:17:37,R,R,td,dom,ndom,dom,TD21
0,0,0,2017-06-21 12:17:38,R,R,td,dom,ndom,dom,TD21
62,41,132,2017-06-21 12:17:38,L,R,td,ndom,ndom,ndom,TD21
0,0,0,2017-06-21 12:17:39,R,R,td,dom,ndom,dom,TD21
35,47,83,2017-06-21 12:17:39,L,R,td,ndom,ndom,ndom,TD21
67,50,52,2017-06-21 12:17:40,L,R,td,ndom,ndom,ndom,TD21
0,0,0,2017-06-21 12:17:40,R,R,td,dom,ndom,dom,TD21
66,29,54,2017-06-21 12:17:41,L,R,td,ndom,ndom,ndom,TD21
0,0,0,2017-06-21 12:17:41,R,R,td,dom,ndom,dom,TD21
0,0,0,2017-06-21 12:17:42,R,R,td,dom,ndom,dom,TD21
84,60,98,2017-06-21 12:17:42,L,R,td,ndom,ndom,ndom,TD21
0,0,0,2017-06-21 12:17:43,R,R,td,dom,ndom,dom,TD21
135,84,55,2017-06-21 12:17:43,L,R,td,ndom,ndom,ndom,TD21
162,53,44,2017-06-21 12:17:44,L,R,td,ndom,ndom,ndom,TD21
0,0,0,2017-06-21 12:17:44,R,R,td,dom,ndom,dom,TD21
0,0,0,2017-06-21 12:17:45,R,R,td,dom,ndom,dom,TD21
187,40,39,2017-06-21 12:17:45,L,R,td,ndom,ndom,ndom,TD21
0,0,0,2017-06-21 12:17:46,R,R,td,dom,ndom,dom,TD21
119,43,35,2017-06-21 12:17:46,L,R,td,ndom,ndom,ndom,TD21
0,0,0,2017-06-21 12:17:47,R,R,td,dom,ndom,dom,TD21
93,82,100,2017-06-21 12:17:47,L,R,td,ndom,ndom,ndom,TD21
0,0,0,2017-06-21 12:17:48,R,R,td,dom,ndom,dom,TD21
32,74,136,2017-06-21 12:17:48,L,R,td,ndom,ndom,ndom,TD21
0,0,0,2017-06-21 12:17:49,R,R,td,dom,ndom,dom,TD21
43,26,126,2017-06-21 12:17:49,L,R,td,ndom,ndom,ndom,TD21
0,0,0,2017-06-21 12:17:50,R,R,td,dom,ndom,dom,TD21
40,41,62,2017-06-21 12:17:50,L,R,td,ndom,ndom,ndom,TD21
0,0,0,2017-06-21 12:17:51,R,R,td,dom,ndom,dom,TD21
41,34,24,2017-06-21 12:17:51,L,R,td,ndom,ndom,ndom,TD21
0,0,0,2017-06-21 12:17:52,R,R,td,dom,ndom,dom,TD21
110,96,33,2017-06-21 12:17:52,L,R,td,ndom,ndom,ndom,TD21
0,0,0,2017-06-21 12:17:53,R,R,td,dom,ndom,dom,TD21
93,45,31,2017-06-21 12:17:53,L,R,td,ndom,ndom,ndom,TD21
0,0,0,2017-06-21 12:17:54,R,R,td,dom,ndom,dom,TD21
201,47,44,2017-06-21 12:17:54,L,R,td,ndom,ndom,ndom,TD21
0,0,0,2017-06-21 12:17:55,R,R,td,dom,ndom,dom,TD21
112,59,84,2017-06-21 12:17:55,L,R,td,ndom,ndom,ndom,TD21
0,0,0,2017-06-21 12:17:56,R,R,td,dom,ndom,dom,TD21
86,87,101,2017-06-21 12:17:56,L,R,td,ndom,ndom,ndom,TD21
0,0,0,2017-06-21 12:17:57,R,R,td,dom,ndom,dom,TD21
54,87,56,2017-06-21 12:17:57,L,R,td,ndom,ndom,ndom,TD21
71,71,60,2017-06-21 12:17:58,L,R,td,ndom,ndom,ndom,TD21
0,0,0,2017-06-21 12:17:58,R,R,td,dom,ndom,dom,TD21
0,0,0,2017-06-21 12:17:59,R,R,td,dom,ndom,dom,TD21
59,96,72,2017-06-21 12:17:59,L,R,td,ndom,ndom,ndom,TD21
72,100,100,2017-06-21 12:18:00,L,R,td,ndom,ndom,ndom,TD21
0,0,0,2017-06-21 12:18:00,R,R,td,dom,ndom,dom,TD21
53,76,104,2017-06-21 12:18:01,L,R,td,ndom,ndom,ndom,TD21
0,0,0,2017-06-21 12:18:01,R,R,td,dom,ndom,dom,TD21
132,37,62,2017-06-21 12:18:02,L,R,td,ndom,ndom,ndom,TD21
0,0,0,2017-06-21 12:18:02,R,R,td,dom,ndom,dom,TD21
87,45,56,2017-06-21 12:18:03,L,R,td,ndom,ndom,ndom,TD21
0,0,0,2017-06-21 12:18:03,R,R,td,dom,ndom,dom,TD21
64,57,51,2017-06-21 12:18:04,L,R,td,ndom,ndom,ndom,TD21
0,0,0,2017-06-21 12:18:04,R,R,td,dom,ndom,dom,TD21
0,0,0,2017-06-21 12:18:05,R,R,td,dom,ndom,dom,TD21
78,71,66,2017-06-21 12:18:05,L,R,td,ndom,ndom,ndom,TD21
63,63,67,2017-06-21 12:18:06,L,R,td,ndom,ndom,ndom,TD21
0,0,0,2017-06-21 12:18:06,R,R,td,dom,ndom,dom,TD21
65,36,34,2017-06-21 12:18:07,L,R,td,ndom,ndom,ndom,TD21
0,0,0,2017-06-21 12:18:07,R,R,td,dom,ndom,dom,TD21
59,19,27,2017-06-21 12:18:08,L,R,td,ndom,ndom,ndom,TD21
0,0,0,2017-06-21 12:18:08,R,R,td,dom,ndom,dom,TD21
61,72,46,2017-06-21 12:18:09,L,R,td,ndom,ndom,ndom,TD21
0,0,0,2017-06-21 12:18:09,R,R,td,dom,ndom,dom,TD21
95,55,58,2017-06-21 12:18:10,L,R,td,ndom,ndom,ndom,TD21
0,0,0,2017-06-21 12:18:10,R,R,td,dom,ndom,dom,TD21
0,0,0,2017-06-21 12:18:11,R,R,td,dom,ndom,dom,TD21
117,32,54,2017-06-21 12:18:11,L,R,td,ndom,ndom,ndom,TD21
100,43,66,2017-06-21 12:18:12,L,R,td,ndom,ndom,ndom,TD21
0,0,0,2017-06-21 12:18:12,R,R,td,dom,ndom,dom,TD21
72,70,63,2017-06-21 12:18:13,L,R,td,ndom,ndom,ndom,TD21
0,0,0,2017-06-21 12:18:13,R,R,td,dom,ndom,dom,TD21
0,0,0,2017-06-21 12:18:14,R,R,td,dom,ndom,dom,TD21
82,61,65,2017-06-21 12:18:14,L,R,td,ndom,ndom,ndom,TD21
82,14,69,2017-06-21 12:18:15,L,R,td,ndom,ndom,ndom,TD21
0,0,0,2017-06-21 12:18:15,R,R,td,dom,ndom,dom,TD21
100,58,66,2017-06-21 12:18:16,L,R,td,ndom,ndom,ndom,TD21
0,0,0,2017-06-21 12:18:16,R,R,td,dom,ndom,dom,TD21
0,0,0,2017-06-21 12:18:17,R,R,td,dom,ndom,dom,TD21
105,72,79,2017-06-21 12:18:17,L,R,td,ndom,ndom,ndom,TD21
68,20,97,2017-06-21 12:18:18,L,R,td,ndom,ndom,ndom,TD21
0,0,0,2017-06-21 12:18:18,R,R,td,dom,ndom,dom,TD21
88,98,81,2017-06-21 12:18:19,L,R,td,ndom,ndom,ndom,TD21
0,0,0,2017-06-21 12:18:19,R,R,td,dom,ndom,dom,TD21
0,0,0,2017-06-21 12:18:20,R,R,td,dom,ndom,dom,TD21
125,70,80,2017-06-21 12:18:20,L,R,td,ndom,ndom,ndom,TD21
0,0,0,2017-06-21 12:18:21,R,R,td,dom,ndom,dom,TD21
97,71,35,2017-06-21 12:18:21,L,R,td,ndom,ndom,ndom,TD21
0,0,0,2017-06-21 12:18:22,R,R,td,dom,ndom,dom,TD21
22,106,67,2017-06-21 12:18:22,L,R,td,ndom,ndom,ndom,TD21
0,0,0,2017-06-21 12:18:23,R,R,td,dom,ndom,dom,TD21
73,147,76,2017-06-21 12:18:23,L,R,td,ndom,ndom,ndom,TD21
0,0,0,2017-06-21 12:18:24,R,R,td,dom,ndom,dom,TD21
44,72,67,2017-06-21 12:18:24,L,R,td,ndom,ndom,ndom,TD21
0,0,0,2017-06-21 12:18:25,R,R,td,dom,ndom,dom,TD21
142,97,96,2017-06-21 12:18:25,L,R,td,ndom,ndom,ndom,TD21
122,54,84,2017-03-22 17:09:05,L,R,td,ndom,ndom,ndom,TD22
0,6,0,2017-03-22 17:09:05,R,R,td,dom,ndom,dom,TD22
176,43,64,2017-03-22 17:09:06,L,R,td,ndom,ndom,ndom,TD22
0,0,0,2017-03-22 17:09:06,R,R,td,dom,ndom,dom,TD22
69,77,36,2017-03-22 17:09:07,L,R,td,ndom,ndom,ndom,TD22
0,0,0,2017-03-22 17:09:07,R,R,td,dom,ndom,dom,TD22
0,0,0,2017-03-22 17:09:08,R,R,td,dom,ndom,dom,TD22
82,60,47,2017-03-22 17:09:08,L,R,td,ndom,ndom,ndom,TD22
0,0,0,2017-03-22 17:09:09,R,R,td,dom,ndom,dom,TD22
41,48,34,2017-03-22 17:09:09,L,R,td,ndom,ndom,ndom,TD22
0,0,0,2017-03-22 17:09:10,R,R,td,dom,ndom,dom,TD22
100,46,72,2017-03-22 17:09:10,L,R,td,ndom,ndom,ndom,TD22
0,0,0,2017-03-22 17:09:11,R,R,td,dom,ndom,dom,TD22
88,38,58,2017-03-22 17:09:11,L,R,td,ndom,ndom,ndom,TD22
39,62,33,2017-03-22 17:09:12,L,R,td,ndom,ndom,ndom,TD22
0,0,0,2017-03-22 17:09:12,R,R,td,dom,ndom,dom,TD22
0,0,0,2017-03-22 17:09:13,R,R,td,dom,ndom,dom,TD22
49,65,27,2017-03-22 17:09:13,L,R,td,ndom,ndom,ndom,TD22
0,0,0,2017-03-22 17:09:14,R,R,td,dom,ndom,dom,TD22
84,75,58,2017-03-22 17:09:14,L,R,td,ndom,ndom,ndom,TD22
55,53,37,2017-03-22 17:09:15,R,R,td,dom,ndom,dom,TD22
43,50,2,2017-03-22 17:09:15,L,R,td,ndom,ndom,ndom,TD22
6,4,0,2017-03-22 17:09:16,R,R,td,dom,ndom,dom,TD22
139,34,63,2017-03-22 17:09:16,L,R,td,ndom,ndom,ndom,TD22
2,0,0,2017-03-22 17:09:17,R,R,td,dom,ndom,dom,TD22
75,59,5,2017-03-22 17:09:17,L,R,td,ndom,ndom,ndom,TD22
0,0,0,2017-03-22 17:09:18,R,R,td,dom,ndom,dom,TD22
121,39,78,2017-03-22 17:09:18,L,R,td,ndom,ndom,ndom,TD22
98,82,69,2017-03-22 17:09:19,L,R,td,ndom,ndom,ndom,TD22
0,0,0,2017-03-22 17:09:19,R,R,td,dom,ndom,dom,TD22
92,45,70,2017-03-22 17:09:20,L,R,td,ndom,ndom,ndom,TD22
0,0,0,2017-03-22 17:09:20,R,R,td,dom,ndom,dom,TD22
69,42,42,2017-03-22 17:09:21,L,R,td,ndom,ndom,ndom,TD22
0,0,0,2017-03-22 17:09:21,R,R,td,dom,ndom,dom,TD22
73,38,74,2017-03-22 17:09:22,L,R,td,ndom,ndom,ndom,TD22
0,0,0,2017-03-22 17:09:22,R,R,td,dom,ndom,dom,TD22
44,46,43,2017-03-22 17:09:23,L,R,td,ndom,ndom,ndom,TD22
0,0,0,2017-03-22 17:09:23,R,R,td,dom,ndom,dom,TD22
80,110,91,2017-03-22 17:09:24,L,R,td,ndom,ndom,ndom,TD22
0,0,0,2017-03-22 17:09:24,R,R,td,dom,ndom,dom,TD22
66,75,45,2017-03-22 17:09:25,L,R,td,ndom,ndom,ndom,TD22
0,0,0,2017-03-22 17:09:25,R,R,td,dom,ndom,dom,TD22
31,52,29,2017-03-22 17:09:26,L,R,td,ndom,ndom,ndom,TD22
0,0,0,2017-03-22 17:09:26,R,R,td,dom,ndom,dom,TD22
65,39,42,2017-03-22 17:09:27,L,R,td,ndom,ndom,ndom,TD22
0,0,0,2017-03-22 17:09:27,R,R,td,dom,ndom,dom,TD22
0,0,0,2017-03-22 17:09:28,R,R,td,dom,ndom,dom,TD22
49,47,11,2017-03-22 17:09:28,L,R,td,ndom,ndom,ndom,TD22
75,74,54,2017-03-22 17:09:29,L,R,td,ndom,ndom,ndom,TD22
0,0,0,2017-03-22 17:09:29,R,R,td,dom,ndom,dom,TD22
54,44,15,2017-03-22 17:09:30,L,R,td,ndom,ndom,ndom,TD22
0,0,0,2017-03-22 17:09:30,R,R,td,dom,ndom,dom,TD22
46,68,48,2017-03-22 17:09:31,L,R,td,ndom,ndom,ndom,TD22
0,0,0,2017-03-22 17:09:31,R,R,td,dom,ndom,dom,TD22
0,0,0,2017-03-22 17:09:32,R,R,td,dom,ndom,dom,TD22
41,46,40,2017-03-22 17:09:32,L,R,td,ndom,ndom,ndom,TD22
0,0,0,2017-03-22 17:09:33,R,R,td,dom,ndom,dom,TD22
35,43,11,2017-03-22 17:09:33,L,R,td,ndom,ndom,ndom,TD22
0,0,0,2017-03-22 17:09:34,R,R,td,dom,ndom,dom,TD22
60,19,32,2017-03-22 17:09:34,L,R,td,ndom,ndom,ndom,TD22
0,0,0,2017-03-22 17:09:35,R,R,td,dom,ndom,dom,TD22
58,63,41,2017-03-22 17:09:35,L,R,td,ndom,ndom,ndom,TD22
0,0,0,2017-03-22 17:09:36,R,R,td,dom,ndom,dom,TD22
74,30,12,2017-03-22 17:09:36,L,R,td,ndom,ndom,ndom,TD22
31,29,15,2017-03-22 17:09:37,L,R,td,ndom,ndom,ndom,TD22
0,0,0,2017-03-22 17:09:37,R,R,td,dom,ndom,dom,TD22
0,0,0,2017-03-22 17:09:38,R,R,td,dom,ndom,dom,TD22
137,60,52,2017-03-22 17:09:38,L,R,td,ndom,ndom,ndom,TD22
0,0,0,2017-03-22 17:09:39,R,R,td,dom,ndom,dom,TD22
127,39,62,2017-03-22 17:09:39,L,R,td,ndom,ndom,ndom,TD22
110,50,25,2017-03-22 17:09:40,L,R,td,ndom,ndom,ndom,TD22
0,0,0,2017-03-22 17:09:40,R,R,td,dom,ndom,dom,TD22
125,151,70,2017-03-22 17:09:41,L,R,td,ndom,ndom,ndom,TD22
0,0,0,2017-03-22 17:09:41,R,R,td,dom,ndom,dom,TD22
0,0,0,2017-03-22 17:09:42,R,R,td,dom,ndom,dom,TD22
116,94,81,2017-03-22 17:09:42,L,R,td,ndom,ndom,ndom,TD22
0,0,0,2017-03-22 17:09:43,R,R,td,dom,ndom,dom,TD22
115,67,99,2017-03-22 17:09:43,L,R,td,ndom,ndom,ndom,TD22
0,0,0,2017-03-22 17:09:44,R,R,td,dom,ndom,dom,TD22
94,54,96,2017-03-22 17:09:44,L,R,td,ndom,ndom,ndom,TD22
0,0,0,2017-03-22 17:09:45,R,R,td,dom,ndom,dom,TD22
46,64,0,2017-03-22 17:09:45,L,R,td,ndom,ndom,ndom,TD22
0,0,0,2017-03-22 17:09:46,R,R,td,dom,ndom,dom,TD22
109,10,36,2017-03-22 17:09:46,L,R,td,ndom,ndom,ndom,TD22
0,0,0,2017-03-22 17:09:47,R,R,td,dom,ndom,dom,TD22
57,80,43,2017-03-22 17:09:47,L,R,td,ndom,ndom,ndom,TD22
0,0,0,2017-03-22 17:09:48,R,R,td,dom,ndom,dom,TD22
30,35,28,2017-03-22 17:09:48,L,R,td,ndom,ndom,ndom,TD22
21,96,56,2017-03-22 17:09:49,L,R,td,ndom,ndom,ndom,TD22
0,0,0,2017-03-22 17:09:49,R,R,td,dom,ndom,dom,TD22
55,31,20,2017-03-22 17:09:50,L,R,td,ndom,ndom,ndom,TD22
0,0,0,2017-03-22 17:09:50,R,R,td,dom,ndom,dom,TD22
0,0,0,2017-03-22 17:09:51,R,R,td,dom,ndom,dom,TD22
53,80,68,2017-03-22 17:09:51,L,R,td,ndom,ndom,ndom,TD22
0,0,0,2017-03-22 17:09:52,R,R,td,dom,ndom,dom,TD22
61,112,38,2017-03-22 17:09:52,L,R,td,ndom,ndom,ndom,TD22
0,0,0,2017-03-22 17:09:53,R,R,td,dom,ndom,dom,TD22
61,101,40,2017-03-22 17:09:53,L,R,td,ndom,ndom,ndom,TD22
0,0,0,2017-03-22 17:09:54,R,R,td,dom,ndom,dom,TD22
74,35,10,2017-03-22 17:09:54,L,R,td,ndom,ndom,ndom,TD22
0,0,0,2017-03-22 17:09:55,R,R,td,dom,ndom,dom,TD22
82,88,15,2017-03-22 17:09:55,L,R,td,ndom,ndom,ndom,TD22
112,43,74,2017-03-22 17:09:56,L,R,td,ndom,ndom,ndom,TD22
0,0,0,2017-03-22 17:09:56,R,R,td,dom,ndom,dom,TD22
0,0,0,2017-03-22 17:09:57,R,R,td,dom,ndom,dom,TD22
109,40,67,2017-03-22 17:09:57,L,R,td,ndom,ndom,ndom,TD22
0,0,0,2017-03-22 17:09:58,R,R,td,dom,ndom,dom,TD22
62,84,39,2017-03-22 17:09:58,L,R,td,ndom,ndom,ndom,TD22
0,0,0,2017-03-22 17:09:59,R,R,td,dom,ndom,dom,TD22
74,74,37,2017-03-22 17:09:59,L,R,td,ndom,ndom,ndom,TD22
123,99,49,2017-03-22 17:10:00,L,R,td,ndom,ndom,ndom,TD22
0,0,0,2017-03-22 17:10:00,R,R,td,dom,ndom,dom,TD22
86,62,71,2017-03-22 17:10:01,L,R,td,ndom,ndom,ndom,TD22
0,0,0,2017-03-22 17:10:01,R,R,td,dom,ndom,dom,TD22
112,43,67,2017-03-22 17:10:02,L,R,td,ndom,ndom,ndom,TD22
0,0,0,2017-03-22 17:10:02,R,R,td,dom,ndom,dom,TD22
91,54,59,2017-03-22 17:10:03,L,R,td,ndom,ndom,ndom,TD22
0,0,0,2017-03-22 17:10:03,R,R,td,dom,ndom,dom,TD22
133,120,89,2017-03-22 17:10:04,L,R,td,ndom,ndom,ndom,TD22
0,0,0,2017-03-22 17:10:04,R,R,td,dom,ndom,dom,TD22
10,12,37,2017-03-22 17:10:05,R,R,td,dom,ndom,dom,TD22
92,177,82,2017-03-22 17:10:05,L,R,td,ndom,ndom,ndom,TD22
109,40,89,2017-03-22 17:11:20,R,R,td,dom,dom,dom,TD22
0,5,0,2017-03-22 17:11:20,L,R,td,ndom,dom,ndom,TD22
0,0,0,2017-03-22 17:11:21,L,R,td,ndom,dom,ndom,TD22
97,63,43,2017-03-22 17:11:21,R,R,td,dom,dom,dom,TD22
106,89,81,2017-03-22 17:11:22,R,R,td,dom,dom,dom,TD22
0,0,0,2017-03-22 17:11:22,L,R,td,ndom,dom,ndom,TD22
146,74,120,2017-03-22 17:11:23,R,R,td,dom,dom,dom,TD22
0,0,0,2017-03-22 17:11:23,L,R,td,ndom,dom,ndom,TD22
100,65,106,2017-03-22 17:11:24,R,R,td,dom,dom,dom,TD22
0,0,0,2017-03-22 17:11:24,L,R,td,ndom,dom,ndom,TD22
97,86,41,2017-03-22 17:11:25,R,R,td,dom,dom,dom,TD22
0,0,0,2017-03-22 17:11:25,L,R,td,ndom,dom,ndom,TD22
82,102,61,2017-03-22 17:11:26,R,R,td,dom,dom,dom,TD22
0,0,0,2017-03-22 17:11:26,L,R,td,ndom,dom,ndom,TD22
0,0,0,2017-03-22 17:11:27,L,R,td,ndom,dom,ndom,TD22
121,71,97,2017-03-22 17:11:27,R,R,td,dom,dom,dom,TD22
0,0,0,2017-03-22 17:11:28,L,R,td,ndom,dom,ndom,TD22
110,77,56,2017-03-22 17:11:28,R,R,td,dom,dom,dom,TD22
0,0,0,2017-03-22 17:11:29,L,R,td,ndom,dom,ndom,TD22
88,76,40,2017-03-22 17:11:29,R,R,td,dom,dom,dom,TD22
0,0,0,2017-03-22 17:11:30,L,R,td,ndom,dom,ndom,TD22
109,102,59,2017-03-22 17:11:30,R,R,td,dom,dom,dom,TD22
0,0,0,2017-03-22 17:11:31,L,R,td,ndom,dom,ndom,TD22
84,77,44,2017-03-22 17:11:31,R,R,td,dom,dom,dom,TD22
0,0,0,2017-03-22 17:11:32,L,R,td,ndom,dom,ndom,TD22
115,97,65,2017-03-22 17:11:32,R,R,td,dom,dom,dom,TD22
0,0,0,2017-03-22 17:11:33,L,R,td,ndom,dom,ndom,TD22
90,44,27,2017-03-22 17:11:33,R,R,td,dom,dom,dom,TD22
0,0,0,2017-03-22 17:11:34,L,R,td,ndom,dom,ndom,TD22
48,95,18,2017-03-22 17:11:34,R,R,td,dom,dom,dom,TD22
113,44,48,2017-03-22 17:11:35,R,R,td,dom,dom,dom,TD22
0,0,0,2017-03-22 17:11:35,L,R,td,ndom,dom,ndom,TD22
0,0,0,2017-03-22 17:11:36,L,R,td,ndom,dom,ndom,TD22
72,88,46,2017-03-22 17:11:36,R,R,td,dom,dom,dom,TD22
175,76,98,2017-03-22 17:11:37,R,R,td,dom,dom,dom,TD22
0,0,0,2017-03-22 17:11:37,L,R,td,ndom,dom,ndom,TD22
147,185,25,2017-03-22 17:11:38,R,R,td,dom,dom,dom,TD22
0,0,0,2017-03-22 17:11:38,L,R,td,ndom,dom,ndom,TD22
121,73,80,2017-03-22 17:11:39,R,R,td,dom,dom,dom,TD22
0,0,0,2017-03-22 17:11:39,L,R,td,ndom,dom,ndom,TD22
175,182,31,2017-03-22 17:11:40,R,R,td,dom,dom,dom,TD22
0,0,0,2017-03-22 17:11:40,L,R,td,ndom,dom,ndom,TD22
0,0,0,2017-03-22 17:11:41,L,R,td,ndom,dom,ndom,TD22
151,39,45,2017-03-22 17:11:41,R,R,td,dom,dom,dom,TD22
64,75,12,2017-03-22 17:11:42,R,R,td,dom,dom,dom,TD22
0,0,0,2017-03-22 17:11:42,L,R,td,ndom,dom,ndom,TD22
107,88,56,2017-03-22 17:11:43,R,R,td,dom,dom,dom,TD22
0,0,0,2017-03-22 17:11:43,L,R,td,ndom,dom,ndom,TD22
0,0,0,2017-03-22 17:11:44,L,R,td,ndom,dom,ndom,TD22
136,43,68,2017-03-22 17:11:44,R,R,td,dom,dom,dom,TD22
126,35,34,2017-03-22 17:11:45,R,R,td,dom,dom,dom,TD22
0,0,0,2017-03-22 17:11:45,L,R,td,ndom,dom,ndom,TD22
0,0,0,2017-03-22 17:11:46,L,R,td,ndom,dom,ndom,TD22
161,87,58,2017-03-22 17:11:46,R,R,td,dom,dom,dom,TD22
0,0,0,2017-03-22 17:11:47,L,R,td,ndom,dom,ndom,TD22
175,132,126,2017-03-22 17:11:47,R,R,td,dom,dom,dom,TD22
0,0,0,2017-03-22 17:11:48,L,R,td,ndom,dom,ndom,TD22
162,68,29,2017-03-22 17:11:48,R,R,td,dom,dom,dom,TD22
99,111,54,2017-03-22 17:11:49,R,R,td,dom,dom,dom,TD22
0,0,0,2017-03-22 17:11:49,L,R,td,ndom,dom,ndom,TD22
0,0,0,2017-03-22 17:11:50,L,R,td,ndom,dom,ndom,TD22
137,60,70,2017-03-22 17:11:50,R,R,td,dom,dom,dom,TD22
108,63,58,2017-03-22 17:11:51,R,R,td,dom,dom,dom,TD22
0,0,0,2017-03-22 17:11:51,L,R,td,ndom,dom,ndom,TD22
0,0,0,2017-03-22 17:11:52,L,R,td,ndom,dom,ndom,TD22
89,45,63,2017-03-22 17:11:52,R,R,td,dom,dom,dom,TD22
0,0,0,2017-03-22 17:11:53,L,R,td,ndom,dom,ndom,TD22
91,98,76,2017-03-22 17:11:53,R,R,td,dom,dom,dom,TD22
104,73,73,2017-03-22 17:11:54,R,R,td,dom,dom,dom,TD22
0,0,0,2017-03-22 17:11:54,L,R,td,ndom,dom,ndom,TD22
0,0,0,2017-03-22 17:11:55,L,R,td,ndom,dom,ndom,TD22
114,79,21,2017-03-22 17:11:55,R,R,td,dom,dom,dom,TD22
0,0,0,2017-03-22 17:11:56,L,R,td,ndom,dom,ndom,TD22
202,192,89,2017-03-22 17:11:56,R,R,td,dom,dom,dom,TD22
129,74,78,2017-03-22 17:11:57,R,R,td,dom,dom,dom,TD22
0,0,0,2017-03-22 17:11:57,L,R,td,ndom,dom,ndom,TD22
133,69,74,2017-03-22 17:11:58,R,R,td,dom,dom,dom,TD22
0,0,0,2017-03-22 17:11:58,L,R,td,ndom,dom,ndom,TD22
0,0,0,2017-03-22 17:11:59,L,R,td,ndom,dom,ndom,TD22
142,91,82,2017-03-22 17:11:59,R,R,td,dom,dom,dom,TD22
0,0,0,2017-03-22 17:12:00,L,R,td,ndom,dom,ndom,TD22
95,28,66,2017-03-22 17:12:00,R,R,td,dom,dom,dom,TD22
161,93,85,2017-03-22 17:12:01,R,R,td,dom,dom,dom,TD22
0,0,0,2017-03-22 17:12:01,L,R,td,ndom,dom,ndom,TD22
146,44,58,2017-03-22 17:12:02,R,R,td,dom,dom,dom,TD22
0,0,0,2017-03-22 17:12:02,L,R,td,ndom,dom,ndom,TD22
167,88,34,2017-03-22 17:12:03,R,R,td,dom,dom,dom,TD22
0,0,0,2017-03-22 17:12:03,L,R,td,ndom,dom,ndom,TD22
136,67,79,2017-03-22 17:12:04,R,R,td,dom,dom,dom,TD22
0,0,0,2017-03-22 17:12:04,L,R,td,ndom,dom,ndom,TD22
127,51,57,2017-03-22 17:12:05,R,R,td,dom,dom,dom,TD22
0,0,0,2017-03-22 17:12:05,L,R,td,ndom,dom,ndom,TD22
124,53,43,2017-03-22 17:12:06,R,R,td,dom,dom,dom,TD22
0,0,0,2017-03-22 17:12:06,L,R,td,ndom,dom,ndom,TD22
195,89,94,2017-03-22 17:12:07,R,R,td,dom,dom,dom,TD22
0,0,0,2017-03-22 17:12:07,L,R,td,ndom,dom,ndom,TD22
155,78,52,2017-03-22 17:12:08,R,R,td,dom,dom,dom,TD22
0,0,0,2017-03-22 17:12:08,L,R,td,ndom,dom,ndom,TD22
0,0,0,2017-03-22 17:12:09,L,R,td,ndom,dom,ndom,TD22
146,50,63,2017-03-22 17:12:09,R,R,td,dom,dom,dom,TD22
153,59,30,2017-03-22 17:12:10,R,R,td,dom,dom,dom,TD22
0,0,0,2017-03-22 17:12:10,L,R,td,ndom,dom,ndom,TD22
0,8,16,2017-03-22 17:12:11,L,R,td,ndom,dom,ndom,TD22
179,80,76,2017-03-22 17:12:11,R,R,td,dom,dom,dom,TD22
167,67,50,2017-03-22 17:12:12,R,R,td,dom,dom,dom,TD22
0,0,0,2017-03-22 17:12:12,L,R,td,ndom,dom,ndom,TD22
103,47,60,2017-03-22 17:12:13,R,R,td,dom,dom,dom,TD22
0,0,0,2017-03-22 17:12:13,L,R,td,ndom,dom,ndom,TD22
76,58,69,2017-03-22 17:12:14,R,R,td,dom,dom,dom,TD22
0,0,0,2017-03-22 17:12:14,L,R,td,ndom,dom,ndom,TD22
87,39,39,2017-03-22 17:12:15,R,R,td,dom,dom,dom,TD22
0,0,0,2017-03-22 17:12:15,L,R,td,ndom,dom,ndom,TD22
108,110,62,2017-03-22 17:12:16,R,R,td,dom,dom,dom,TD22
0,0,0,2017-03-22 17:12:16,L,R,td,ndom,dom,ndom,TD22
0,0,0,2017-03-22 17:12:17,L,R,td,ndom,dom,ndom,TD22
92,74,55,2017-03-22 17:12:17,R,R,td,dom,dom,dom,TD22
63,90,61,2017-03-22 17:12:18,R,R,td,dom,dom,dom,TD22
0,0,0,2017-03-22 17:12:18,L,R,td,ndom,dom,ndom,TD22
241,120,246,2017-03-22 17:12:19,R,R,td,dom,dom,dom,TD22
80,21,67,2017-03-22 17:12:19,L,R,td,ndom,dom,ndom,TD22
164,40,45,2017-03-22 17:12:20,L,R,td,ndom,dom,ndom,TD22
126,99,99,2017-03-22 17:12:20,R,R,td,dom,dom,dom,TD22
0,0,0,2016-03-09 19:13:03,L,R,td,ndom,dom,ndom,TD23
13,49,62,2016-03-09 19:13:03,R,R,td,dom,dom,dom,TD23
0,0,0,2016-03-09 19:13:04,L,R,td,ndom,dom,ndom,TD23
139,52,44,2016-03-09 19:13:04,R,R,td,dom,dom,dom,TD23
52,21,24,2016-03-09 19:13:05,R,R,td,dom,dom,dom,TD23
0,0,0,2016-03-09 19:13:05,L,R,td,ndom,dom,ndom,TD23
0,0,0,2016-03-09 19:13:06,L,R,td,ndom,dom,ndom,TD23
156,79,108,2016-03-09 19:13:06,R,R,td,dom,dom,dom,TD23
0,0,0,2016-03-09 19:13:07,L,R,td,ndom,dom,ndom,TD23
57,5,48,2016-03-09 19:13:07,R,R,td,dom,dom,dom,TD23
0,8,0,2016-03-09 19:13:08,L,R,td,ndom,dom,ndom,TD23
85,55,72,2016-03-09 19:13:08,R,R,td,dom,dom,dom,TD23
0,15,0,2016-03-09 19:13:09,L,R,td,ndom,dom,ndom,TD23
279,119,165,2016-03-09 19:13:09,R,R,td,dom,dom,dom,TD23
0,30,0,2016-03-09 19:13:10,L,R,td,ndom,dom,ndom,TD23
108,92,149,2016-03-09 19:13:10,R,R,td,dom,dom,dom,TD23
128,107,161,2016-03-09 19:13:11,R,R,td,dom,dom,dom,TD23
0,1,0,2016-03-09 19:13:11,L,R,td,ndom,dom,ndom,TD23
0,0,0,2016-03-09 19:13:12,L,R,td,ndom,dom,ndom,TD23
133,60,157,2016-03-09 19:13:12,R,R,td,dom,dom,dom,TD23
0,0,0,2016-03-09 19:13:13,L,R,td,ndom,dom,ndom,TD23
80,70,24,2016-03-09 19:13:13,R,R,td,dom,dom,dom,TD23
89,59,58,2016-03-09 19:13:14,R,R,td,dom,dom,dom,TD23
0,1,0,2016-03-09 19:13:14,L,R,td,ndom,dom,ndom,TD23
116,73,120,2016-03-09 19:13:15,R,R,td,dom,dom,dom,TD23
0,2,0,2016-03-09 19:13:15,L,R,td,ndom,dom,ndom,TD23
0,2,0,2016-03-09 19:13:16,L,R,td,ndom,dom,ndom,TD23
131,42,90,2016-03-09 19:13:16,R,R,td,dom,dom,dom,TD23
125,47,107,2016-03-09 19:13:17,R,R,td,dom,dom,dom,TD23
0,0,0,2016-03-09 19:13:17,L,R,td,ndom,dom,ndom,TD23
0,0,0,2016-03-09 19:13:18,L,R,td,ndom,dom,ndom,TD23
136,50,117,2016-03-09 19:13:18,R,R,td,dom,dom,dom,TD23
0,0,0,2016-03-09 19:13:19,L,R,td,ndom,dom,ndom,TD23
143,38,98,2016-03-09 19:13:19,R,R,td,dom,dom,dom,TD23
0,0,0,2016-03-09 19:13:20,L,R,td,ndom,dom,ndom,TD23
114,97,50,2016-03-09 19:13:20,R,R,td,dom,dom,dom,TD23
0,0,0,2016-03-09 19:13:21,L,R,td,ndom,dom,ndom,TD23
128,70,142,2016-03-09 19:13:21,R,R,td,dom,dom,dom,TD23
0,0,0,2016-03-09 19:13:22,L,R,td,ndom,dom,ndom,TD23
91,89,123,2016-03-09 19:13:22,R,R,td,dom,dom,dom,TD23
29,25,0,2016-03-09 19:13:23,L,R,td,ndom,dom,ndom,TD23
91,111,165,2016-03-09 19:13:23,R,R,td,dom,dom,dom,TD23
1,14,0,2016-03-09 19:13:24,L,R,td,ndom,dom,ndom,TD23
117,76,115,2016-03-09 19:13:24,R,R,td,dom,dom,dom,TD23
80,41,117,2016-03-09 19:13:25,R,R,td,dom,dom,dom,TD23
0,0,0,2016-03-09 19:13:25,L,R,td,ndom,dom,ndom,TD23
0,0,0,2016-03-09 19:13:26,L,R,td,ndom,dom,ndom,TD23
111,48,119,2016-03-09 19:13:26,R,R,td,dom,dom,dom,TD23
0,0,0,2016-03-09 19:13:27,L,R,td,ndom,dom,ndom,TD23
88,86,82,2016-03-09 19:13:27,R,R,td,dom,dom,dom,TD23
0,0,0,2016-03-09 19:13:28,L,R,td,ndom,dom,ndom,TD23
91,25,113,2016-03-09 19:13:28,R,R,td,dom,dom,dom,TD23
138,74,170,2016-03-09 19:13:29,R,R,td,dom,dom,dom,TD23
2,0,0,2016-03-09 19:13:29,L,R,td,ndom,dom,ndom,TD23
0,0,0,2016-03-09 19:13:30,L,R,td,ndom,dom,ndom,TD23
87,84,93,2016-03-09 19:13:30,R,R,td,dom,dom,dom,TD23
0,6,0,2016-03-09 19:13:31,L,R,td,ndom,dom,ndom,TD23
111,101,114,2016-03-09 19:13:31,R,R,td,dom,dom,dom,TD23
0,2,0,2016-03-09 19:13:32,L,R,td,ndom,dom,ndom,TD23
95,106,119,2016-03-09 19:13:32,R,R,td,dom,dom,dom,TD23
0,13,0,2016-03-09 19:13:33,L,R,td,ndom,dom,ndom,TD23
122,114,80,2016-03-09 19:13:33,R,R,td,dom,dom,dom,TD23
0,15,0,2016-03-09 19:13:34,L,R,td,ndom,dom,ndom,TD23
109,104,125,2016-03-09 19:13:34,R,R,td,dom,dom,dom,TD23
49,37,117,2016-03-09 19:13:35,R,R,td,dom,dom,dom,TD23
0,3,0,2016-03-09 19:13:35,L,R,td,ndom,dom,ndom,TD23
74,37,38,2016-03-09 19:13:36,R,R,td,dom,dom,dom,TD23
0,0,0,2016-03-09 19:13:36,L,R,td,ndom,dom,ndom,TD23
0,0,0,2016-03-09 19:13:37,L,R,td,ndom,dom,ndom,TD23
94,51,51,2016-03-09 19:13:37,R,R,td,dom,dom,dom,TD23
0,0,0,2016-03-09 19:13:38,L,R,td,ndom,dom,ndom,TD23
85,38,73,2016-03-09 19:13:38,R,R,td,dom,dom,dom,TD23
0,0,0,2016-03-09 19:13:39,L,R,td,ndom,dom,ndom,TD23
114,51,42,2016-03-09 19:13:39,R,R,td,dom,dom,dom,TD23
0,0,0,2016-03-09 19:13:40,L,R,td,ndom,dom,ndom,TD23
87,36,56,2016-03-09 19:13:40,R,R,td,dom,dom,dom,TD23
0,0,0,2016-03-09 19:13:41,L,R,td,ndom,dom,ndom,TD23
82,32,78,2016-03-09 19:13:41,R,R,td,dom,dom,dom,TD23
87,35,56,2016-03-09 19:13:42,R,R,td,dom,dom,dom,TD23
0,0,0,2016-03-09 19:13:42,L,R,td,ndom,dom,ndom,TD23
139,41,71,2016-03-09 19:13:43,R,R,td,dom,dom,dom,TD23
0,0,0,2016-03-09 19:13:43,L,R,td,ndom,dom,ndom,TD23
0,0,0,2016-03-09 19:13:44,L,R,td,ndom,dom,ndom,TD23
74,48,97,2016-03-09 19:13:44,R,R,td,dom,dom,dom,TD23
67,20,41,2016-03-09 19:13:45,R,R,td,dom,dom,dom,TD23
0,0,0,2016-03-09 19:13:45,L,R,td,ndom,dom,ndom,TD23
0,0,0,2016-03-09 19:13:46,L,R,td,ndom,dom,ndom,TD23
113,56,67,2016-03-09 19:13:46,R,R,td,dom,dom,dom,TD23
0,0,0,2016-03-09 19:13:47,L,R,td,ndom,dom,ndom,TD23
90,31,55,2016-03-09 19:13:47,R,R,td,dom,dom,dom,TD23
0,0,0,2016-03-09 19:13:48,L,R,td,ndom,dom,ndom,TD23
119,54,62,2016-03-09 19:13:48,R,R,td,dom,dom,dom,TD23
0,0,0,2016-03-09 19:13:49,L,R,td,ndom,dom,ndom,TD23
96,69,120,2016-03-09 19:13:49,R,R,td,dom,dom,dom,TD23
22,17,0,2016-03-09 19:13:50,L,R,td,ndom,dom,ndom,TD23
112,95,95,2016-03-09 19:13:50,R,R,td,dom,dom,dom,TD23
99,44,96,2016-03-09 19:13:51,R,R,td,dom,dom,dom,TD23
14,2,0,2016-03-09 19:13:51,L,R,td,ndom,dom,ndom,TD23
127,39,126,2016-03-09 19:13:52,R,R,td,dom,dom,dom,TD23
0,3,0,2016-03-09 19:13:52,L,R,td,ndom,dom,ndom,TD23
0,2,0,2016-03-09 19:13:53,L,R,td,ndom,dom,ndom,TD23
120,77,121,2016-03-09 19:13:53,R,R,td,dom,dom,dom,TD23
0,0,0,2016-03-09 19:13:54,L,R,td,ndom,dom,ndom,TD23
120,28,114,2016-03-09 19:13:54,R,R,td,dom,dom,dom,TD23
0,0,0,2016-03-09 19:13:55,L,R,td,ndom,dom,ndom,TD23
109,38,82,2016-03-09 19:13:55,R,R,td,dom,dom,dom,TD23
0,0,0,2016-03-09 19:13:56,L,R,td,ndom,dom,ndom,TD23
117,21,54,2016-03-09 19:13:56,R,R,td,dom,dom,dom,TD23
107,40,112,2016-03-09 19:13:57,R,R,td,dom,dom,dom,TD23
0,0,0,2016-03-09 19:13:57,L,R,td,ndom,dom,ndom,TD23
0,0,0,2016-03-09 19:13:58,L,R,td,ndom,dom,ndom,TD23
90,37,75,2016-03-09 19:13:58,R,R,td,dom,dom,dom,TD23
0,5,0,2016-03-09 19:13:59,L,R,td,ndom,dom,ndom,TD23
83,81,113,2016-03-09 19:13:59,R,R,td,dom,dom,dom,TD23
0,0,0,2016-03-09 19:14:00,L,R,td,ndom,dom,ndom,TD23
68,29,90,2016-03-09 19:14:00,R,R,td,dom,dom,dom,TD23
0,0,0,2016-03-09 19:14:01,L,R,td,ndom,dom,ndom,TD23
91,40,82,2016-03-09 19:14:01,R,R,td,dom,dom,dom,TD23
0,0,0,2016-03-09 19:14:02,L,R,td,ndom,dom,ndom,TD23
78,40,38,2016-03-09 19:14:02,R,R,td,dom,dom,dom,TD23
0,0,0,2016-03-09 19:14:03,L,R,td,ndom,dom,ndom,TD23
76,104,102,2016-03-09 19:14:03,R,R,td,dom,dom,dom,TD23
0,5,0,2016-03-09 19:15:23,R,R,td,dom,ndom,dom,TD23
7,19,0,2016-03-09 19:15:23,L,R,td,ndom,ndom,ndom,TD23
0,0,0,2016-03-09 19:15:24,L,R,td,ndom,ndom,ndom,TD23
0,0,0,2016-03-09 19:15:24,R,R,td,dom,ndom,dom,TD23
13,69,18,2016-03-09 19:15:25,L,R,td,ndom,ndom,ndom,TD23
0,0,0,2016-03-09 19:15:25,R,R,td,dom,ndom,dom,TD23
79,29,49,2016-03-09 19:15:26,L,R,td,ndom,ndom,ndom,TD23
0,0,0,2016-03-09 19:15:26,R,R,td,dom,ndom,dom,TD23
0,0,0,2016-03-09 19:15:27,R,R,td,dom,ndom,dom,TD23
39,19,0,2016-03-09 19:15:27,L,R,td,ndom,ndom,ndom,TD23
20,48,3,2016-03-09 19:15:28,L,R,td,ndom,ndom,ndom,TD23
0,0,0,2016-03-09 19:15:28,R,R,td,dom,ndom,dom,TD23
22,37,5,2016-03-09 19:15:29,L,R,td,ndom,ndom,ndom,TD23
0,0,0,2016-03-09 19:15:29,R,R,td,dom,ndom,dom,TD23
14,0,0,2016-03-09 19:15:30,L,R,td,ndom,ndom,ndom,TD23
0,0,0,2016-03-09 19:15:30,R,R,td,dom,ndom,dom,TD23
14,31,2,2016-03-09 19:15:31,L,R,td,ndom,ndom,ndom,TD23
0,0,0,2016-03-09 19:15:31,R,R,td,dom,ndom,dom,TD23
0,0,0,2016-03-09 19:15:32,R,R,td,dom,ndom,dom,TD23
232,150,98,2016-03-09 19:15:32,L,R,td,ndom,ndom,ndom,TD23
0,7,0,2016-03-09 19:15:33,R,R,td,dom,ndom,dom,TD23
154,102,171,2016-03-09 19:15:33,L,R,td,ndom,ndom,ndom,TD23
113,161,119,2016-03-09 19:15:34,L,R,td,ndom,ndom,ndom,TD23
0,13,0,2016-03-09 19:15:34,R,R,td,dom,ndom,dom,TD23
0,0,0,2016-03-09 19:15:35,R,R,td,dom,ndom,dom,TD23
82,79,106,2016-03-09 19:15:35,L,R,td,ndom,ndom,ndom,TD23
66,130,75,2016-03-09 19:15:36,L,R,td,ndom,ndom,ndom,TD23
0,0,0,2016-03-09 19:15:36,R,R,td,dom,ndom,dom,TD23
60,91,70,2016-03-09 19:15:37,L,R,td,ndom,ndom,ndom,TD23
0,0,0,2016-03-09 19:15:37,R,R,td,dom,ndom,dom,TD23
109,95,91,2016-03-09 19:15:38,L,R,td,ndom,ndom,ndom,TD23
0,0,0,2016-03-09 19:15:38,R,R,td,dom,ndom,dom,TD23
101,130,132,2016-03-09 19:15:39,L,R,td,ndom,ndom,ndom,TD23
0,0,0,2016-03-09 19:15:39,R,R,td,dom,ndom,dom,TD23
107,110,124,2016-03-09 19:15:40,L,R,td,ndom,ndom,ndom,TD23
0,0,0,2016-03-09 19:15:40,R,R,td,dom,ndom,dom,TD23
0,0,0,2016-03-09 19:15:41,R,R,td,dom,ndom,dom,TD23
46,27,11,2016-03-09 19:15:41,L,R,td,ndom,ndom,ndom,TD23
0,0,0,2016-03-09 19:15:42,R,R,td,dom,ndom,dom,TD23
74,66,92,2016-03-09 19:15:42,L,R,td,ndom,ndom,ndom,TD23
0,0,0,2016-03-09 19:15:43,R,R,td,dom,ndom,dom,TD23
107,101,131,2016-03-09 19:15:43,L,R,td,ndom,ndom,ndom,TD23
0,0,0,2016-03-09 19:15:44,R,R,td,dom,ndom,dom,TD23
61,70,66,2016-03-09 19:15:44,L,R,td,ndom,ndom,ndom,TD23
57,138,99,2016-03-09 19:15:45,L,R,td,ndom,ndom,ndom,TD23
0,0,0,2016-03-09 19:15:45,R,R,td,dom,ndom,dom,TD23
111,84,59,2016-03-09 19:15:46,L,R,td,ndom,ndom,ndom,TD23
0,0,0,2016-03-09 19:15:46,R,R,td,dom,ndom,dom,TD23
96,92,152,2016-03-09 19:15:47,L,R,td,ndom,ndom,ndom,TD23
0,0,0,2016-03-09 19:15:47,R,R,td,dom,ndom,dom,TD23
91,119,120,2016-03-09 19:15:48,L,R,td,ndom,ndom,ndom,TD23
0,0,0,2016-03-09 19:15:48,R,R,td,dom,ndom,dom,TD23
93,72,57,2016-03-09 19:15:49,L,R,td,ndom,ndom,ndom,TD23
0,0,0,2016-03-09 19:15:49,R,R,td,dom,ndom,dom,TD23
119,132,50,2016-03-09 19:15:50,L,R,td,ndom,ndom,ndom,TD23
0,0,0,2016-03-09 19:15:50,R,R,td,dom,ndom,dom,TD23
74,43,66,2016-03-09 19:15:51,L,R,td,ndom,ndom,ndom,TD23
0,0,0,2016-03-09 19:15:51,R,R,td,dom,ndom,dom,TD23
0,0,0,2016-03-09 19:15:52,R,R,td,dom,ndom,dom,TD23
131,51,50,2016-03-09 19:15:52,L,R,td,ndom,ndom,ndom,TD23
0,0,0,2016-03-09 19:15:53,R,R,td,dom,ndom,dom,TD23
122,79,84,2016-03-09 19:15:53,L,R,td,ndom,ndom,ndom,TD23
0,0,0,2016-03-09 19:15:54,R,R,td,dom,ndom,dom,TD23
75,57,61,2016-03-09 19:15:54,L,R,td,ndom,ndom,ndom,TD23
0,17,0,2016-03-09 19:15:55,R,R,td,dom,ndom,dom,TD23
91,46,87,2016-03-09 19:15:55,L,R,td,ndom,ndom,ndom,TD23
0,0,0,2016-03-09 19:15:56,R,R,td,dom,ndom,dom,TD23
64,128,41,2016-03-09 19:15:56,L,R,td,ndom,ndom,ndom,TD23
0,0,0,2016-03-09 19:15:57,R,R,td,dom,ndom,dom,TD23
151,141,60,2016-03-09 19:15:57,L,R,td,ndom,ndom,ndom,TD23
0,0,0,2016-03-09 19:15:58,R,R,td,dom,ndom,dom,TD23
119,102,87,2016-03-09 19:15:58,L,R,td,ndom,ndom,ndom,TD23
0,0,0,2016-03-09 19:15:59,R,R,td,dom,ndom,dom,TD23
83,144,50,2016-03-09 19:15:59,L,R,td,ndom,ndom,ndom,TD23
0,0,0,2016-03-09 19:16:00,R,R,td,dom,ndom,dom,TD23
57,98,82,2016-03-09 19:16:00,L,R,td,ndom,ndom,ndom,TD23
0,0,0,2016-03-09 19:16:01,R,R,td,dom,ndom,dom,TD23
102,76,79,2016-03-09 19:16:01,L,R,td,ndom,ndom,ndom,TD23
0,0,0,2016-03-09 19:16:02,R,R,td,dom,ndom,dom,TD23
117,90,84,2016-03-09 19:16:02,L,R,td,ndom,ndom,ndom,TD23
0,0,0,2016-03-09 19:16:03,R,R,td,dom,ndom,dom,TD23
79,100,102,2016-03-09 19:16:03,L,R,td,ndom,ndom,ndom,TD23
62,73,53,2016-03-09 19:16:04,L,R,td,ndom,ndom,ndom,TD23
0,0,0,2016-03-09 19:16:04,R,R,td,dom,ndom,dom,TD23
0,0,0,2016-03-09 19:16:05,R,R,td,dom,ndom,dom,TD23
99,74,50,2016-03-09 19:16:05,L,R,td,ndom,ndom,ndom,TD23
96,69,62,2016-03-09 19:16:06,L,R,td,ndom,ndom,ndom,TD23
0,0,0,2016-03-09 19:16:06,R,R,td,dom,ndom,dom,TD23
0,0,0,2016-03-09 19:16:07,R,R,td,dom,ndom,dom,TD23
101,100,65,2016-03-09 19:16:07,L,R,td,ndom,ndom,ndom,TD23
0,0,0,2016-03-09 19:16:08,R,R,td,dom,ndom,dom,TD23
84,82,77,2016-03-09 19:16:08,L,R,td,ndom,ndom,ndom,TD23
0,0,0,2016-03-09 19:16:09,R,R,td,dom,ndom,dom,TD23
124,78,99,2016-03-09 19:16:09,L,R,td,ndom,ndom,ndom,TD23
61,65,74,2016-03-09 19:16:10,L,R,td,ndom,ndom,ndom,TD23
0,0,0,2016-03-09 19:16:10,R,R,td,dom,ndom,dom,TD23
0,0,0,2016-03-09 19:16:11,R,R,td,dom,ndom,dom,TD23
65,72,42,2016-03-09 19:16:11,L,R,td,ndom,ndom,ndom,TD23
95,99,46,2016-03-09 19:16:12,L,R,td,ndom,ndom,ndom,TD23
0,0,0,2016-03-09 19:16:12,R,R,td,dom,ndom,dom,TD23
0,0,0,2016-03-09 19:16:13,R,R,td,dom,ndom,dom,TD23
99,82,70,2016-03-09 19:16:13,L,R,td,ndom,ndom,ndom,TD23
0,0,0,2016-03-09 19:16:14,R,R,td,dom,ndom,dom,TD23
63,104,91,2016-03-09 19:16:14,L,R,td,ndom,ndom,ndom,TD23
79,91,78,2016-03-09 19:16:15,L,R,td,ndom,ndom,ndom,TD23
0,0,0,2016-03-09 19:16:15,R,R,td,dom,ndom,dom,TD23
0,0,0,2016-03-09 19:16:16,R,R,td,dom,ndom,dom,TD23
94,104,103,2016-03-09 19:16:16,L,R,td,ndom,ndom,ndom,TD23
0,0,0,2016-03-09 19:16:17,R,R,td,dom,ndom,dom,TD23
107,88,108,2016-03-09 19:16:17,L,R,td,ndom,ndom,ndom,TD23
0,0,0,2016-03-09 19:16:18,R,R,td,dom,ndom,dom,TD23
100,161,92,2016-03-09 19:16:18,L,R,td,ndom,ndom,ndom,TD23
0,0,0,2016-03-09 19:16:19,R,R,td,dom,ndom,dom,TD23
64,126,100,2016-03-09 19:16:19,L,R,td,ndom,ndom,ndom,TD23
46,112,36,2016-03-09 19:16:20,L,R,td,ndom,ndom,ndom,TD23
0,0,0,2016-03-09 19:16:20,R,R,td,dom,ndom,dom,TD23
96,116,88,2016-03-09 19:16:21,L,R,td,ndom,ndom,ndom,TD23
0,0,0,2016-03-09 19:16:21,R,R,td,dom,ndom,dom,TD23
116,86,17,2016-03-09 19:16:22,L,R,td,ndom,ndom,ndom,TD23
0,0,0,2016-03-09 19:16:22,R,R,td,dom,ndom,dom,TD23
153,114,53,2016-03-09 19:16:23,L,R,td,ndom,ndom,ndom,TD23
0,0,0,2016-03-09 19:16:23,R,R,td,dom,ndom,dom,TD23
87,94,76,2017-03-22 12:23:25,R,R,td,dom,dom,dom,TD24
0,0,0,2017-03-22 12:23:25,L,R,td,ndom,dom,ndom,TD24
0,0,0,2017-03-22 12:23:26,L,R,td,ndom,dom,ndom,TD24
74,36,90,2017-03-22 12:23:26,R,R,td,dom,dom,dom,TD24
0,0,0,2017-03-22 12:23:27,L,R,td,ndom,dom,ndom,TD24
153,26,86,2017-03-22 12:23:27,R,R,td,dom,dom,dom,TD24
141,41,69,2017-03-22 12:23:28,R,R,td,dom,dom,dom,TD24
0,0,0,2017-03-22 12:23:28,L,R,td,ndom,dom,ndom,TD24
0,0,0,2017-03-22 12:23:29,L,R,td,ndom,dom,ndom,TD24
64,62,99,2017-03-22 12:23:29,R,R,td,dom,dom,dom,TD24
62,65,99,2017-03-22 12:23:30,R,R,td,dom,dom,dom,TD24
0,0,0,2017-03-22 12:23:30,L,R,td,ndom,dom,ndom,TD24
139,104,85,2017-03-22 12:23:31,R,R,td,dom,dom,dom,TD24
0,0,0,2017-03-22 12:23:31,L,R,td,ndom,dom,ndom,TD24
0,0,0,2017-03-22 12:23:32,L,R,td,ndom,dom,ndom,TD24
142,87,73,2017-03-22 12:23:32,R,R,td,dom,dom,dom,TD24
0,0,0,2017-03-22 12:23:33,L,R,td,ndom,dom,ndom,TD24
164,105,101,2017-03-22 12:23:33,R,R,td,dom,dom,dom,TD24
75,62,67,2017-03-22 12:23:34,R,R,td,dom,dom,dom,TD24
0,0,0,2017-03-22 12:23:34,L,R,td,ndom,dom,ndom,TD24
190,141,104,2017-03-22 12:23:35,R,R,td,dom,dom,dom,TD24
0,0,0,2017-03-22 12:23:35,L,R,td,ndom,dom,ndom,TD24
191,167,124,2017-03-22 12:23:36,R,R,td,dom,dom,dom,TD24
0,0,0,2017-03-22 12:23:36,L,R,td,ndom,dom,ndom,TD24
202,171,121,2017-03-22 12:23:37,R,R,td,dom,dom,dom,TD24
0,0,0,2017-03-22 12:23:37,L,R,td,ndom,dom,ndom,TD24
0,0,0,2017-03-22 12:23:38,L,R,td,ndom,dom,ndom,TD24
63,135,88,2017-03-22 12:23:38,R,R,td,dom,dom,dom,TD24
0,0,0,2017-03-22 12:23:39,L,R,td,ndom,dom,ndom,TD24
49,120,110,2017-03-22 12:23:39,R,R,td,dom,dom,dom,TD24
0,0,0,2017-03-22 12:23:40,L,R,td,ndom,dom,ndom,TD24
48,81,115,2017-03-22 12:23:40,R,R,td,dom,dom,dom,TD24
50,75,75,2017-03-22 12:23:41,R,R,td,dom,dom,dom,TD24
0,0,0,2017-03-22 12:23:41,L,R,td,ndom,dom,ndom,TD24
0,0,0,2017-03-22 12:23:42,L,R,td,ndom,dom,ndom,TD24
76,131,65,2017-03-22 12:23:42,R,R,td,dom,dom,dom,TD24
0,0,0,2017-03-22 12:23:43,L,R,td,ndom,dom,ndom,TD24
98,118,70,2017-03-22 12:23:43,R,R,td,dom,dom,dom,TD24
0,0,0,2017-03-22 12:23:44,L,R,td,ndom,dom,ndom,TD24
89,142,82,2017-03-22 12:23:44,R,R,td,dom,dom,dom,TD24
0,0,0,2017-03-22 12:23:45,L,R,td,ndom,dom,ndom,TD24
51,151,91,2017-03-22 12:23:45,R,R,td,dom,dom,dom,TD24
0,0,0,2017-03-22 12:23:46,L,R,td,ndom,dom,ndom,TD24
60,135,115,2017-03-22 12:23:46,R,R,td,dom,dom,dom,TD24
0,0,0,2017-03-22 12:23:47,L,R,td,ndom,dom,ndom,TD24
54,162,68,2017-03-22 12:23:47,R,R,td,dom,dom,dom,TD24
0,0,0,2017-03-22 12:23:48,L,R,td,ndom,dom,ndom,TD24
74,83,91,2017-03-22 12:23:48,R,R,td,dom,dom,dom,TD24
32,70,52,2017-03-22 12:23:49,R,R,td,dom,dom,dom,TD24
0,0,0,2017-03-22 12:23:49,L,R,td,ndom,dom,ndom,TD24
57,120,57,2017-03-22 12:23:50,R,R,td,dom,dom,dom,TD24
0,0,0,2017-03-22 12:23:50,L,R,td,ndom,dom,ndom,TD24
0,0,0,2017-03-22 12:23:51,L,R,td,ndom,dom,ndom,TD24
36,62,52,2017-03-22 12:23:51,R,R,td,dom,dom,dom,TD24
0,0,0,2017-03-22 12:23:52,L,R,td,ndom,dom,ndom,TD24
97,116,56,2017-03-22 12:23:52,R,R,td,dom,dom,dom,TD24
70,90,117,2017-03-22 12:23:53,R,R,td,dom,dom,dom,TD24
0,0,0,2017-03-22 12:23:53,L,R,td,ndom,dom,ndom,TD24
0,0,0,2017-03-22 12:23:54,L,R,td,ndom,dom,ndom,TD24
73,69,90,2017-03-22 12:23:54,R,R,td,dom,dom,dom,TD24
0,0,0,2017-03-22 12:23:55,L,R,td,ndom,dom,ndom,TD24
94,119,102,2017-03-22 12:23:55,R,R,td,dom,dom,dom,TD24
0,0,0,2017-03-22 12:23:56,L,R,td,ndom,dom,ndom,TD24
91,95,82,2017-03-22 12:23:56,R,R,td,dom,dom,dom,TD24
0,0,0,2017-03-22 12:23:57,L,R,td,ndom,dom,ndom,TD24
78,67,82,2017-03-22 12:23:57,R,R,td,dom,dom,dom,TD24
0,0,0,2017-03-22 12:23:58,L,R,td,ndom,dom,ndom,TD24
155,74,91,2017-03-22 12:23:58,R,R,td,dom,dom,dom,TD24
147,61,95,2017-03-22 12:23:59,R,R,td,dom,dom,dom,TD24
0,0,0,2017-03-22 12:23:59,L,R,td,ndom,dom,ndom,TD24
0,0,0,2017-03-22 12:24:00,L,R,td,ndom,dom,ndom,TD24
167,55,105,2017-03-22 12:24:00,R,R,td,dom,dom,dom,TD24
190,106,81,2017-03-22 12:24:01,R,R,td,dom,dom,dom,TD24
0,0,0,2017-03-22 12:24:01,L,R,td,ndom,dom,ndom,TD24
0,0,0,2017-03-22 12:24:02,L,R,td,ndom,dom,ndom,TD24
75,94,50,2017-03-22 12:24:02,R,R,td,dom,dom,dom,TD24
0,0,0,2017-03-22 12:24:03,L,R,td,ndom,dom,ndom,TD24
104,131,66,2017-03-22 12:24:03,R,R,td,dom,dom,dom,TD24
104,118,76,2017-03-22 12:24:04,R,R,td,dom,dom,dom,TD24
0,0,0,2017-03-22 12:24:04,L,R,td,ndom,dom,ndom,TD24
80,131,75,2017-03-22 12:24:05,R,R,td,dom,dom,dom,TD24
0,0,0,2017-03-22 12:24:05,L,R,td,ndom,dom,ndom,TD24
69,150,67,2017-03-22 12:24:06,R,R,td,dom,dom,dom,TD24
0,0,0,2017-03-22 12:24:06,L,R,td,ndom,dom,ndom,TD24
123,130,75,2017-03-22 12:24:07,R,R,td,dom,dom,dom,TD24
0,0,0,2017-03-22 12:24:07,L,R,td,ndom,dom,ndom,TD24
186,128,76,2017-03-22 12:24:08,R,R,td,dom,dom,dom,TD24
0,0,0,2017-03-22 12:24:08,L,R,td,ndom,dom,ndom,TD24
113,71,70,2017-03-22 12:24:09,R,R,td,dom,dom,dom,TD24
0,0,0,2017-03-22 12:24:09,L,R,td,ndom,dom,ndom,TD24
109,81,58,2017-03-22 12:24:10,R,R,td,dom,dom,dom,TD24
0,0,0,2017-03-22 12:24:10,L,R,td,ndom,dom,ndom,TD24
0,0,0,2017-03-22 12:24:11,L,R,td,ndom,dom,ndom,TD24
84,108,90,2017-03-22 12:24:11,R,R,td,dom,dom,dom,TD24
0,0,0,2017-03-22 12:24:12,L,R,td,ndom,dom,ndom,TD24
81,116,63,2017-03-22 12:24:12,R,R,td,dom,dom,dom,TD24
0,0,0,2017-03-22 12:24:13,L,R,td,ndom,dom,ndom,TD24
81,120,103,2017-03-22 12:24:13,R,R,td,dom,dom,dom,TD24
66,108,66,2017-03-22 12:24:14,R,R,td,dom,dom,dom,TD24
0,0,0,2017-03-22 12:24:14,L,R,td,ndom,dom,ndom,TD24
94,123,59,2017-03-22 12:24:15,R,R,td,dom,dom,dom,TD24
0,0,0,2017-03-22 12:24:15,L,R,td,ndom,dom,ndom,TD24
55,71,74,2017-03-22 12:24:16,R,R,td,dom,dom,dom,TD24
0,0,0,2017-03-22 12:24:16,L,R,td,ndom,dom,ndom,TD24
48,98,103,2017-03-22 12:24:17,R,R,td,dom,dom,dom,TD24
0,0,0,2017-03-22 12:24:17,L,R,td,ndom,dom,ndom,TD24
50,129,59,2017-03-22 12:24:18,R,R,td,dom,dom,dom,TD24
0,0,0,2017-03-22 12:24:18,L,R,td,ndom,dom,ndom,TD24
64,159,93,2017-03-22 12:24:19,R,R,td,dom,dom,dom,TD24
0,0,0,2017-03-22 12:24:19,L,R,td,ndom,dom,ndom,TD24
0,0,0,2017-03-22 12:24:20,L,R,td,ndom,dom,ndom,TD24
53,139,101,2017-03-22 12:24:20,R,R,td,dom,dom,dom,TD24
0,0,0,2017-03-22 12:24:21,L,R,td,ndom,dom,ndom,TD24
50,105,95,2017-03-22 12:24:21,R,R,td,dom,dom,dom,TD24
0,0,0,2017-03-22 12:24:22,L,R,td,ndom,dom,ndom,TD24
28,75,52,2017-03-22 12:24:22,R,R,td,dom,dom,dom,TD24
0,0,0,2017-03-22 12:24:23,L,R,td,ndom,dom,ndom,TD24
51,67,54,2017-03-22 12:24:23,R,R,td,dom,dom,dom,TD24
0,0,0,2017-03-22 12:24:24,L,R,td,ndom,dom,ndom,TD24
69,28,70,2017-03-22 12:24:24,R,R,td,dom,dom,dom,TD24
72,41,64,2017-03-22 12:24:25,L,R,td,ndom,dom,ndom,TD24
76,137,131,2017-03-22 12:24:25,R,R,td,dom,dom,dom,TD24
0,0,0,2017-03-22 12:26:10,R,R,td,dom,ndom,dom,TD24
30,113,82,2017-03-22 12:26:10,L,R,td,ndom,ndom,ndom,TD24
0,0,0,2017-03-22 12:26:11,R,R,td,dom,ndom,dom,TD24
66,92,56,2017-03-22 12:26:11,L,R,td,ndom,ndom,ndom,TD24
98,39,26,2017-03-22 12:26:12,L,R,td,ndom,ndom,ndom,TD24
0,0,0,2017-03-22 12:26:12,R,R,td,dom,ndom,dom,TD24
0,0,0,2017-03-22 12:26:13,R,R,td,dom,ndom,dom,TD24
118,67,52,2017-03-22 12:26:13,L,R,td,ndom,ndom,ndom,TD24
0,0,0,2017-03-22 12:26:14,R,R,td,dom,ndom,dom,TD24
112,57,54,2017-03-22 12:26:14,L,R,td,ndom,ndom,ndom,TD24
0,0,0,2017-03-22 12:26:15,R,R,td,dom,ndom,dom,TD24
72,56,76,2017-03-22 12:26:15,L,R,td,ndom,ndom,ndom,TD24
0,0,0,2017-03-22 12:26:16,R,R,td,dom,ndom,dom,TD24
87,82,67,2017-03-22 12:26:16,L,R,td,ndom,ndom,ndom,TD24
107,138,45,2017-03-22 12:26:17,L,R,td,ndom,ndom,ndom,TD24
0,0,0,2017-03-22 12:26:17,R,R,td,dom,ndom,dom,TD24
30,90,70,2017-03-22 12:26:18,L,R,td,ndom,ndom,ndom,TD24
0,0,0,2017-03-22 12:26:18,R,R,td,dom,ndom,dom,TD24
46,71,64,2017-03-22 12:26:19,L,R,td,ndom,ndom,ndom,TD24
0,0,0,2017-03-22 12:26:19,R,R,td,dom,ndom,dom,TD24
41,127,47,2017-03-22 12:26:20,L,R,td,ndom,ndom,ndom,TD24
0,0,0,2017-03-22 12:26:20,R,R,td,dom,ndom,dom,TD24
76,122,65,2017-03-22 12:26:21,L,R,td,ndom,ndom,ndom,TD24
0,0,0,2017-03-22 12:26:21,R,R,td,dom,ndom,dom,TD24
0,0,0,2017-03-22 12:26:22,R,R,td,dom,ndom,dom,TD24
148,83,61,2017-03-22 12:26:22,L,R,td,ndom,ndom,ndom,TD24
172,43,80,2017-03-22 12:26:23,L,R,td,ndom,ndom,ndom,TD24
0,0,0,2017-03-22 12:26:23,R,R,td,dom,ndom,dom,TD24
0,0,0,2017-03-22 12:26:24,R,R,td,dom,ndom,dom,TD24
121,107,68,2017-03-22 12:26:24,L,R,td,ndom,ndom,ndom,TD24
85,72,38,2017-03-22 12:26:25,L,R,td,ndom,ndom,ndom,TD24
0,0,0,2017-03-22 12:26:25,R,R,td,dom,ndom,dom,TD24
0,0,0,2017-03-22 12:26:26,R,R,td,dom,ndom,dom,TD24
89,78,41,2017-03-22 12:26:26,L,R,td,ndom,ndom,ndom,TD24
0,0,0,2017-03-22 12:26:27,R,R,td,dom,ndom,dom,TD24
135,111,70,2017-03-22 12:26:27,L,R,td,ndom,ndom,ndom,TD24
0,0,0,2017-03-22 12:26:28,R,R,td,dom,ndom,dom,TD24
99,107,59,2017-03-22 12:26:28,L,R,td,ndom,ndom,ndom,TD24
0,0,0,2017-03-22 12:26:29,R,R,td,dom,ndom,dom,TD24
88,159,45,2017-03-22 12:26:29,L,R,td,ndom,ndom,ndom,TD24
0,0,0,2017-03-22 12:26:30,R,R,td,dom,ndom,dom,TD24
95,108,67,2017-03-22 12:26:30,L,R,td,ndom,ndom,ndom,TD24
0,0,0,2017-03-22 12:26:31,R,R,td,dom,ndom,dom,TD24
79,96,52,2017-03-22 12:26:31,L,R,td,ndom,ndom,ndom,TD24
0,0,0,2017-03-22 12:26:32,R,R,td,dom,ndom,dom,TD24
158,69,41,2017-03-22 12:26:32,L,R,td,ndom,ndom,ndom,TD24
142,87,79,2017-03-22 12:26:33,L,R,td,ndom,ndom,ndom,TD24
0,0,0,2017-03-22 12:26:33,R,R,td,dom,ndom,dom,TD24
0,0,0,2017-03-22 12:26:34,R,R,td,dom,ndom,dom,TD24
142,159,60,2017-03-22 12:26:34,L,R,td,ndom,ndom,ndom,TD24
0,0,0,2017-03-22 12:26:35,R,R,td,dom,ndom,dom,TD24
151,146,62,2017-03-22 12:26:35,L,R,td,ndom,ndom,ndom,TD24
0,0,0,2017-03-22 12:26:36,R,R,td,dom,ndom,dom,TD24
44,95,51,2017-03-22 12:26:36,L,R,td,ndom,ndom,ndom,TD24
0,0,0,2017-03-22 12:26:37,R,R,td,dom,ndom,dom,TD24
72,74,44,2017-03-22 12:26:37,L,R,td,ndom,ndom,ndom,TD24
0,0,0,2017-03-22 12:26:38,R,R,td,dom,ndom,dom,TD24
43,170,22,2017-03-22 12:26:38,L,R,td,ndom,ndom,ndom,TD24
0,0,0,2017-03-22 12:26:39,R,R,td,dom,ndom,dom,TD24
51,58,49,2017-03-22 12:26:39,L,R,td,ndom,ndom,ndom,TD24
42,92,23,2017-03-22 12:26:40,L,R,td,ndom,ndom,ndom,TD24
0,0,0,2017-03-22 12:26:40,R,R,td,dom,ndom,dom,TD24
0,0,0,2017-03-22 12:26:41,R,R,td,dom,ndom,dom,TD24
69,81,69,2017-03-22 12:26:41,L,R,td,ndom,ndom,ndom,TD24
86,103,44,2017-03-22 12:26:42,L,R,td,ndom,ndom,ndom,TD24
0,0,0,2017-03-22 12:26:42,R,R,td,dom,ndom,dom,TD24
89,93,62,2017-03-22 12:26:43,L,R,td,ndom,ndom,ndom,TD24
0,0,0,2017-03-22 12:26:43,R,R,td,dom,ndom,dom,TD24
71,106,52,2017-03-22 12:26:44,L,R,td,ndom,ndom,ndom,TD24
0,0,0,2017-03-22 12:26:44,R,R,td,dom,ndom,dom,TD24
0,0,0,2017-03-22 12:26:45,R,R,td,dom,ndom,dom,TD24
73,93,68,2017-03-22 12:26:45,L,R,td,ndom,ndom,ndom,TD24
61,71,67,2017-03-22 12:26:46,L,R,td,ndom,ndom,ndom,TD24
0,0,0,2017-03-22 12:26:46,R,R,td,dom,ndom,dom,TD24
74,102,95,2017-03-22 12:26:47,L,R,td,ndom,ndom,ndom,TD24
0,0,0,2017-03-22 12:26:47,R,R,td,dom,ndom,dom,TD24
72,82,90,2017-03-22 12:26:48,L,R,td,ndom,ndom,ndom,TD24
0,0,0,2017-03-22 12:26:48,R,R,td,dom,ndom,dom,TD24
90,110,95,2017-03-22 12:26:49,L,R,td,ndom,ndom,ndom,TD24
0,0,0,2017-03-22 12:26:49,R,R,td,dom,ndom,dom,TD24
70,80,56,2017-03-22 12:26:50,L,R,td,ndom,ndom,ndom,TD24
0,0,0,2017-03-22 12:26:50,R,R,td,dom,ndom,dom,TD24
0,0,0,2017-03-22 12:26:51,R,R,td,dom,ndom,dom,TD24
40,60,71,2017-03-22 12:26:51,L,R,td,ndom,ndom,ndom,TD24
58,79,61,2017-03-22 12:26:52,L,R,td,ndom,ndom,ndom,TD24
0,0,0,2017-03-22 12:26:52,R,R,td,dom,ndom,dom,TD24
32,58,66,2017-03-22 12:26:53,L,R,td,ndom,ndom,ndom,TD24
0,0,0,2017-03-22 12:26:53,R,R,td,dom,ndom,dom,TD24
0,0,0,2017-03-22 12:26:54,R,R,td,dom,ndom,dom,TD24
73,75,109,2017-03-22 12:26:54,L,R,td,ndom,ndom,ndom,TD24
0,0,0,2017-03-22 12:26:55,R,R,td,dom,ndom,dom,TD24
77,94,96,2017-03-22 12:26:55,L,R,td,ndom,ndom,ndom,TD24
0,0,0,2017-03-22 12:26:56,R,R,td,dom,ndom,dom,TD24
108,89,69,2017-03-22 12:26:56,L,R,td,ndom,ndom,ndom,TD24
0,0,0,2017-03-22 12:26:57,R,R,td,dom,ndom,dom,TD24
79,107,67,2017-03-22 12:26:57,L,R,td,ndom,ndom,ndom,TD24
0,0,0,2017-03-22 12:26:58,R,R,td,dom,ndom,dom,TD24
117,142,55,2017-03-22 12:26:58,L,R,td,ndom,ndom,ndom,TD24
0,0,0,2017-03-22 12:26:59,R,R,td,dom,ndom,dom,TD24
47,121,65,2017-03-22 12:26:59,L,R,td,ndom,ndom,ndom,TD24
0,0,0,2017-03-22 12:27:00,R,R,td,dom,ndom,dom,TD24
78,68,40,2017-03-22 12:27:00,L,R,td,ndom,ndom,ndom,TD24
0,0,0,2017-03-22 12:27:01,R,R,td,dom,ndom,dom,TD24
92,98,50,2017-03-22 12:27:01,L,R,td,ndom,ndom,ndom,TD24
121,100,78,2017-03-22 12:27:02,L,R,td,ndom,ndom,ndom,TD24
0,0,0,2017-03-22 12:27:02,R,R,td,dom,ndom,dom,TD24
0,0,0,2017-03-22 12:27:03,R,R,td,dom,ndom,dom,TD24
52,62,63,2017-03-22 12:27:03,L,R,td,ndom,ndom,ndom,TD24
47,114,79,2017-03-22 12:27:04,L,R,td,ndom,ndom,ndom,TD24
0,0,0,2017-03-22 12:27:04,R,R,td,dom,ndom,dom,TD24
0,0,0,2017-03-22 12:27:05,R,R,td,dom,ndom,dom,TD24
45,101,67,2017-03-22 12:27:05,L,R,td,ndom,ndom,ndom,TD24
0,0,0,2017-03-22 12:27:06,R,R,td,dom,ndom,dom,TD24
89,93,77,2017-03-22 12:27:06,L,R,td,ndom,ndom,ndom,TD24
0,0,0,2017-03-22 12:27:07,R,R,td,dom,ndom,dom,TD24
80,61,62,2017-03-22 12:27:07,L,R,td,ndom,ndom,ndom,TD24
0,0,0,2017-03-22 12:27:08,R,R,td,dom,ndom,dom,TD24
86,90,77,2017-03-22 12:27:08,L,R,td,ndom,ndom,ndom,TD24
0,0,0,2017-03-22 12:27:09,R,R,td,dom,ndom,dom,TD24
65,77,70,2017-03-22 12:27:09,L,R,td,ndom,ndom,ndom,TD24
0,0,0,2017-03-22 12:27:10,R,R,td,dom,ndom,dom,TD24
176,44,125,2017-03-22 12:27:10,L,R,td,ndom,ndom,ndom,TD24
0,25,9,2016-12-29 12:06:35,R,R,td,dom,ndom,dom,TD25
240,127,177,2016-12-29 12:06:35,L,R,td,ndom,ndom,ndom,TD25
241,52,178,2016-12-29 12:06:36,L,R,td,ndom,ndom,ndom,TD25
0,5,1,2016-12-29 12:06:36,R,R,td,dom,ndom,dom,TD25
122,106,116,2016-12-29 12:06:37,L,R,td,ndom,ndom,ndom,TD25
0,5,7,2016-12-29 12:06:37,R,R,td,dom,ndom,dom,TD25
132,126,93,2016-12-29 12:06:38,L,R,td,ndom,ndom,ndom,TD25
0,6,0,2016-12-29 12:06:38,R,R,td,dom,ndom,dom,TD25
147,84,121,2016-12-29 12:06:39,L,R,td,ndom,ndom,ndom,TD25
0,0,0,2016-12-29 12:06:39,R,R,td,dom,ndom,dom,TD25
0,0,0,2016-12-29 12:06:40,R,R,td,dom,ndom,dom,TD25
169,31,106,2016-12-29 12:06:40,L,R,td,ndom,ndom,ndom,TD25
114,67,98,2016-12-29 12:06:41,L,R,td,ndom,ndom,ndom,TD25
0,0,0,2016-12-29 12:06:41,R,R,td,dom,ndom,dom,TD25
0,0,0,2016-12-29 12:06:42,R,R,td,dom,ndom,dom,TD25
67,140,38,2016-12-29 12:06:42,L,R,td,ndom,ndom,ndom,TD25
93,123,60,2016-12-29 12:06:43,L,R,td,ndom,ndom,ndom,TD25
14,0,0,2016-12-29 12:06:43,R,R,td,dom,ndom,dom,TD25
146,70,112,2016-12-29 12:06:44,L,R,td,ndom,ndom,ndom,TD25
5,0,5,2016-12-29 12:06:44,R,R,td,dom,ndom,dom,TD25
83,83,90,2016-12-29 12:06:45,L,R,td,ndom,ndom,ndom,TD25
0,0,2,2016-12-29 12:06:45,R,R,td,dom,ndom,dom,TD25
46,135,97,2016-12-29 12:06:46,L,R,td,ndom,ndom,ndom,TD25
0,0,3,2016-12-29 12:06:46,R,R,td,dom,ndom,dom,TD25
0,0,0,2016-12-29 12:06:47,R,R,td,dom,ndom,dom,TD25
78,137,94,2016-12-29 12:06:47,L,R,td,ndom,ndom,ndom,TD25
2,0,11,2016-12-29 12:06:48,R,R,td,dom,ndom,dom,TD25
111,44,47,2016-12-29 12:06:48,L,R,td,ndom,ndom,ndom,TD25
91,96,85,2016-12-29 12:06:49,L,R,td,ndom,ndom,ndom,TD25
0,0,14,2016-12-29 12:06:49,R,R,td,dom,ndom,dom,TD25
147,110,117,2016-12-29 12:06:50,L,R,td,ndom,ndom,ndom,TD25
0,0,0,2016-12-29 12:06:50,R,R,td,dom,ndom,dom,TD25
103,85,116,2016-12-29 12:06:51,L,R,td,ndom,ndom,ndom,TD25
0,0,0,2016-12-29 12:06:51,R,R,td,dom,ndom,dom,TD25
7,5,12,2016-12-29 12:06:52,R,R,td,dom,ndom,dom,TD25
172,89,95,2016-12-29 12:06:52,L,R,td,ndom,ndom,ndom,TD25
198,120,99,2016-12-29 12:06:53,L,R,td,ndom,ndom,ndom,TD25
0,0,0,2016-12-29 12:06:53,R,R,td,dom,ndom,dom,TD25
0,0,0,2016-12-29 12:06:54,R,R,td,dom,ndom,dom,TD25
193,93,78,2016-12-29 12:06:54,L,R,td,ndom,ndom,ndom,TD25
0,0,2,2016-12-29 12:06:55,R,R,td,dom,ndom,dom,TD25
136,116,110,2016-12-29 12:06:55,L,R,td,ndom,ndom,ndom,TD25
0,0,0,2016-12-29 12:06:56,R,R,td,dom,ndom,dom,TD25
173,82,118,2016-12-29 12:06:56,L,R,td,ndom,ndom,ndom,TD25
130,133,96,2016-12-29 12:06:57,L,R,td,ndom,ndom,ndom,TD25
0,0,0,2016-12-29 12:06:57,R,R,td,dom,ndom,dom,TD25
106,57,139,2016-12-29 12:06:58,L,R,td,ndom,ndom,ndom,TD25
0,0,0,2016-12-29 12:06:58,R,R,td,dom,ndom,dom,TD25
0,0,0,2016-12-29 12:06:59,R,R,td,dom,ndom,dom,TD25
72,112,101,2016-12-29 12:06:59,L,R,td,ndom,ndom,ndom,TD25
0,0,0,2016-12-29 12:07:00,R,R,td,dom,ndom,dom,TD25
68,88,81,2016-12-29 12:07:00,L,R,td,ndom,ndom,ndom,TD25
0,0,0,2016-12-29 12:07:01,R,R,td,dom,ndom,dom,TD25
110,105,52,2016-12-29 12:07:01,L,R,td,ndom,ndom,ndom,TD25
0,0,0,2016-12-29 12:07:02,R,R,td,dom,ndom,dom,TD25
79,76,75,2016-12-29 12:07:02,L,R,td,ndom,ndom,ndom,TD25
0,0,0,2016-12-29 12:07:03,R,R,td,dom,ndom,dom,TD25
100,80,99,2016-12-29 12:07:03,L,R,td,ndom,ndom,ndom,TD25
0,0,0,2016-12-29 12:07:04,R,R,td,dom,ndom,dom,TD25
54,90,100,2016-12-29 12:07:04,L,R,td,ndom,ndom,ndom,TD25
0,0,0,2016-12-29 12:07:05,R,R,td,dom,ndom,dom,TD25
74,114,116,2016-12-29 12:07:05,L,R,td,ndom,ndom,ndom,TD25
0,0,0,2016-12-29 12:07:06,R,R,td,dom,ndom,dom,TD25
99,174,117,2016-12-29 12:07:06,L,R,td,ndom,ndom,ndom,TD25
69,49,68,2016-12-29 12:07:07,L,R,td,ndom,ndom,ndom,TD25
0,0,11,2016-12-29 12:07:07,R,R,td,dom,ndom,dom,TD25
0,0,0,2016-12-29 12:07:08,R,R,td,dom,ndom,dom,TD25
103,72,129,2016-12-29 12:07:08,L,R,td,ndom,ndom,ndom,TD25
0,0,0,2016-12-29 12:07:09,R,R,td,dom,ndom,dom,TD25
81,98,152,2016-12-29 12:07:09,L,R,td,ndom,ndom,ndom,TD25
102,85,124,2016-12-29 12:07:10,L,R,td,ndom,ndom,ndom,TD25
0,0,0,2016-12-29 12:07:10,R,R,td,dom,ndom,dom,TD25
5,1,9,2016-12-29 12:07:11,R,R,td,dom,ndom,dom,TD25
99,75,116,2016-12-29 12:07:11,L,R,td,ndom,ndom,ndom,TD25
132,83,98,2016-12-29 12:07:12,L,R,td,ndom,ndom,ndom,TD25
0,0,5,2016-12-29 12:07:12,R,R,td,dom,ndom,dom,TD25
158,84,65,2016-12-29 12:07:13,L,R,td,ndom,ndom,ndom,TD25
10,0,14,2016-12-29 12:07:13,R,R,td,dom,ndom,dom,TD25
155,63,111,2016-12-29 12:07:14,L,R,td,ndom,ndom,ndom,TD25
1,0,0,2016-12-29 12:07:14,R,R,td,dom,ndom,dom,TD25
124,55,111,2016-12-29 12:07:15,L,R,td,ndom,ndom,ndom,TD25
0,0,5,2016-12-29 12:07:15,R,R,td,dom,ndom,dom,TD25
110,58,97,2016-12-29 12:07:16,L,R,td,ndom,ndom,ndom,TD25
0,0,0,2016-12-29 12:07:16,R,R,td,dom,ndom,dom,TD25
160,25,75,2016-12-29 12:07:17,L,R,td,ndom,ndom,ndom,TD25
0,0,7,2016-12-29 12:07:17,R,R,td,dom,ndom,dom,TD25
176,67,130,2016-12-29 12:07:18,L,R,td,ndom,ndom,ndom,TD25
2,0,0,2016-12-29 12:07:18,R,R,td,dom,ndom,dom,TD25
25,26,50,2016-12-29 12:07:19,R,R,td,dom,ndom,dom,TD25
167,73,121,2016-12-29 12:07:19,L,R,td,ndom,ndom,ndom,TD25
127,35,111,2016-12-29 12:07:20,L,R,td,ndom,ndom,ndom,TD25
6,53,106,2016-12-29 12:07:20,R,R,td,dom,ndom,dom,TD25
64,68,153,2016-12-29 12:07:21,L,R,td,ndom,ndom,ndom,TD25
0,5,42,2016-12-29 12:07:21,R,R,td,dom,ndom,dom,TD25
81,85,140,2016-12-29 12:07:22,L,R,td,ndom,ndom,ndom,TD25
0,0,0,2016-12-29 12:07:22,R,R,td,dom,ndom,dom,TD25
125,74,109,2016-12-29 12:07:23,L,R,td,ndom,ndom,ndom,TD25
0,0,1,2016-12-29 12:07:23,R,R,td,dom,ndom,dom,TD25
0,0,5,2016-12-29 12:07:24,R,R,td,dom,ndom,dom,TD25
151,112,89,2016-12-29 12:07:24,L,R,td,ndom,ndom,ndom,TD25
132,123,65,2016-12-29 12:07:25,L,R,td,ndom,ndom,ndom,TD25
0,0,7,2016-12-29 12:07:25,R,R,td,dom,ndom,dom,TD25
94,99,65,2016-12-29 12:07:26,L,R,td,ndom,ndom,ndom,TD25
0,0,0,2016-12-29 12:07:26,R,R,td,dom,ndom,dom,TD25
122,164,71,2016-12-29 12:07:27,L,R,td,ndom,ndom,ndom,TD25
0,0,4,2016-12-29 12:07:27,R,R,td,dom,ndom,dom,TD25
94,96,128,2016-12-29 12:07:28,L,R,td,ndom,ndom,ndom,TD25
0,0,15,2016-12-29 12:07:28,R,R,td,dom,ndom,dom,TD25
127,68,103,2016-12-29 12:07:29,L,R,td,ndom,ndom,ndom,TD25
0,0,1,2016-12-29 12:07:29,R,R,td,dom,ndom,dom,TD25
63,121,84,2016-12-29 12:07:30,L,R,td,ndom,ndom,ndom,TD25
0,0,9,2016-12-29 12:07:30,R,R,td,dom,ndom,dom,TD25
94,48,111,2016-12-29 12:07:31,L,R,td,ndom,ndom,ndom,TD25
0,0,3,2016-12-29 12:07:31,R,R,td,dom,ndom,dom,TD25
0,0,0,2016-12-29 12:07:32,R,R,td,dom,ndom,dom,TD25
94,71,105,2016-12-29 12:07:32,L,R,td,ndom,ndom,ndom,TD25
98,46,150,2016-12-29 12:07:33,L,R,td,ndom,ndom,ndom,TD25
0,0,0,2016-12-29 12:07:33,R,R,td,dom,ndom,dom,TD25
14,7,16,2016-12-29 12:07:34,R,R,td,dom,ndom,dom,TD25
239,136,188,2016-12-29 12:07:34,L,R,td,ndom,ndom,ndom,TD25
61,30,2,2016-12-29 12:07:35,L,R,td,ndom,ndom,ndom,TD25
54,31,91,2016-12-29 12:07:35,R,R,td,dom,ndom,dom,TD25
0,0,0,2016-12-29 12:09:20,L,R,td,ndom,dom,ndom,TD25
234,64,165,2016-12-29 12:09:20,R,R,td,dom,dom,dom,TD25
236,75,159,2016-12-29 12:09:21,R,R,td,dom,dom,dom,TD25
8,0,0,2016-12-29 12:09:21,L,R,td,ndom,dom,ndom,TD25
1,0,0,2016-12-29 12:09:22,L,R,td,ndom,dom,ndom,TD25
154,61,173,2016-12-29 12:09:22,R,R,td,dom,dom,dom,TD25
56,92,48,2016-12-29 12:09:23,R,R,td,dom,dom,dom,TD25
0,0,0,2016-12-29 12:09:23,L,R,td,ndom,dom,ndom,TD25
116,228,103,2016-12-29 12:09:24,R,R,td,dom,dom,dom,TD25
0,0,0,2016-12-29 12:09:24,L,R,td,ndom,dom,ndom,TD25
139,81,152,2016-12-29 12:09:25,R,R,td,dom,dom,dom,TD25
0,0,0,2016-12-29 12:09:25,L,R,td,ndom,dom,ndom,TD25
293,25,109,2016-12-29 12:09:26,R,R,td,dom,dom,dom,TD25
0,0,0,2016-12-29 12:09:26,L,R,td,ndom,dom,ndom,TD25
0,0,0,2016-12-29 12:09:27,L,R,td,ndom,dom,ndom,TD25
185,56,108,2016-12-29 12:09:27,R,R,td,dom,dom,dom,TD25
171,90,96,2016-12-29 12:09:28,R,R,td,dom,dom,dom,TD25
0,0,0,2016-12-29 12:09:28,L,R,td,ndom,dom,ndom,TD25
0,0,0,2016-12-29 12:09:29,L,R,td,ndom,dom,ndom,TD25
77,81,96,2016-12-29 12:09:29,R,R,td,dom,dom,dom,TD25
0,0,0,2016-12-29 12:09:30,L,R,td,ndom,dom,ndom,TD25
70,61,97,2016-12-29 12:09:30,R,R,td,dom,dom,dom,TD25
0,0,0,2016-12-29 12:09:31,L,R,td,ndom,dom,ndom,TD25
86,84,143,2016-12-29 12:09:31,R,R,td,dom,dom,dom,TD25
0,0,0,2016-12-29 12:09:32,L,R,td,ndom,dom,ndom,TD25
136,53,86,2016-12-29 12:09:32,R,R,td,dom,dom,dom,TD25
0,0,0,2016-12-29 12:09:33,L,R,td,ndom,dom,ndom,TD25
250,44,59,2016-12-29 12:09:33,R,R,td,dom,dom,dom,TD25
292,29,122,2016-12-29 12:09:34,R,R,td,dom,dom,dom,TD25
1,0,0,2016-12-29 12:09:34,L,R,td,ndom,dom,ndom,TD25
247,29,125,2016-12-29 12:09:35,R,R,td,dom,dom,dom,TD25
0,0,0,2016-12-29 12:09:35,L,R,td,ndom,dom,ndom,TD25
0,0,0,2016-12-29 12:09:36,L,R,td,ndom,dom,ndom,TD25
102,130,106,2016-12-29 12:09:36,R,R,td,dom,dom,dom,TD25
0,0,0,2016-12-29 12:09:37,L,R,td,ndom,dom,ndom,TD25
142,79,80,2016-12-29 12:09:37,R,R,td,dom,dom,dom,TD25
0,0,0,2016-12-29 12:09:38,L,R,td,ndom,dom,ndom,TD25
108,120,68,2016-12-29 12:09:38,R,R,td,dom,dom,dom,TD25
70,69,109,2016-12-29 12:09:39,R,R,td,dom,dom,dom,TD25
0,0,0,2016-12-29 12:09:39,L,R,td,ndom,dom,ndom,TD25
0,0,0,2016-12-29 12:09:40,L,R,td,ndom,dom,ndom,TD25
74,72,114,2016-12-29 12:09:40,R,R,td,dom,dom,dom,TD25
98,39,116,2016-12-29 12:09:41,R,R,td,dom,dom,dom,TD25
0,0,0,2016-12-29 12:09:41,L,R,td,ndom,dom,ndom,TD25
0,0,0,2016-12-29 12:09:42,L,R,td,ndom,dom,ndom,TD25
142,55,92,2016-12-29 12:09:42,R,R,td,dom,dom,dom,TD25
0,0,0,2016-12-29 12:09:43,L,R,td,ndom,dom,ndom,TD25
85,69,109,2016-12-29 12:09:43,R,R,td,dom,dom,dom,TD25
86,55,137,2016-12-29 12:09:44,R,R,td,dom,dom,dom,TD25
0,0,0,2016-12-29 12:09:44,L,R,td,ndom,dom,ndom,TD25
96,83,135,2016-12-29 12:09:45,R,R,td,dom,dom,dom,TD25
0,0,0,2016-12-29 12:09:45,L,R,td,ndom,dom,ndom,TD25
74,56,113,2016-12-29 12:09:46,R,R,td,dom,dom,dom,TD25
0,0,0,2016-12-29 12:09:46,L,R,td,ndom,dom,ndom,TD25
0,0,0,2016-12-29 12:09:47,L,R,td,ndom,dom,ndom,TD25
89,70,91,2016-12-29 12:09:47,R,R,td,dom,dom,dom,TD25
0,0,0,2016-12-29 12:09:48,L,R,td,ndom,dom,ndom,TD25
96,51,122,2016-12-29 12:09:48,R,R,td,dom,dom,dom,TD25
0,0,0,2016-12-29 12:09:49,L,R,td,ndom,dom,ndom,TD25
94,54,77,2016-12-29 12:09:49,R,R,td,dom,dom,dom,TD25
0,0,0,2016-12-29 12:09:50,L,R,td,ndom,dom,ndom,TD25
105,93,102,2016-12-29 12:09:50,R,R,td,dom,dom,dom,TD25
104,192,65,2016-12-29 12:09:51,R,R,td,dom,dom,dom,TD25
0,0,0,2016-12-29 12:09:51,L,R,td,ndom,dom,ndom,TD25
0,0,0,2016-12-29 12:09:52,L,R,td,ndom,dom,ndom,TD25
124,85,111,2016-12-29 12:09:52,R,R,td,dom,dom,dom,TD25
0,0,0,2016-12-29 12:09:53,L,R,td,ndom,dom,ndom,TD25
144,88,79,2016-12-29 12:09:53,R,R,td,dom,dom,dom,TD25
144,93,82,2016-12-29 12:09:54,R,R,td,dom,dom,dom,TD25
0,0,0,2016-12-29 12:09:54,L,R,td,ndom,dom,ndom,TD25
112,76,121,2016-12-29 12:09:55,R,R,td,dom,dom,dom,TD25
0,0,0,2016-12-29 12:09:55,L,R,td,ndom,dom,ndom,TD25
97,91,62,2016-12-29 12:09:56,R,R,td,dom,dom,dom,TD25
0,0,0,2016-12-29 12:09:56,L,R,td,ndom,dom,ndom,TD25
87,159,65,2016-12-29 12:09:57,R,R,td,dom,dom,dom,TD25
0,0,0,2016-12-29 12:09:57,L,R,td,ndom,dom,ndom,TD25
79,51,96,2016-12-29 12:09:58,R,R,td,dom,dom,dom,TD25
0,0,0,2016-12-29 12:09:58,L,R,td,ndom,dom,ndom,TD25
95,40,124,2016-12-29 12:09:59,R,R,td,dom,dom,dom,TD25
0,0,0,2016-12-29 12:09:59,L,R,td,ndom,dom,ndom,TD25
0,0,0,2016-12-29 12:10:00,L,R,td,ndom,dom,ndom,TD25
105,82,94,2016-12-29 12:10:00,R,R,td,dom,dom,dom,TD25
101,197,164,2016-12-29 12:10:01,R,R,td,dom,dom,dom,TD25
0,0,0,2016-12-29 12:10:01,L,R,td,ndom,dom,ndom,TD25
0,0,0,2016-12-29 12:10:02,L,R,td,ndom,dom,ndom,TD25
143,143,163,2016-12-29 12:10:02,R,R,td,dom,dom,dom,TD25
87,156,109,2016-12-29 12:10:03,R,R,td,dom,dom,dom,TD25
0,0,0,2016-12-29 12:10:03,L,R,td,ndom,dom,ndom,TD25
0,0,0,2016-12-29 12:10:04,L,R,td,ndom,dom,ndom,TD25
140,146,146,2016-12-29 12:10:04,R,R,td,dom,dom,dom,TD25
0,0,0,2016-12-29 12:10:05,L,R,td,ndom,dom,ndom,TD25
110,153,50,2016-12-29 12:10:05,R,R,td,dom,dom,dom,TD25
0,0,0,2016-12-29 12:10:06,L,R,td,ndom,dom,ndom,TD25
98,70,99,2016-12-29 12:10:06,R,R,td,dom,dom,dom,TD25
0,0,0,2016-12-29 12:10:07,L,R,td,ndom,dom,ndom,TD25
107,64,82,2016-12-29 12:10:07,R,R,td,dom,dom,dom,TD25
0,0,0,2016-12-29 12:10:08,L,R,td,ndom,dom,ndom,TD25
127,118,58,2016-12-29 12:10:08,R,R,td,dom,dom,dom,TD25
0,0,0,2016-12-29 12:10:09,L,R,td,ndom,dom,ndom,TD25
90,64,87,2016-12-29 12:10:09,R,R,td,dom,dom,dom,TD25
0,0,0,2016-12-29 12:10:10,L,R,td,ndom,dom,ndom,TD25
107,54,79,2016-12-29 12:10:10,R,R,td,dom,dom,dom,TD25
0,0,0,2016-12-29 12:10:11,L,R,td,ndom,dom,ndom,TD25
124,167,88,2016-12-29 12:10:11,R,R,td,dom,dom,dom,TD25
0,0,0,2016-12-29 12:10:12,L,R,td,ndom,dom,ndom,TD25
125,116,145,2016-12-29 12:10:12,R,R,td,dom,dom,dom,TD25
0,0,0,2016-12-29 12:10:13,L,R,td,ndom,dom,ndom,TD25
112,137,46,2016-12-29 12:10:13,R,R,td,dom,dom,dom,TD25
131,130,136,2016-12-29 12:10:14,R,R,td,dom,dom,dom,TD25
0,0,0,2016-12-29 12:10:14,L,R,td,ndom,dom,ndom,TD25
0,0,0,2016-12-29 12:10:15,L,R,td,ndom,dom,ndom,TD25
172,85,113,2016-12-29 12:10:15,R,R,td,dom,dom,dom,TD25
0,0,0,2016-12-29 12:10:16,L,R,td,ndom,dom,ndom,TD25
193,16,85,2016-12-29 12:10:16,R,R,td,dom,dom,dom,TD25
129,33,110,2016-12-29 12:10:17,R,R,td,dom,dom,dom,TD25
0,0,0,2016-12-29 12:10:17,L,R,td,ndom,dom,ndom,TD25
0,0,0,2016-12-29 12:10:18,L,R,td,ndom,dom,ndom,TD25
59,63,117,2016-12-29 12:10:18,R,R,td,dom,dom,dom,TD25
128,67,164,2016-12-29 12:10:19,R,R,td,dom,dom,dom,TD25
34,37,27,2016-12-29 12:10:19,L,R,td,ndom,dom,ndom,TD25
32,27,2,2016-12-29 12:10:20,L,R,td,ndom,dom,ndom,TD25
397,186,92,2016-12-29 12:10:20,R,R,td,dom,dom,dom,TD25
76,83,62,2017-12-03 18:51:30,L,R,td,ndom,dom,ndom,TD26
197,186,168,2017-12-03 18:51:30,R,R,td,dom,dom,dom,TD26
299,228,287,2017-12-03 18:51:31,R,R,td,dom,dom,dom,TD26
72,19,38,2017-12-03 18:51:31,L,R,td,ndom,dom,ndom,TD26
188,149,198,2017-12-03 18:51:32,R,R,td,dom,dom,dom,TD26
30,24,62,2017-12-03 18:51:32,L,R,td,ndom,dom,ndom,TD26
256,170,183,2017-12-03 18:51:33,R,R,td,dom,dom,dom,TD26
82,45,110,2017-12-03 18:51:33,L,R,td,ndom,dom,ndom,TD26
216,125,152,2017-12-03 18:51:34,R,R,td,dom,dom,dom,TD26
54,42,43,2017-12-03 18:51:34,L,R,td,ndom,dom,ndom,TD26
175,130,193,2017-12-03 18:51:35,R,R,td,dom,dom,dom,TD26
3,27,37,2017-12-03 18:51:35,L,R,td,ndom,dom,ndom,TD26
107,101,122,2017-12-03 18:51:36,R,R,td,dom,dom,dom,TD26
3,22,2,2017-12-03 18:51:36,L,R,td,ndom,dom,ndom,TD26
42,65,218,2017-12-03 18:51:37,R,R,td,dom,dom,dom,TD26
4,12,8,2017-12-03 18:51:37,L,R,td,ndom,dom,ndom,TD26
137,153,159,2017-12-03 18:51:38,R,R,td,dom,dom,dom,TD26
0,45,56,2017-12-03 18:51:38,L,R,td,ndom,dom,ndom,TD26
135,189,148,2017-12-03 18:51:39,R,R,td,dom,dom,dom,TD26
26,24,8,2017-12-03 18:51:39,L,R,td,ndom,dom,ndom,TD26
10,10,16,2017-12-03 18:51:40,L,R,td,ndom,dom,ndom,TD26
101,78,121,2017-12-03 18:51:40,R,R,td,dom,dom,dom,TD26
0,0,11,2017-12-03 18:51:41,L,R,td,ndom,dom,ndom,TD26
193,58,158,2017-12-03 18:51:41,R,R,td,dom,dom,dom,TD26
219,52,157,2017-12-03 18:51:42,R,R,td,dom,dom,dom,TD26
24,18,3,2017-12-03 18:51:42,L,R,td,ndom,dom,ndom,TD26
170,167,159,2017-12-03 18:51:43,R,R,td,dom,dom,dom,TD26
11,15,14,2017-12-03 18:51:43,L,R,td,ndom,dom,ndom,TD26
166,152,235,2017-12-03 18:51:44,R,R,td,dom,dom,dom,TD26
2,0,11,2017-12-03 18:51:44,L,R,td,ndom,dom,ndom,TD26
183,91,181,2017-12-03 18:51:45,R,R,td,dom,dom,dom,TD26
3,0,15,2017-12-03 18:51:45,L,R,td,ndom,dom,ndom,TD26
15,39,32,2017-12-03 18:51:46,L,R,td,ndom,dom,ndom,TD26
210,82,219,2017-12-03 18:51:46,R,R,td,dom,dom,dom,TD26
190,92,254,2017-12-03 18:51:47,R,R,td,dom,dom,dom,TD26
22,22,36,2017-12-03 18:51:47,L,R,td,ndom,dom,ndom,TD26
165,47,153,2017-12-03 18:51:48,R,R,td,dom,dom,dom,TD26
10,14,10,2017-12-03 18:51:48,L,R,td,ndom,dom,ndom,TD26
0,0,23,2017-12-03 18:51:49,L,R,td,ndom,dom,ndom,TD26
149,153,153,2017-12-03 18:51:49,R,R,td,dom,dom,dom,TD26
9,33,1,2017-12-03 18:51:50,L,R,td,ndom,dom,ndom,TD26
106,88,57,2017-12-03 18:51:50,R,R,td,dom,dom,dom,TD26
11,16,21,2017-12-03 18:51:51,L,R,td,ndom,dom,ndom,TD26
168,59,104,2017-12-03 18:51:51,R,R,td,dom,dom,dom,TD26
0,0,0,2017-12-03 18:51:52,L,R,td,ndom,dom,ndom,TD26
143,127,184,2017-12-03 18:51:52,R,R,td,dom,dom,dom,TD26
0,0,26,2017-12-03 18:51:53,L,R,td,ndom,dom,ndom,TD26
106,89,131,2017-12-03 18:51:53,R,R,td,dom,dom,dom,TD26
0,0,0,2017-12-03 18:51:54,L,R,td,ndom,dom,ndom,TD26
131,83,124,2017-12-03 18:51:54,R,R,td,dom,dom,dom,TD26
0,0,6,2017-12-03 18:51:55,L,R,td,ndom,dom,ndom,TD26
102,206,79,2017-12-03 18:51:55,R,R,td,dom,dom,dom,TD26
0,0,0,2017-12-03 18:51:56,L,R,td,ndom,dom,ndom,TD26
80,65,95,2017-12-03 18:51:56,R,R,td,dom,dom,dom,TD26
104,65,185,2017-12-03 18:51:57,R,R,td,dom,dom,dom,TD26
0,0,0,2017-12-03 18:51:57,L,R,td,ndom,dom,ndom,TD26
0,0,0,2017-12-03 18:51:58,L,R,td,ndom,dom,ndom,TD26
35,49,50,2017-12-03 18:51:58,R,R,td,dom,dom,dom,TD26
0,0,0,2017-12-03 18:51:59,L,R,td,ndom,dom,ndom,TD26
312,114,184,2017-12-03 18:51:59,R,R,td,dom,dom,dom,TD26
246,71,229,2017-12-03 18:52:00,R,R,td,dom,dom,dom,TD26
0,0,0,2017-12-03 18:52:00,L,R,td,ndom,dom,ndom,TD26
29,37,34,2017-12-03 18:52:01,L,R,td,ndom,dom,ndom,TD26
222,119,159,2017-12-03 18:52:01,R,R,td,dom,dom,dom,TD26
4,0,6,2017-12-03 18:52:02,L,R,td,ndom,dom,ndom,TD26
59,28,59,2017-12-03 18:52:02,R,R,td,dom,dom,dom,TD26
0,0,0,2017-12-03 18:52:03,L,R,td,ndom,dom,ndom,TD26
114,58,48,2017-12-03 18:52:03,R,R,td,dom,dom,dom,TD26
0,0,0,2017-12-03 18:52:04,L,R,td,ndom,dom,ndom,TD26
149,63,112,2017-12-03 18:52:04,R,R,td,dom,dom,dom,TD26
12,5,4,2017-12-03 18:52:05,L,R,td,ndom,dom,ndom,TD26
190,89,149,2017-12-03 18:52:05,R,R,td,dom,dom,dom,TD26
0,0,0,2017-12-03 18:52:06,L,R,td,ndom,dom,ndom,TD26
184,81,262,2017-12-03 18:52:06,R,R,td,dom,dom,dom,TD26
0,0,0,2017-12-03 18:52:07,L,R,td,ndom,dom,ndom,TD26
304,43,224,2017-12-03 18:52:07,R,R,td,dom,dom,dom,TD26
0,0,0,2017-12-03 18:52:08,L,R,td,ndom,dom,ndom,TD26
168,103,157,2017-12-03 18:52:08,R,R,td,dom,dom,dom,TD26
0,0,0,2017-12-03 18:52:09,L,R,td,ndom,dom,ndom,TD26
83,72,183,2017-12-03 18:52:09,R,R,td,dom,dom,dom,TD26
0,0,0,2017-12-03 18:52:10,L,R,td,ndom,dom,ndom,TD26
138,80,153,2017-12-03 18:52:10,R,R,td,dom,dom,dom,TD26
27,59,21,2017-12-03 18:52:11,R,R,td,dom,dom,dom,TD26
0,0,0,2017-12-03 18:52:11,L,R,td,ndom,dom,ndom,TD26
30,98,36,2017-12-03 18:52:12,R,R,td,dom,dom,dom,TD26
0,0,0,2017-12-03 18:52:12,L,R,td,ndom,dom,ndom,TD26
85,162,113,2017-12-03 18:52:13,R,R,td,dom,dom,dom,TD26
0,0,0,2017-12-03 18:52:13,L,R,td,ndom,dom,ndom,TD26
22,36,41,2017-12-03 18:52:14,R,R,td,dom,dom,dom,TD26
0,0,0,2017-12-03 18:52:14,L,R,td,ndom,dom,ndom,TD26
109,176,148,2017-12-03 18:52:15,R,R,td,dom,dom,dom,TD26
0,0,0,2017-12-03 18:52:15,L,R,td,ndom,dom,ndom,TD26
196,139,145,2017-12-03 18:52:16,R,R,td,dom,dom,dom,TD26
0,0,0,2017-12-03 18:52:16,L,R,td,ndom,dom,ndom,TD26
142,189,269,2017-12-03 18:52:17,R,R,td,dom,dom,dom,TD26
0,7,0,2017-12-03 18:52:17,L,R,td,ndom,dom,ndom,TD26
0,3,2,2017-12-03 18:52:18,L,R,td,ndom,dom,ndom,TD26
113,246,112,2017-12-03 18:52:18,R,R,td,dom,dom,dom,TD26
142,67,73,2017-12-03 18:52:19,R,R,td,dom,dom,dom,TD26
0,0,0,2017-12-03 18:52:19,L,R,td,ndom,dom,ndom,TD26
119,207,111,2017-12-03 18:52:20,R,R,td,dom,dom,dom,TD26
2,0,0,2017-12-03 18:52:20,L,R,td,ndom,dom,ndom,TD26
89,49,165,2017-12-03 18:52:21,R,R,td,dom,dom,dom,TD26
0,0,0,2017-12-03 18:52:21,L,R,td,ndom,dom,ndom,TD26
136,124,226,2017-12-03 18:52:22,R,R,td,dom,dom,dom,TD26
0,0,0,2017-12-03 18:52:22,L,R,td,ndom,dom,ndom,TD26
113,73,231,2017-12-03 18:52:23,R,R,td,dom,dom,dom,TD26
0,0,1,2017-12-03 18:52:23,L,R,td,ndom,dom,ndom,TD26
137,107,128,2017-12-03 18:52:24,R,R,td,dom,dom,dom,TD26
0,0,1,2017-12-03 18:52:24,L,R,td,ndom,dom,ndom,TD26
26,28,40,2017-12-03 18:52:25,R,R,td,dom,dom,dom,TD26
0,0,0,2017-12-03 18:52:25,L,R,td,ndom,dom,ndom,TD26
43,17,57,2017-12-03 18:52:26,R,R,td,dom,dom,dom,TD26
0,0,0,2017-12-03 18:52:26,L,R,td,ndom,dom,ndom,TD26
0,0,0,2017-12-03 18:52:27,L,R,td,ndom,dom,ndom,TD26
70,12,20,2017-12-03 18:52:27,R,R,td,dom,dom,dom,TD26
0,0,0,2017-12-03 18:52:28,L,R,td,ndom,dom,ndom,TD26
126,48,22,2017-12-03 18:52:28,R,R,td,dom,dom,dom,TD26
0,0,0,2017-12-03 18:52:29,L,R,td,ndom,dom,ndom,TD26
238,57,64,2017-12-03 18:52:29,R,R,td,dom,dom,dom,TD26
0,0,0,2017-12-03 18:52:30,L,R,td,ndom,dom,ndom,TD26
31,3,0,2017-12-03 18:52:30,R,R,td,dom,dom,dom,TD26
2,57,14,2017-12-03 18:54:15,R,R,td,dom,ndom,dom,TD26
213,246,288,2017-12-03 18:54:15,L,R,td,ndom,ndom,ndom,TD26
0,26,8,2017-12-03 18:54:16,R,R,td,dom,ndom,dom,TD26
316,279,172,2017-12-03 18:54:16,L,R,td,ndom,ndom,ndom,TD26
11,3,0,2017-12-03 18:54:17,R,R,td,dom,ndom,dom,TD26
101,79,202,2017-12-03 18:54:17,L,R,td,ndom,ndom,ndom,TD26
3,5,2,2017-12-03 18:54:18,R,R,td,dom,ndom,dom,TD26
187,313,178,2017-12-03 18:54:18,L,R,td,ndom,ndom,ndom,TD26
41,27,21,2017-12-03 18:54:19,R,R,td,dom,ndom,dom,TD26
183,319,249,2017-12-03 18:54:19,L,R,td,ndom,ndom,ndom,TD26
232,190,193,2017-12-03 18:54:20,L,R,td,ndom,ndom,ndom,TD26
9,23,15,2017-12-03 18:54:20,R,R,td,dom,ndom,dom,TD26
139,185,132,2017-12-03 18:54:21,L,R,td,ndom,ndom,ndom,TD26
1,1,0,2017-12-03 18:54:21,R,R,td,dom,ndom,dom,TD26
2,1,0,2017-12-03 18:54:22,R,R,td,dom,ndom,dom,TD26
98,68,156,2017-12-03 18:54:22,L,R,td,ndom,ndom,ndom,TD26
113,171,217,2017-12-03 18:54:23,L,R,td,ndom,ndom,ndom,TD26
1,2,9,2017-12-03 18:54:23,R,R,td,dom,ndom,dom,TD26
194,238,192,2017-12-03 18:54:24,L,R,td,ndom,ndom,ndom,TD26
21,0,5,2017-12-03 18:54:24,R,R,td,dom,ndom,dom,TD26
81,72,94,2017-12-03 18:54:25,L,R,td,ndom,ndom,ndom,TD26
0,0,0,2017-12-03 18:54:25,R,R,td,dom,ndom,dom,TD26
31,0,0,2017-12-03 18:54:26,R,R,td,dom,ndom,dom,TD26
101,158,79,2017-12-03 18:54:26,L,R,td,ndom,ndom,ndom,TD26
8,0,0,2017-12-03 18:54:27,R,R,td,dom,ndom,dom,TD26
106,124,90,2017-12-03 18:54:27,L,R,td,ndom,ndom,ndom,TD26
156,192,177,2017-12-03 18:54:28,L,R,td,ndom,ndom,ndom,TD26
0,0,0,2017-12-03 18:54:28,R,R,td,dom,ndom,dom,TD26
147,63,70,2017-12-03 18:54:29,L,R,td,ndom,ndom,ndom,TD26
4,0,0,2017-12-03 18:54:29,R,R,td,dom,ndom,dom,TD26
218,152,128,2017-12-03 18:54:30,L,R,td,ndom,ndom,ndom,TD26
0,0,0,2017-12-03 18:54:30,R,R,td,dom,ndom,dom,TD26
151,80,154,2017-12-03 18:54:31,L,R,td,ndom,ndom,ndom,TD26
0,0,0,2017-12-03 18:54:31,R,R,td,dom,ndom,dom,TD26
0,0,0,2017-12-03 18:54:32,R,R,td,dom,ndom,dom,TD26
83,84,109,2017-12-03 18:54:32,L,R,td,ndom,ndom,ndom,TD26
0,0,0,2017-12-03 18:54:33,R,R,td,dom,ndom,dom,TD26
89,95,124,2017-12-03 18:54:33,L,R,td,ndom,ndom,ndom,TD26
59,15,47,2017-12-03 18:54:34,L,R,td,ndom,ndom,ndom,TD26
0,0,0,2017-12-03 18:54:34,R,R,td,dom,ndom,dom,TD26
98,99,98,2017-12-03 18:54:35,L,R,td,ndom,ndom,ndom,TD26
0,7,15,2017-12-03 18:54:35,R,R,td,dom,ndom,dom,TD26
97,207,140,2017-12-03 18:54:36,L,R,td,ndom,ndom,ndom,TD26
7,0,0,2017-12-03 18:54:36,R,R,td,dom,ndom,dom,TD26
0,0,0,2017-12-03 18:54:37,R,R,td,dom,ndom,dom,TD26
43,123,144,2017-12-03 18:54:37,L,R,td,ndom,ndom,ndom,TD26
64,147,133,2017-12-03 18:54:38,L,R,td,ndom,ndom,ndom,TD26
0,0,0,2017-12-03 18:54:38,R,R,td,dom,ndom,dom,TD26
0,0,4,2017-12-03 18:54:39,R,R,td,dom,ndom,dom,TD26
110,83,77,2017-12-03 18:54:39,L,R,td,ndom,ndom,ndom,TD26
69,62,82,2017-12-03 18:54:40,L,R,td,ndom,ndom,ndom,TD26
0,0,0,2017-12-03 18:54:40,R,R,td,dom,ndom,dom,TD26
90,95,68,2017-12-03 18:54:41,L,R,td,ndom,ndom,ndom,TD26
0,0,0,2017-12-03 18:54:41,R,R,td,dom,ndom,dom,TD26
0,0,0,2017-12-03 18:54:42,R,R,td,dom,ndom,dom,TD26
89,244,112,2017-12-03 18:54:42,L,R,td,ndom,ndom,ndom,TD26
71,159,98,2017-12-03 18:54:43,L,R,td,ndom,ndom,ndom,TD26
0,0,0,2017-12-03 18:54:43,R,R,td,dom,ndom,dom,TD26
0,0,0,2017-12-03 18:54:44,R,R,td,dom,ndom,dom,TD26
49,146,77,2017-12-03 18:54:44,L,R,td,ndom,ndom,ndom,TD26
0,0,0,2017-12-03 18:54:45,R,R,td,dom,ndom,dom,TD26
177,209,150,2017-12-03 18:54:45,L,R,td,ndom,ndom,ndom,TD26
0,0,0,2017-12-03 18:54:46,R,R,td,dom,ndom,dom,TD26
144,210,194,2017-12-03 18:54:46,L,R,td,ndom,ndom,ndom,TD26
0,0,0,2017-12-03 18:54:47,R,R,td,dom,ndom,dom,TD26
160,72,161,2017-12-03 18:54:47,L,R,td,ndom,ndom,ndom,TD26
92,111,126,2017-12-03 18:54:48,L,R,td,ndom,ndom,ndom,TD26
0,0,0,2017-12-03 18:54:48,R,R,td,dom,ndom,dom,TD26
168,271,194,2017-12-03 18:54:49,L,R,td,ndom,ndom,ndom,TD26
1,0,0,2017-12-03 18:54:49,R,R,td,dom,ndom,dom,TD26
0,0,0,2017-12-03 18:54:50,R,R,td,dom,ndom,dom,TD26
158,157,168,2017-12-03 18:54:50,L,R,td,ndom,ndom,ndom,TD26
75,30,97,2017-12-03 18:54:51,L,R,td,ndom,ndom,ndom,TD26
0,0,0,2017-12-03 18:54:51,R,R,td,dom,ndom,dom,TD26
130,324,191,2017-12-03 18:54:52,L,R,td,ndom,ndom,ndom,TD26
6,0,0,2017-12-03 18:54:52,R,R,td,dom,ndom,dom,TD26
18,0,1,2017-12-03 18:54:53,R,R,td,dom,ndom,dom,TD26
240,278,158,2017-12-03 18:54:53,L,R,td,ndom,ndom,ndom,TD26
14,0,4,2017-12-03 18:54:54,R,R,td,dom,ndom,dom,TD26
50,119,118,2017-12-03 18:54:54,L,R,td,ndom,ndom,ndom,TD26
30,0,10,2017-12-03 18:54:55,R,R,td,dom,ndom,dom,TD26
198,160,225,2017-12-03 18:54:55,L,R,td,ndom,ndom,ndom,TD26
0,0,0,2017-12-03 18:54:56,R,R,td,dom,ndom,dom,TD26
17,47,17,2017-12-03 18:54:56,L,R,td,ndom,ndom,ndom,TD26
2,0,0,2017-12-03 18:54:57,R,R,td,dom,ndom,dom,TD26
187,216,152,2017-12-03 18:54:57,L,R,td,ndom,ndom,ndom,TD26
114,155,63,2017-12-03 18:54:58,L,R,td,ndom,ndom,ndom,TD26
1,0,0,2017-12-03 18:54:58,R,R,td,dom,ndom,dom,TD26
9,0,0,2017-12-03 18:54:59,R,R,td,dom,ndom,dom,TD26
94,96,71,2017-12-03 18:54:59,L,R,td,ndom,ndom,ndom,TD26
2,0,0,2017-12-03 18:55:00,R,R,td,dom,ndom,dom,TD26
61,122,122,2017-12-03 18:55:00,L,R,td,ndom,ndom,ndom,TD26
137,113,132,2017-12-03 18:55:01,L,R,td,ndom,ndom,ndom,TD26
0,0,0,2017-12-03 18:55:01,R,R,td,dom,ndom,dom,TD26
0,0,10,2017-12-03 18:55:02,R,R,td,dom,ndom,dom,TD26
226,230,150,2017-12-03 18:55:02,L,R,td,ndom,ndom,ndom,TD26
158,70,116,2017-12-03 18:55:03,L,R,td,ndom,ndom,ndom,TD26
5,0,0,2017-12-03 18:55:03,R,R,td,dom,ndom,dom,TD26
0,0,27,2017-12-03 18:55:04,R,R,td,dom,ndom,dom,TD26
288,138,218,2017-12-03 18:55:04,L,R,td,ndom,ndom,ndom,TD26
82,90,88,2017-12-03 18:55:05,L,R,td,ndom,ndom,ndom,TD26
0,0,0,2017-12-03 18:55:05,R,R,td,dom,ndom,dom,TD26
9,0,0,2017-12-03 18:55:06,R,R,td,dom,ndom,dom,TD26
49,179,142,2017-12-03 18:55:06,L,R,td,ndom,ndom,ndom,TD26
206,176,225,2017-12-03 18:55:07,L,R,td,ndom,ndom,ndom,TD26
14,0,10,2017-12-03 18:55:07,R,R,td,dom,ndom,dom,TD26
58,20,30,2017-12-03 18:55:08,L,R,td,ndom,ndom,ndom,TD26
3,0,15,2017-12-03 18:55:08,R,R,td,dom,ndom,dom,TD26
111,117,104,2017-12-03 18:55:09,L,R,td,ndom,ndom,ndom,TD26
0,0,0,2017-12-03 18:55:09,R,R,td,dom,ndom,dom,TD26
96,151,108,2017-12-03 18:55:10,L,R,td,ndom,ndom,ndom,TD26
0,0,0,2017-12-03 18:55:10,R,R,td,dom,ndom,dom,TD26
98,34,108,2017-12-03 18:55:11,L,R,td,ndom,ndom,ndom,TD26
0,0,0,2017-12-03 18:55:11,R,R,td,dom,ndom,dom,TD26
146,156,124,2017-12-03 18:55:12,L,R,td,ndom,ndom,ndom,TD26
0,0,0,2017-12-03 18:55:12,R,R,td,dom,ndom,dom,TD26
45,169,86,2017-12-03 18:55:13,L,R,td,ndom,ndom,ndom,TD26
0,0,0,2017-12-03 18:55:13,R,R,td,dom,ndom,dom,TD26
12,0,0,2017-12-03 18:55:14,R,R,td,dom,ndom,dom,TD26
77,146,157,2017-12-03 18:55:14,L,R,td,ndom,ndom,ndom,TD26
80,7,36,2017-12-03 18:55:15,L,R,td,ndom,ndom,ndom,TD26
0,0,0,2017-12-03 18:55:15,R,R,td,dom,ndom,dom,TD26
0,0,0,2017-12-03 18:44:15,R,R,td,dom,ndom,dom,TD27
228,172,101,2017-12-03 18:44:15,L,R,td,ndom,ndom,ndom,TD27
237,125,68,2017-12-03 18:44:16,L,R,td,ndom,ndom,ndom,TD27
0,0,0,2017-12-03 18:44:16,R,R,td,dom,ndom,dom,TD27
175,153,59,2017-12-03 18:44:17,L,R,td,ndom,ndom,ndom,TD27
0,0,0,2017-12-03 18:44:17,R,R,td,dom,ndom,dom,TD27
186,100,60,2017-12-03 18:44:18,L,R,td,ndom,ndom,ndom,TD27
0,0,0,2017-12-03 18:44:18,R,R,td,dom,ndom,dom,TD27
186,71,73,2017-12-03 18:44:19,L,R,td,ndom,ndom,ndom,TD27
0,0,0,2017-12-03 18:44:19,R,R,td,dom,ndom,dom,TD27
186,154,80,2017-12-03 18:44:20,L,R,td,ndom,ndom,ndom,TD27
0,0,0,2017-12-03 18:44:20,R,R,td,dom,ndom,dom,TD27
0,0,0,2017-12-03 18:44:21,R,R,td,dom,ndom,dom,TD27
271,124,57,2017-12-03 18:44:21,L,R,td,ndom,ndom,ndom,TD27
0,0,0,2017-12-03 18:44:22,R,R,td,dom,ndom,dom,TD27
177,115,50,2017-12-03 18:44:22,L,R,td,ndom,ndom,ndom,TD27
0,0,0,2017-12-03 18:44:23,R,R,td,dom,ndom,dom,TD27
212,112,70,2017-12-03 18:44:23,L,R,td,ndom,ndom,ndom,TD27
197,105,77,2017-12-03 18:44:24,L,R,td,ndom,ndom,ndom,TD27
0,0,0,2017-12-03 18:44:24,R,R,td,dom,ndom,dom,TD27
0,0,0,2017-12-03 18:44:25,R,R,td,dom,ndom,dom,TD27
238,96,57,2017-12-03 18:44:25,L,R,td,ndom,ndom,ndom,TD27
174,115,72,2017-12-03 18:44:26,L,R,td,ndom,ndom,ndom,TD27
0,0,0,2017-12-03 18:44:26,R,R,td,dom,ndom,dom,TD27
0,2,4,2017-12-03 18:44:27,R,R,td,dom,ndom,dom,TD27
223,122,45,2017-12-03 18:44:27,L,R,td,ndom,ndom,ndom,TD27
11,2,37,2017-12-03 18:44:28,R,R,td,dom,ndom,dom,TD27
179,42,61,2017-12-03 18:44:28,L,R,td,ndom,ndom,ndom,TD27
206,43,87,2017-12-03 18:44:29,L,R,td,ndom,ndom,ndom,TD27
381,124,118,2017-12-03 18:44:29,R,R,td,dom,ndom,dom,TD27
348,107,135,2017-12-03 18:44:30,R,R,td,dom,ndom,dom,TD27
260,27,106,2017-12-03 18:44:30,L,R,td,ndom,ndom,ndom,TD27
190,84,127,2017-12-03 18:44:31,L,R,td,ndom,ndom,ndom,TD27
54,40,40,2017-12-03 18:44:31,R,R,td,dom,ndom,dom,TD27
102,66,31,2017-12-03 18:44:32,L,R,td,ndom,ndom,ndom,TD27
41,163,113,2017-12-03 18:44:32,R,R,td,dom,ndom,dom,TD27
145,60,48,2017-12-03 18:44:33,L,R,td,ndom,ndom,ndom,TD27
27,45,3,2017-12-03 18:44:33,R,R,td,dom,ndom,dom,TD27
0,46,10,2017-12-03 18:44:34,R,R,td,dom,ndom,dom,TD27
84,66,59,2017-12-03 18:44:34,L,R,td,ndom,ndom,ndom,TD27
127,105,59,2017-12-03 18:44:35,L,R,td,ndom,ndom,ndom,TD27
4,0,0,2017-12-03 18:44:35,R,R,td,dom,ndom,dom,TD27
0,0,0,2017-12-03 18:44:36,R,R,td,dom,ndom,dom,TD27
56,29,29,2017-12-03 18:44:36,L,R,td,ndom,ndom,ndom,TD27
0,0,0,2017-12-03 18:44:37,R,R,td,dom,ndom,dom,TD27
19,6,35,2017-12-03 18:44:37,L,R,td,ndom,ndom,ndom,TD27
0,0,0,2017-12-03 18:44:38,R,R,td,dom,ndom,dom,TD27
201,100,54,2017-12-03 18:44:38,L,R,td,ndom,ndom,ndom,TD27
115,179,42,2017-12-03 18:44:39,L,R,td,ndom,ndom,ndom,TD27
0,0,0,2017-12-03 18:44:39,R,R,td,dom,ndom,dom,TD27
88,33,30,2017-12-03 18:44:40,L,R,td,ndom,ndom,ndom,TD27
0,0,0,2017-12-03 18:44:40,R,R,td,dom,ndom,dom,TD27
0,0,0,2017-12-03 18:44:41,R,R,td,dom,ndom,dom,TD27
101,58,68,2017-12-03 18:44:41,L,R,td,ndom,ndom,ndom,TD27
0,0,0,2017-12-03 18:44:42,R,R,td,dom,ndom,dom,TD27
133,45,98,2017-12-03 18:44:42,L,R,td,ndom,ndom,ndom,TD27
0,0,0,2017-12-03 18:44:43,R,R,td,dom,ndom,dom,TD27
140,83,68,2017-12-03 18:44:43,L,R,td,ndom,ndom,ndom,TD27
0,0,0,2017-12-03 18:44:44,R,R,td,dom,ndom,dom,TD27
122,112,35,2017-12-03 18:44:44,L,R,td,ndom,ndom,ndom,TD27
173,74,44,2017-12-03 18:44:45,L,R,td,ndom,ndom,ndom,TD27
0,0,0,2017-12-03 18:44:45,R,R,td,dom,ndom,dom,TD27
0,0,0,2017-12-03 18:44:46,R,R,td,dom,ndom,dom,TD27
169,111,62,2017-12-03 18:44:46,L,R,td,ndom,ndom,ndom,TD27
185,156,45,2017-12-03 18:44:47,L,R,td,ndom,ndom,ndom,TD27
0,0,0,2017-12-03 18:44:47,R,R,td,dom,ndom,dom,TD27
0,0,0,2017-12-03 18:44:48,R,R,td,dom,ndom,dom,TD27
112,93,11,2017-12-03 18:44:48,L,R,td,ndom,ndom,ndom,TD27
0,0,0,2017-12-03 18:44:49,R,R,td,dom,ndom,dom,TD27
167,79,27,2017-12-03 18:44:49,L,R,td,ndom,ndom,ndom,TD27
0,0,0,2017-12-03 18:44:50,R,R,td,dom,ndom,dom,TD27
123,66,75,2017-12-03 18:44:50,L,R,td,ndom,ndom,ndom,TD27
6,0,0,2017-12-03 18:44:51,R,R,td,dom,ndom,dom,TD27
120,35,50,2017-12-03 18:44:51,L,R,td,ndom,ndom,ndom,TD27
0,0,0,2017-12-03 18:44:52,R,R,td,dom,ndom,dom,TD27
97,77,57,2017-12-03 18:44:52,L,R,td,ndom,ndom,ndom,TD27
0,0,0,2017-12-03 18:44:53,R,R,td,dom,ndom,dom,TD27
126,89,46,2017-12-03 18:44:53,L,R,td,ndom,ndom,ndom,TD27
0,0,0,2017-12-03 18:44:54,R,R,td,dom,ndom,dom,TD27
123,148,30,2017-12-03 18:44:54,L,R,td,ndom,ndom,ndom,TD27
147,80,65,2017-12-03 18:44:55,L,R,td,ndom,ndom,ndom,TD27
0,0,0,2017-12-03 18:44:55,R,R,td,dom,ndom,dom,TD27
146,105,41,2017-12-03 18:44:56,L,R,td,ndom,ndom,ndom,TD27
0,0,0,2017-12-03 18:44:56,R,R,td,dom,ndom,dom,TD27
113,93,41,2017-12-03 18:44:57,L,R,td,ndom,ndom,ndom,TD27
0,0,0,2017-12-03 18:44:57,R,R,td,dom,ndom,dom,TD27
0,0,0,2017-12-03 18:44:58,R,R,td,dom,ndom,dom,TD27
115,91,52,2017-12-03 18:44:58,L,R,td,ndom,ndom,ndom,TD27
0,0,0,2017-12-03 18:44:59,R,R,td,dom,ndom,dom,TD27
148,75,45,2017-12-03 18:44:59,L,R,td,ndom,ndom,ndom,TD27
0,0,0,2017-12-03 18:45:00,R,R,td,dom,ndom,dom,TD27
94,58,29,2017-12-03 18:45:00,L,R,td,ndom,ndom,ndom,TD27
0,0,0,2017-12-03 18:45:01,R,R,td,dom,ndom,dom,TD27
95,112,41,2017-12-03 18:45:01,L,R,td,ndom,ndom,ndom,TD27
107,73,36,2017-12-03 18:45:02,L,R,td,ndom,ndom,ndom,TD27
0,0,0,2017-12-03 18:45:02,R,R,td,dom,ndom,dom,TD27
87,107,41,2017-12-03 18:45:03,L,R,td,ndom,ndom,ndom,TD27
0,0,0,2017-12-03 18:45:03,R,R,td,dom,ndom,dom,TD27
0,0,0,2017-12-03 18:45:04,R,R,td,dom,ndom,dom,TD27
83,104,19,2017-12-03 18:45:04,L,R,td,ndom,ndom,ndom,TD27
0,0,0,2017-12-03 18:45:05,R,R,td,dom,ndom,dom,TD27
108,65,46,2017-12-03 18:45:05,L,R,td,ndom,ndom,ndom,TD27
0,0,0,2017-12-03 18:45:06,R,R,td,dom,ndom,dom,TD27
110,75,59,2017-12-03 18:45:06,L,R,td,ndom,ndom,ndom,TD27
0,0,0,2017-12-03 18:45:07,R,R,td,dom,ndom,dom,TD27
132,112,49,2017-12-03 18:45:07,L,R,td,ndom,ndom,ndom,TD27
0,0,0,2017-12-03 18:45:08,R,R,td,dom,ndom,dom,TD27
138,69,13,2017-12-03 18:45:08,L,R,td,ndom,ndom,ndom,TD27
21,0,0,2017-12-03 18:45:09,R,R,td,dom,ndom,dom,TD27
171,112,93,2017-12-03 18:45:09,L,R,td,ndom,ndom,ndom,TD27
166,53,49,2017-12-03 18:45:10,L,R,td,ndom,ndom,ndom,TD27
20,0,0,2017-12-03 18:45:10,R,R,td,dom,ndom,dom,TD27
126,55,33,2017-12-03 18:45:11,L,R,td,ndom,ndom,ndom,TD27
0,0,0,2017-12-03 18:45:11,R,R,td,dom,ndom,dom,TD27
0,0,0,2017-12-03 18:45:12,R,R,td,dom,ndom,dom,TD27
156,96,58,2017-12-03 18:45:12,L,R,td,ndom,ndom,ndom,TD27
122,88,55,2017-12-03 18:45:13,L,R,td,ndom,ndom,ndom,TD27
0,0,0,2017-12-03 18:45:13,R,R,td,dom,ndom,dom,TD27
0,0,0,2017-12-03 18:45:14,R,R,td,dom,ndom,dom,TD27
123,23,36,2017-12-03 18:45:14,L,R,td,ndom,ndom,ndom,TD27
114,136,120,2017-12-03 18:45:15,L,R,td,ndom,ndom,ndom,TD27
46,37,22,2017-12-03 18:45:15,R,R,td,dom,ndom,dom,TD27
0,0,0,2017-12-03 18:47:20,L,R,td,ndom,dom,ndom,TD27
170,105,76,2017-12-03 18:47:20,R,R,td,dom,dom,dom,TD27
187,107,120,2017-12-03 18:47:21,R,R,td,dom,dom,dom,TD27
0,0,0,2017-12-03 18:47:21,L,R,td,ndom,dom,ndom,TD27
0,0,0,2017-12-03 18:47:22,L,R,td,ndom,dom,ndom,TD27
194,109,131,2017-12-03 18:47:22,R,R,td,dom,dom,dom,TD27
176,121,101,2017-12-03 18:47:23,R,R,td,dom,dom,dom,TD27
0,0,0,2017-12-03 18:47:23,L,R,td,ndom,dom,ndom,TD27
0,0,0,2017-12-03 18:47:24,L,R,td,ndom,dom,ndom,TD27
229,132,112,2017-12-03 18:47:24,R,R,td,dom,dom,dom,TD27
194,98,93,2017-12-03 18:47:25,R,R,td,dom,dom,dom,TD27
4,0,0,2017-12-03 18:47:25,L,R,td,ndom,dom,ndom,TD27
133,71,74,2017-12-03 18:47:26,R,R,td,dom,dom,dom,TD27
0,0,0,2017-12-03 18:47:26,L,R,td,ndom,dom,ndom,TD27
0,0,0,2017-12-03 18:47:27,L,R,td,ndom,dom,ndom,TD27
141,83,119,2017-12-03 18:47:27,R,R,td,dom,dom,dom,TD27
204,94,132,2017-12-03 18:47:28,R,R,td,dom,dom,dom,TD27
0,0,0,2017-12-03 18:47:28,L,R,td,ndom,dom,ndom,TD27
0,0,0,2017-12-03 18:47:29,L,R,td,ndom,dom,ndom,TD27
245,87,156,2017-12-03 18:47:29,R,R,td,dom,dom,dom,TD27
0,0,0,2017-12-03 18:47:30,L,R,td,ndom,dom,ndom,TD27
134,56,80,2017-12-03 18:47:30,R,R,td,dom,dom,dom,TD27
0,0,0,2017-12-03 18:47:31,L,R,td,ndom,dom,ndom,TD27
82,50,78,2017-12-03 18:47:31,R,R,td,dom,dom,dom,TD27
154,92,53,2017-12-03 18:47:32,R,R,td,dom,dom,dom,TD27
0,0,0,2017-12-03 18:47:32,L,R,td,ndom,dom,ndom,TD27
100,71,53,2017-12-03 18:47:33,R,R,td,dom,dom,dom,TD27
0,0,0,2017-12-03 18:47:33,L,R,td,ndom,dom,ndom,TD27
0,0,0,2017-12-03 18:47:34,L,R,td,ndom,dom,ndom,TD27
17,18,16,2017-12-03 18:47:34,R,R,td,dom,dom,dom,TD27
0,0,0,2017-12-03 18:47:35,L,R,td,ndom,dom,ndom,TD27
41,47,32,2017-12-03 18:47:35,R,R,td,dom,dom,dom,TD27
0,0,0,2017-12-03 18:47:36,L,R,td,ndom,dom,ndom,TD27
151,77,84,2017-12-03 18:47:36,R,R,td,dom,dom,dom,TD27
0,0,0,2017-12-03 18:47:37,L,R,td,ndom,dom,ndom,TD27
168,37,95,2017-12-03 18:47:37,R,R,td,dom,dom,dom,TD27
0,0,0,2017-12-03 18:47:38,L,R,td,ndom,dom,ndom,TD27
116,44,46,2017-12-03 18:47:38,R,R,td,dom,dom,dom,TD27
208,45,140,2017-12-03 18:47:39,R,R,td,dom,dom,dom,TD27
0,0,0,2017-12-03 18:47:39,L,R,td,ndom,dom,ndom,TD27
0,0,0,2017-12-03 18:47:40,L,R,td,ndom,dom,ndom,TD27
134,80,49,2017-12-03 18:47:40,R,R,td,dom,dom,dom,TD27
249,62,108,2017-12-03 18:47:41,R,R,td,dom,dom,dom,TD27
0,0,0,2017-12-03 18:47:41,L,R,td,ndom,dom,ndom,TD27
101,51,93,2017-12-03 18:47:42,R,R,td,dom,dom,dom,TD27
0,0,0,2017-12-03 18:47:42,L,R,td,ndom,dom,ndom,TD27
185,42,55,2017-12-03 18:47:43,R,R,td,dom,dom,dom,TD27
0,0,0,2017-12-03 18:47:43,L,R,td,ndom,dom,ndom,TD27
174,83,54,2017-12-03 18:47:44,R,R,td,dom,dom,dom,TD27
0,0,0,2017-12-03 18:47:44,L,R,td,ndom,dom,ndom,TD27
0,0,0,2017-12-03 18:47:45,L,R,td,ndom,dom,ndom,TD27
101,105,44,2017-12-03 18:47:45,R,R,td,dom,dom,dom,TD27
0,0,0,2017-12-03 18:47:46,L,R,td,ndom,dom,ndom,TD27
280,66,81,2017-12-03 18:47:46,R,R,td,dom,dom,dom,TD27
0,0,0,2017-12-03 18:47:47,L,R,td,ndom,dom,ndom,TD27
210,48,38,2017-12-03 18:47:47,R,R,td,dom,dom,dom,TD27
4,0,0,2017-12-03 18:47:48,L,R,td,ndom,dom,ndom,TD27
57,40,61,2017-12-03 18:47:48,R,R,td,dom,dom,dom,TD27
0,0,0,2017-12-03 18:47:49,L,R,td,ndom,dom,ndom,TD27
150,34,79,2017-12-03 18:47:49,R,R,td,dom,dom,dom,TD27
0,0,0,2017-12-03 18:47:50,L,R,td,ndom,dom,ndom,TD27
147,29,82,2017-12-03 18:47:50,R,R,td,dom,dom,dom,TD27
138,69,103,2017-12-03 18:47:51,R,R,td,dom,dom,dom,TD27
0,0,0,2017-12-03 18:47:51,L,R,td,ndom,dom,ndom,TD27
0,0,0,2017-12-03 18:47:52,L,R,td,ndom,dom,ndom,TD27
125,77,105,2017-12-03 18:47:52,R,R,td,dom,dom,dom,TD27
0,0,0,2017-12-03 18:47:53,L,R,td,ndom,dom,ndom,TD27
144,56,99,2017-12-03 18:47:53,R,R,td,dom,dom,dom,TD27
0,0,0,2017-12-03 18:47:54,L,R,td,ndom,dom,ndom,TD27
99,33,98,2017-12-03 18:47:54,R,R,td,dom,dom,dom,TD27
0,0,0,2017-12-03 18:47:55,L,R,td,ndom,dom,ndom,TD27
121,39,66,2017-12-03 18:47:55,R,R,td,dom,dom,dom,TD27
0,0,0,2017-12-03 18:47:56,L,R,td,ndom,dom,ndom,TD27
104,56,65,2017-12-03 18:47:56,R,R,td,dom,dom,dom,TD27
0,0,0,2017-12-03 18:47:57,L,R,td,ndom,dom,ndom,TD27
95,11,63,2017-12-03 18:47:57,R,R,td,dom,dom,dom,TD27
0,2,0,2017-12-03 18:47:58,L,R,td,ndom,dom,ndom,TD27
84,27,65,2017-12-03 18:47:58,R,R,td,dom,dom,dom,TD27
0,2,0,2017-12-03 18:47:59,L,R,td,ndom,dom,ndom,TD27
115,42,49,2017-12-03 18:47:59,R,R,td,dom,dom,dom,TD27
0,0,0,2017-12-03 18:48:00,L,R,td,ndom,dom,ndom,TD27
64,46,67,2017-12-03 18:48:00,R,R,td,dom,dom,dom,TD27
0,8,0,2017-12-03 18:48:01,L,R,td,ndom,dom,ndom,TD27
129,46,50,2017-12-03 18:48:01,R,R,td,dom,dom,dom,TD27
0,1,0,2017-12-03 18:48:02,L,R,td,ndom,dom,ndom,TD27
95,52,105,2017-12-03 18:48:02,R,R,td,dom,dom,dom,TD27
0,1,0,2017-12-03 18:48:03,L,R,td,ndom,dom,ndom,TD27
115,51,51,2017-12-03 18:48:03,R,R,td,dom,dom,dom,TD27
0,2,0,2017-12-03 18:48:04,L,R,td,ndom,dom,ndom,TD27
139,57,60,2017-12-03 18:48:04,R,R,td,dom,dom,dom,TD27
140,22,56,2017-12-03 18:48:05,R,R,td,dom,dom,dom,TD27
0,1,0,2017-12-03 18:48:05,L,R,td,ndom,dom,ndom,TD27
147,36,86,2017-12-03 18:48:06,R,R,td,dom,dom,dom,TD27
15,9,15,2017-12-03 18:48:06,L,R,td,ndom,dom,ndom,TD27
101,24,72,2017-12-03 18:48:07,R,R,td,dom,dom,dom,TD27
64,46,29,2017-12-03 18:48:07,L,R,td,ndom,dom,ndom,TD27
68,25,57,2017-12-03 18:48:08,R,R,td,dom,dom,dom,TD27
14,2,0,2017-12-03 18:48:08,L,R,td,ndom,dom,ndom,TD27
43,40,45,2017-12-03 18:48:09,R,R,td,dom,dom,dom,TD27
0,0,0,2017-12-03 18:48:09,L,R,td,ndom,dom,ndom,TD27
102,45,63,2017-12-03 18:48:10,R,R,td,dom,dom,dom,TD27
0,0,0,2017-12-03 18:48:10,L,R,td,ndom,dom,ndom,TD27
0,0,0,2017-12-03 18:48:11,L,R,td,ndom,dom,ndom,TD27
137,8,30,2017-12-03 18:48:11,R,R,td,dom,dom,dom,TD27
111,61,70,2017-12-03 18:48:12,R,R,td,dom,dom,dom,TD27
0,0,0,2017-12-03 18:48:12,L,R,td,ndom,dom,ndom,TD27
98,46,35,2017-12-03 18:48:13,R,R,td,dom,dom,dom,TD27
0,0,0,2017-12-03 18:48:13,L,R,td,ndom,dom,ndom,TD27
54,15,4,2017-12-03 18:48:14,L,R,td,ndom,dom,ndom,TD27
75,47,71,2017-12-03 18:48:14,R,R,td,dom,dom,dom,TD27
29,0,0,2017-12-03 18:48:15,L,R,td,ndom,dom,ndom,TD27
101,45,59,2017-12-03 18:48:15,R,R,td,dom,dom,dom,TD27
2,0,0,2017-12-03 18:48:16,L,R,td,ndom,dom,ndom,TD27
85,78,45,2017-12-03 18:48:16,R,R,td,dom,dom,dom,TD27
0,0,0,2017-12-03 18:48:17,L,R,td,ndom,dom,ndom,TD27
15,63,56,2017-12-03 18:48:17,R,R,td,dom,dom,dom,TD27
0,0,0,2017-12-03 18:48:18,L,R,td,ndom,dom,ndom,TD27
53,78,98,2017-12-03 18:48:18,R,R,td,dom,dom,dom,TD27
150,103,145,2017-12-03 18:48:19,R,R,td,dom,dom,dom,TD27
36,49,31,2017-12-03 18:48:19,L,R,td,ndom,dom,ndom,TD27
74,58,124,2017-12-03 18:48:20,L,R,td,ndom,dom,ndom,TD27
191,51,84,2017-12-03 18:48:20,R,R,td,dom,dom,dom,TD27
