Axis1,Axis2,Axis3,datetime,hand,hand_dominance,type,hand_type,session,hand_label,id
18,52,113,2017-10-23 17:40:25,R,L,ucp,ndom,ndom,ndom,UCP0
0,5,0,2017-10-23 17:40:25,L,L,ucp,dom,ndom,dom,UCP0
22,37,8,2017-10-23 17:40:26,L,L,ucp,dom,ndom,dom,UCP0
60,138,199,2017-10-23 17:40:26,R,L,ucp,ndom,ndom,ndom,UCP0
0,11,0,2017-10-23 17:40:27,L,L,ucp,dom,ndom,dom,UCP0
87,142,77,2017-10-23 17:40:27,R,L,ucp,ndom,ndom,ndom,UCP0
0,0,0,2017-10-23 17:40:28,L,L,ucp,dom,ndom,dom,UCP0
66,42,61,2017-10-23 17:40:28,R,L,ucp,ndom,ndom,ndom,UCP0
0,4,0,2017-10-23 17:40:29,L,L,ucp,dom,ndom,dom,UCP0
43,68,78,2017-10-23 17:40:29,R,L,ucp,ndom,ndom,ndom,UCP0
0,0,0,2017-10-23 17:40:30,L,L,ucp,dom,ndom,dom,UCP0
21,72,113,2017-10-23 17:40:30,R,L,ucp,ndom,ndom,ndom,UCP0
0,0,0,2017-10-23 17:40:31,L,L,ucp,dom,ndom,dom,UCP0
17,56,71,2017-10-23 17:40:31,R,L,ucp,ndom,ndom,ndom,UCP0
5,39,8,2017-10-23 17:40:32,L,L,ucp,dom,ndom,dom,UCP0
37,133,76,2017-10-23 17:40:32,R,L,ucp,ndom,ndom,ndom,UCP0
38,63,55,2017-10-23 17:40:33,R,L,ucp,ndom,ndom,ndom,UCP0
0,17,0,2017-10-23 17:40:33,L,L,ucp,dom,ndom,dom,UCP0
0,26,0,2017-10-23 17:40:34,L,L,ucp,dom,ndom,dom,UCP0
57,112,53,2017-10-23 17:40:34,R,L,ucp,ndom,ndom,ndom,UCP0
0,25,0,2017-10-23 17:40:35,L,L,ucp,dom,ndom,dom,UCP0
56,74,55,2017-10-23 17:40:35,R,L,ucp,ndom,ndom,ndom,UCP0
0,22,0,2017-10-23 17:40:36,L,L,ucp,dom,ndom,dom,UCP0
20,98,66,2017-10-23 17:40:36,R,L,ucp,ndom,ndom,ndom,UCP0
0,29,0,2017-10-23 17:40:37,L,L,ucp,dom,ndom,dom,UCP0
50,71,72,2017-10-23 17:40:37,R,L,ucp,ndom,ndom,ndom,UCP0
1,48,0,2017-10-23 17:40:38,L,L,ucp,dom,ndom,dom,UCP0
96,146,113,2017-10-23 17:40:38,R,L,ucp,ndom,ndom,ndom,UCP0
5,26,0,2017-10-23 17:40:39,L,L,ucp,dom,ndom,dom,UCP0
57,135,83,2017-10-23 17:40:39,R,L,ucp,ndom,ndom,ndom,UCP0
0,20,0,2017-10-23 17:40:40,L,L,ucp,dom,ndom,dom,UCP0
49,102,48,2017-10-23 17:40:40,R,L,ucp,ndom,ndom,ndom,UCP0
0,13,0,2017-10-23 17:40:41,L,L,ucp,dom,ndom,dom,UCP0
15,2,3,2017-10-23 17:40:41,R,L,ucp,ndom,ndom,ndom,UCP0
11,14,0,2017-10-23 17:40:42,L,L,ucp,dom,ndom,dom,UCP0
91,122,77,2017-10-23 17:40:42,R,L,ucp,ndom,ndom,ndom,UCP0
0,28,0,2017-10-23 17:40:43,L,L,ucp,dom,ndom,dom,UCP0
41,59,48,2017-10-23 17:40:43,R,L,ucp,ndom,ndom,ndom,UCP0
58,113,35,2017-10-23 17:40:44,R,L,ucp,ndom,ndom,ndom,UCP0
14,36,0,2017-10-23 17:40:44,L,L,ucp,dom,ndom,dom,UCP0
73,101,78,2017-10-23 17:40:45,R,L,ucp,ndom,ndom,ndom,UCP0
12,25,1,2017-10-23 17:40:45,L,L,ucp,dom,ndom,dom,UCP0
67,57,67,2017-10-23 17:40:46,R,L,ucp,ndom,ndom,ndom,UCP0
12,21,0,2017-10-23 17:40:46,L,L,ucp,dom,ndom,dom,UCP0
15,17,0,2017-10-23 17:40:47,L,L,ucp,dom,ndom,dom,UCP0
87,56,103,2017-10-23 17:40:47,R,L,ucp,ndom,ndom,ndom,UCP0
45,105,45,2017-10-23 17:40:48,R,L,ucp,ndom,ndom,ndom,UCP0
0,38,0,2017-10-23 17:40:48,L,L,ucp,dom,ndom,dom,UCP0
12,36,0,2017-10-23 17:40:49,L,L,ucp,dom,ndom,dom,UCP0
50,88,28,2017-10-23 17:40:49,R,L,ucp,ndom,ndom,ndom,UCP0
0,27,0,2017-10-23 17:40:50,L,L,ucp,dom,ndom,dom,UCP0
61,100,65,2017-10-23 17:40:50,R,L,ucp,ndom,ndom,ndom,UCP0
0,19,0,2017-10-23 17:40:51,L,L,ucp,dom,ndom,dom,UCP0
98,93,84,2017-10-23 17:40:51,R,L,ucp,ndom,ndom,ndom,UCP0
14,39,0,2017-10-23 17:40:52,L,L,ucp,dom,ndom,dom,UCP0
64,70,97,2017-10-23 17:40:52,R,L,ucp,ndom,ndom,ndom,UCP0
20,22,0,2017-10-23 17:40:53,L,L,ucp,dom,ndom,dom,UCP0
68,115,78,2017-10-23 17:40:53,R,L,ucp,ndom,ndom,ndom,UCP0
27,10,0,2017-10-23 17:40:54,L,L,ucp,dom,ndom,dom,UCP0
54,70,42,2017-10-23 17:40:54,R,L,ucp,ndom,ndom,ndom,UCP0
2,0,0,2017-10-23 17:40:55,L,L,ucp,dom,ndom,dom,UCP0
23,82,46,2017-10-23 17:40:55,R,L,ucp,ndom,ndom,ndom,UCP0
85,98,49,2017-10-23 17:40:56,R,L,ucp,ndom,ndom,ndom,UCP0
2,21,0,2017-10-23 17:40:56,L,L,ucp,dom,ndom,dom,UCP0
16,33,0,2017-10-23 17:40:57,L,L,ucp,dom,ndom,dom,UCP0
57,57,77,2017-10-23 17:40:57,R,L,ucp,ndom,ndom,ndom,UCP0
42,84,67,2017-10-23 17:40:58,R,L,ucp,ndom,ndom,ndom,UCP0
0,51,0,2017-10-23 17:40:58,L,L,ucp,dom,ndom,dom,UCP0
59,69,68,2017-10-23 17:40:59,R,L,ucp,ndom,ndom,ndom,UCP0
0,40,0,2017-10-23 17:40:59,L,L,ucp,dom,ndom,dom,UCP0
61,71,80,2017-10-23 17:41:00,R,L,ucp,ndom,ndom,ndom,UCP0
0,37,7,2017-10-23 17:41:00,L,L,ucp,dom,ndom,dom,UCP0
29,84,27,2017-10-23 17:41:01,R,L,ucp,ndom,ndom,ndom,UCP0
1,81,39,2017-10-23 17:41:01,L,L,ucp,dom,ndom,dom,UCP0
90,84,96,2017-10-23 17:41:02,R,L,ucp,ndom,ndom,ndom,UCP0
0,43,0,2017-10-23 17:41:02,L,L,ucp,dom,ndom,dom,UCP0
0,34,2,2017-10-23 17:41:03,L,L,ucp,dom,ndom,dom,UCP0
50,107,111,2017-10-23 17:41:03,R,L,ucp,ndom,ndom,ndom,UCP0
121,110,121,2017-10-23 17:41:04,R,L,ucp,ndom,ndom,ndom,UCP0
21,20,7,2017-10-23 17:41:04,L,L,ucp,dom,ndom,dom,UCP0
17,44,17,2017-10-23 17:41:05,R,L,ucp,ndom,ndom,ndom,UCP0
29,109,27,2017-10-23 17:41:05,L,L,ucp,dom,ndom,dom,UCP0
0,64,2,2017-10-23 17:41:06,L,L,ucp,dom,ndom,dom,UCP0
84,98,95,2017-10-23 17:41:06,R,L,ucp,ndom,ndom,ndom,UCP0
4,106,16,2017-10-23 17:41:07,L,L,ucp,dom,ndom,dom,UCP0
56,103,81,2017-10-23 17:41:07,R,L,ucp,ndom,ndom,ndom,UCP0
24,48,2,2017-10-23 17:41:08,L,L,ucp,dom,ndom,dom,UCP0
45,48,39,2017-10-23 17:41:08,R,L,ucp,ndom,ndom,ndom,UCP0
20,31,0,2017-10-23 17:41:09,L,L,ucp,dom,ndom,dom,UCP0
137,122,100,2017-10-23 17:41:09,R,L,ucp,ndom,ndom,ndom,UCP0
45,83,48,2017-10-23 17:41:10,R,L,ucp,ndom,ndom,ndom,UCP0
9,52,7,2017-10-23 17:41:10,L,L,ucp,dom,ndom,dom,UCP0
18,33,0,2017-10-23 17:41:11,L,L,ucp,dom,ndom,dom,UCP0
116,128,117,2017-10-23 17:41:11,R,L,ucp,ndom,ndom,ndom,UCP0
6,25,2,2017-10-23 17:41:12,L,L,ucp,dom,ndom,dom,UCP0
16,111,29,2017-10-23 17:41:12,R,L,ucp,ndom,ndom,ndom,UCP0
8,42,8,2017-10-23 17:41:13,L,L,ucp,dom,ndom,dom,UCP0
80,84,102,2017-10-23 17:41:13,R,L,ucp,ndom,ndom,ndom,UCP0
0,22,0,2017-10-23 17:41:14,L,L,ucp,dom,ndom,dom,UCP0
85,128,154,2017-10-23 17:41:14,R,L,ucp,ndom,ndom,ndom,UCP0
6,32,0,2017-10-23 17:41:15,L,L,ucp,dom,ndom,dom,UCP0
70,73,81,2017-10-23 17:41:15,R,L,ucp,ndom,ndom,ndom,UCP0
0,54,21,2017-10-23 17:41:16,L,L,ucp,dom,ndom,dom,UCP0
92,101,121,2017-10-23 17:41:16,R,L,ucp,ndom,ndom,ndom,UCP0
46,46,38,2017-10-23 17:41:17,R,L,ucp,ndom,ndom,ndom,UCP0
0,113,48,2017-10-23 17:41:17,L,L,ucp,dom,ndom,dom,UCP0
28,74,26,2017-10-23 17:41:18,L,L,ucp,dom,ndom,dom,UCP0
77,57,58,2017-10-23 17:41:18,R,L,ucp,ndom,ndom,ndom,UCP0
99,122,85,2017-10-23 17:41:19,R,L,ucp,ndom,ndom,ndom,UCP0
9,41,12,2017-10-23 17:41:19,L,L,ucp,dom,ndom,dom,UCP0
0,68,52,2017-10-23 17:41:20,L,L,ucp,dom,ndom,dom,UCP0
16,24,4,2017-10-23 17:41:20,R,L,ucp,ndom,ndom,ndom,UCP0
20,72,6,2017-10-23 17:41:21,L,L,ucp,dom,ndom,dom,UCP0
4,51,0,2017-10-23 17:41:21,R,L,ucp,ndom,ndom,ndom,UCP0
4,91,0,2017-10-23 17:41:22,L,L,ucp,dom,ndom,dom,UCP0
115,74,84,2017-10-23 17:41:22,R,L,ucp,ndom,ndom,ndom,UCP0
101,70,70,2017-10-23 17:41:23,R,L,ucp,ndom,ndom,ndom,UCP0
10,72,0,2017-10-23 17:41:23,L,L,ucp,dom,ndom,dom,UCP0
73,87,97,2017-10-23 17:41:24,R,L,ucp,ndom,ndom,ndom,UCP0
23,69,7,2017-10-23 17:41:24,L,L,ucp,dom,ndom,dom,UCP0
59,119,132,2017-10-23 17:41:25,R,L,ucp,ndom,ndom,ndom,UCP0
16,116,56,2017-10-23 17:41:25,L,L,ucp,dom,ndom,dom,UCP0
264,189,138,2017-10-23 17:42:35,L,L,ucp,dom,dom,dom,UCP0
41,42,28,2017-10-23 17:42:35,R,L,ucp,ndom,dom,ndom,UCP0
54,10,12,2017-10-23 17:42:36,R,L,ucp,ndom,dom,ndom,UCP0
204,173,71,2017-10-23 17:42:36,L,L,ucp,dom,dom,dom,UCP0
143,209,121,2017-10-23 17:42:37,L,L,ucp,dom,dom,dom,UCP0
55,11,7,2017-10-23 17:42:37,R,L,ucp,ndom,dom,ndom,UCP0
173,122,103,2017-10-23 17:42:38,L,L,ucp,dom,dom,dom,UCP0
50,4,14,2017-10-23 17:42:38,R,L,ucp,ndom,dom,ndom,UCP0
37,11,12,2017-10-23 17:42:39,R,L,ucp,ndom,dom,ndom,UCP0
168,156,118,2017-10-23 17:42:39,L,L,ucp,dom,dom,dom,UCP0
43,15,2,2017-10-23 17:42:40,R,L,ucp,ndom,dom,ndom,UCP0
144,108,110,2017-10-23 17:42:40,L,L,ucp,dom,dom,dom,UCP0
58,14,12,2017-10-23 17:42:41,R,L,ucp,ndom,dom,ndom,UCP0
206,208,160,2017-10-23 17:42:41,L,L,ucp,dom,dom,dom,UCP0
53,32,13,2017-10-23 17:42:42,R,L,ucp,ndom,dom,ndom,UCP0
171,164,92,2017-10-23 17:42:42,L,L,ucp,dom,dom,dom,UCP0
53,12,9,2017-10-23 17:42:43,R,L,ucp,ndom,dom,ndom,UCP0
212,233,96,2017-10-23 17:42:43,L,L,ucp,dom,dom,dom,UCP0
69,16,22,2017-10-23 17:42:44,R,L,ucp,ndom,dom,ndom,UCP0
174,211,148,2017-10-23 17:42:44,L,L,ucp,dom,dom,dom,UCP0
30,15,2,2017-10-23 17:42:45,R,L,ucp,ndom,dom,ndom,UCP0
189,245,97,2017-10-23 17:42:45,L,L,ucp,dom,dom,dom,UCP0
45,46,6,2017-10-23 17:42:46,R,L,ucp,ndom,dom,ndom,UCP0
172,206,169,2017-10-23 17:42:46,L,L,ucp,dom,dom,dom,UCP0
19,6,4,2017-10-23 17:42:47,R,L,ucp,ndom,dom,ndom,UCP0
93,94,52,2017-10-23 17:42:47,L,L,ucp,dom,dom,dom,UCP0
14,2,1,2017-10-23 17:42:48,R,L,ucp,ndom,dom,ndom,UCP0
151,80,54,2017-10-23 17:42:48,L,L,ucp,dom,dom,dom,UCP0
64,188,80,2017-10-23 17:42:49,L,L,ucp,dom,dom,dom,UCP0
28,26,0,2017-10-23 17:42:49,R,L,ucp,ndom,dom,ndom,UCP0
71,207,112,2017-10-23 17:42:50,L,L,ucp,dom,dom,dom,UCP0
1,0,0,2017-10-23 17:42:50,R,L,ucp,ndom,dom,ndom,UCP0
77,111,113,2017-10-23 17:42:51,L,L,ucp,dom,dom,dom,UCP0
7,0,0,2017-10-23 17:42:51,R,L,ucp,ndom,dom,ndom,UCP0
95,129,89,2017-10-23 17:42:52,L,L,ucp,dom,dom,dom,UCP0
6,2,0,2017-10-23 17:42:52,R,L,ucp,ndom,dom,ndom,UCP0
11,8,0,2017-10-23 17:42:53,R,L,ucp,ndom,dom,ndom,UCP0
145,180,147,2017-10-23 17:42:53,L,L,ucp,dom,dom,dom,UCP0
116,140,138,2017-10-23 17:42:54,L,L,ucp,dom,dom,dom,UCP0
38,1,10,2017-10-23 17:42:54,R,L,ucp,ndom,dom,ndom,UCP0
10,9,0,2017-10-23 17:42:55,R,L,ucp,ndom,dom,ndom,UCP0
146,123,113,2017-10-23 17:42:55,L,L,ucp,dom,dom,dom,UCP0
27,24,13,2017-10-23 17:42:56,R,L,ucp,ndom,dom,ndom,UCP0
126,123,52,2017-10-23 17:42:56,L,L,ucp,dom,dom,dom,UCP0
115,88,99,2017-10-23 17:42:57,L,L,ucp,dom,dom,dom,UCP0
14,12,0,2017-10-23 17:42:57,R,L,ucp,ndom,dom,ndom,UCP0
21,15,0,2017-10-23 17:42:58,R,L,ucp,ndom,dom,ndom,UCP0
91,82,82,2017-10-23 17:42:58,L,L,ucp,dom,dom,dom,UCP0
104,81,71,2017-10-23 17:42:59,L,L,ucp,dom,dom,dom,UCP0
26,14,2,2017-10-23 17:42:59,R,L,ucp,ndom,dom,ndom,UCP0
75,76,76,2017-10-23 17:43:00,L,L,ucp,dom,dom,dom,UCP0
20,8,0,2017-10-23 17:43:00,R,L,ucp,ndom,dom,ndom,UCP0
153,135,114,2017-10-23 17:43:01,L,L,ucp,dom,dom,dom,UCP0
23,3,2,2017-10-23 17:43:01,R,L,ucp,ndom,dom,ndom,UCP0
35,4,4,2017-10-23 17:43:02,R,L,ucp,ndom,dom,ndom,UCP0
204,160,54,2017-10-23 17:43:02,L,L,ucp,dom,dom,dom,UCP0
51,7,8,2017-10-23 17:43:03,R,L,ucp,ndom,dom,ndom,UCP0
214,165,165,2017-10-23 17:43:03,L,L,ucp,dom,dom,dom,UCP0
43,43,8,2017-10-23 17:43:04,R,L,ucp,ndom,dom,ndom,UCP0
181,261,157,2017-10-23 17:43:04,L,L,ucp,dom,dom,dom,UCP0
43,17,0,2017-10-23 17:43:05,R,L,ucp,ndom,dom,ndom,UCP0
90,162,49,2017-10-23 17:43:05,L,L,ucp,dom,dom,dom,UCP0
11,1,0,2017-10-23 17:43:06,R,L,ucp,ndom,dom,ndom,UCP0
36,86,57,2017-10-23 17:43:06,L,L,ucp,dom,dom,dom,UCP0
96,143,76,2017-10-23 17:43:07,L,L,ucp,dom,dom,dom,UCP0
9,2,0,2017-10-23 17:43:07,R,L,ucp,ndom,dom,ndom,UCP0
137,199,168,2017-10-23 17:43:08,L,L,ucp,dom,dom,dom,UCP0
12,0,0,2017-10-23 17:43:08,R,L,ucp,ndom,dom,ndom,UCP0
30,13,0,2017-10-23 17:43:09,R,L,ucp,ndom,dom,ndom,UCP0
89,134,87,2017-10-23 17:43:09,L,L,ucp,dom,dom,dom,UCP0
33,0,0,2017-10-23 17:43:10,R,L,ucp,ndom,dom,ndom,UCP0
97,137,114,2017-10-23 17:43:10,L,L,ucp,dom,dom,dom,UCP0
15,5,0,2017-10-23 17:43:11,R,L,ucp,ndom,dom,ndom,UCP0
152,200,133,2017-10-23 17:43:11,L,L,ucp,dom,dom,dom,UCP0
25,15,0,2017-10-23 17:43:12,R,L,ucp,ndom,dom,ndom,UCP0
167,125,112,2017-10-23 17:43:12,L,L,ucp,dom,dom,dom,UCP0
28,20,0,2017-10-23 17:43:13,R,L,ucp,ndom,dom,ndom,UCP0
53,59,33,2017-10-23 17:43:13,L,L,ucp,dom,dom,dom,UCP0
12,8,4,2017-10-23 17:43:14,R,L,ucp,ndom,dom,ndom,UCP0
201,226,144,2017-10-23 17:43:14,L,L,ucp,dom,dom,dom,UCP0
42,8,2,2017-10-23 17:43:15,R,L,ucp,ndom,dom,ndom,UCP0
171,156,55,2017-10-23 17:43:15,L,L,ucp,dom,dom,dom,UCP0
28,29,9,2017-10-23 17:43:16,R,L,ucp,ndom,dom,ndom,UCP0
96,132,63,2017-10-23 17:43:16,L,L,ucp,dom,dom,dom,UCP0
24,17,0,2017-10-23 17:43:17,R,L,ucp,ndom,dom,ndom,UCP0
134,125,108,2017-10-23 17:43:17,L,L,ucp,dom,dom,dom,UCP0
54,42,1,2017-10-23 17:43:18,R,L,ucp,ndom,dom,ndom,UCP0
129,140,140,2017-10-23 17:43:18,L,L,ucp,dom,dom,dom,UCP0
56,31,4,2017-10-23 17:43:19,R,L,ucp,ndom,dom,ndom,UCP0
121,127,99,2017-10-23 17:43:19,L,L,ucp,dom,dom,dom,UCP0
23,8,4,2017-10-23 17:43:20,R,L,ucp,ndom,dom,ndom,UCP0
86,127,109,2017-10-23 17:43:20,L,L,ucp,dom,dom,dom,UCP0
123,230,147,2017-10-23 17:43:21,L,L,ucp,dom,dom,dom,UCP0
21,8,0,2017-10-23 17:43:21,R,L,ucp,ndom,dom,ndom,UCP0
111,204,171,2017-10-23 17:43:22,L,L,ucp,dom,dom,dom,UCP0
22,17,0,2017-10-23 17:43:22,R,L,ucp,ndom,dom,ndom,UCP0
42,9,0,2017-10-23 17:43:23,R,L,ucp,ndom,dom,ndom,UCP0
66,178,84,2017-10-23 17:43:23,L,L,ucp,dom,dom,dom,UCP0
19,21,0,2017-10-23 17:43:24,R,L,ucp,ndom,dom,ndom,UCP0
62,103,106,2017-10-23 17:43:24,L,L,ucp,dom,dom,dom,UCP0
64,177,110,2017-10-23 17:43:25,L,L,ucp,dom,dom,dom,UCP0
8,10,0,2017-10-23 17:43:25,R,L,ucp,ndom,dom,ndom,UCP0
81,153,97,2017-10-23 17:43:26,L,L,ucp,dom,dom,dom,UCP0
30,11,0,2017-10-23 17:43:26,R,L,ucp,ndom,dom,ndom,UCP0
86,136,124,2017-10-23 17:43:27,L,L,ucp,dom,dom,dom,UCP0
17,10,0,2017-10-23 17:43:27,R,L,ucp,ndom,dom,ndom,UCP0
69,64,120,2017-10-23 17:43:28,L,L,ucp,dom,dom,dom,UCP0
10,0,1,2017-10-23 17:43:28,R,L,ucp,ndom,dom,ndom,UCP0
11,4,0,2017-10-23 17:43:29,R,L,ucp,ndom,dom,ndom,UCP0
108,120,107,2017-10-23 17:43:29,L,L,ucp,dom,dom,dom,UCP0
19,19,3,2017-10-23 17:43:30,R,L,ucp,ndom,dom,ndom,UCP0
66,167,85,2017-10-23 17:43:30,L,L,ucp,dom,dom,dom,UCP0
7,0,0,2017-10-23 17:43:31,R,L,ucp,ndom,dom,ndom,UCP0
63,105,95,2017-10-23 17:43:31,L,L,ucp,dom,dom,dom,UCP0
13,0,0,2017-10-23 17:43:32,R,L,ucp,ndom,dom,ndom,UCP0
78,190,68,2017-10-23 17:43:32,L,L,ucp,dom,dom,dom,UCP0
72,100,55,2017-10-23 17:43:33,L,L,ucp,dom,dom,dom,UCP0
16,0,0,2017-10-23 17:43:33,R,L,ucp,ndom,dom,ndom,UCP0
75,132,150,2017-10-23 17:43:34,L,L,ucp,dom,dom,dom,UCP0
11,0,0,2017-10-23 17:43:34,R,L,ucp,ndom,dom,ndom,UCP0
258,123,143,2017-10-23 17:43:35,L,L,ucp,dom,dom,dom,UCP0
22,12,13,2017-10-23 17:43:35,R,L,ucp,ndom,dom,ndom,UCP0
13,22,15,2016-11-19 16:04:40,R,R,ucp,dom,ndom,dom,UCP1
107,111,70,2016-11-19 16:04:40,L,R,ucp,ndom,ndom,ndom,UCP1
72,71,104,2016-11-19 16:04:41,L,R,ucp,ndom,ndom,ndom,UCP1
16,70,28,2016-11-19 16:04:41,R,R,ucp,dom,ndom,dom,UCP1
159,52,95,2016-11-19 16:04:42,L,R,ucp,ndom,ndom,ndom,UCP1
0,60,4,2016-11-19 16:04:42,R,R,ucp,dom,ndom,dom,UCP1
16,25,0,2016-11-19 16:04:43,R,R,ucp,dom,ndom,dom,UCP1
75,97,79,2016-11-19 16:04:43,L,R,ucp,ndom,ndom,ndom,UCP1
189,60,103,2016-11-19 16:04:44,L,R,ucp,ndom,ndom,ndom,UCP1
0,16,0,2016-11-19 16:04:44,R,R,ucp,dom,ndom,dom,UCP1
28,61,27,2016-11-19 16:04:45,R,R,ucp,dom,ndom,dom,UCP1
154,36,88,2016-11-19 16:04:45,L,R,ucp,ndom,ndom,ndom,UCP1
0,34,0,2016-11-19 16:04:46,R,R,ucp,dom,ndom,dom,UCP1
113,53,124,2016-11-19 16:04:46,L,R,ucp,ndom,ndom,ndom,UCP1
100,79,89,2016-11-19 16:04:47,L,R,ucp,ndom,ndom,ndom,UCP1
0,22,0,2016-11-19 16:04:47,R,R,ucp,dom,ndom,dom,UCP1
41,36,60,2016-11-19 16:04:48,L,R,ucp,ndom,ndom,ndom,UCP1
0,22,4,2016-11-19 16:04:48,R,R,ucp,dom,ndom,dom,UCP1
0,29,5,2016-11-19 16:04:49,R,R,ucp,dom,ndom,dom,UCP1
53,143,9,2016-11-19 16:04:49,L,R,ucp,ndom,ndom,ndom,UCP1
6,31,26,2016-11-19 16:04:50,R,R,ucp,dom,ndom,dom,UCP1
100,49,71,2016-11-19 16:04:50,L,R,ucp,ndom,ndom,ndom,UCP1
101,114,99,2016-11-19 16:04:51,L,R,ucp,ndom,ndom,ndom,UCP1
0,0,0,2016-11-19 16:04:51,R,R,ucp,dom,ndom,dom,UCP1
73,126,51,2016-11-19 16:04:52,L,R,ucp,ndom,ndom,ndom,UCP1
0,6,0,2016-11-19 16:04:52,R,R,ucp,dom,ndom,dom,UCP1
70,72,37,2016-11-19 16:04:53,L,R,ucp,ndom,ndom,ndom,UCP1
11,0,19,2016-11-19 16:04:53,R,R,ucp,dom,ndom,dom,UCP1
181,66,138,2016-11-19 16:04:54,L,R,ucp,ndom,ndom,ndom,UCP1
0,2,1,2016-11-19 16:04:54,R,R,ucp,dom,ndom,dom,UCP1
136,65,99,2016-11-19 16:04:55,L,R,ucp,ndom,ndom,ndom,UCP1
0,21,46,2016-11-19 16:04:55,R,R,ucp,dom,ndom,dom,UCP1
83,66,154,2016-11-19 16:04:56,L,R,ucp,ndom,ndom,ndom,UCP1
0,0,8,2016-11-19 16:04:56,R,R,ucp,dom,ndom,dom,UCP1
9,0,35,2016-11-19 16:04:57,R,R,ucp,dom,ndom,dom,UCP1
129,85,75,2016-11-19 16:04:57,L,R,ucp,ndom,ndom,ndom,UCP1
85,65,69,2016-11-19 16:04:58,L,R,ucp,ndom,ndom,ndom,UCP1
0,0,1,2016-11-19 16:04:58,R,R,ucp,dom,ndom,dom,UCP1
84,40,125,2016-11-19 16:04:59,L,R,ucp,ndom,ndom,ndom,UCP1
15,0,3,2016-11-19 16:04:59,R,R,ucp,dom,ndom,dom,UCP1
145,37,48,2016-11-19 16:05:00,L,R,ucp,ndom,ndom,ndom,UCP1
0,0,11,2016-11-19 16:05:00,R,R,ucp,dom,ndom,dom,UCP1
75,32,85,2016-11-19 16:05:01,L,R,ucp,ndom,ndom,ndom,UCP1
8,0,15,2016-11-19 16:05:01,R,R,ucp,dom,ndom,dom,UCP1
21,0,26,2016-11-19 16:05:02,R,R,ucp,dom,ndom,dom,UCP1
136,37,105,2016-11-19 16:05:02,L,R,ucp,ndom,ndom,ndom,UCP1
9,0,53,2016-11-19 16:05:03,R,R,ucp,dom,ndom,dom,UCP1
70,50,82,2016-11-19 16:05:03,L,R,ucp,ndom,ndom,ndom,UCP1
3,0,33,2016-11-19 16:05:04,R,R,ucp,dom,ndom,dom,UCP1
154,43,135,2016-11-19 16:05:04,L,R,ucp,ndom,ndom,ndom,UCP1
4,0,28,2016-11-19 16:05:05,R,R,ucp,dom,ndom,dom,UCP1
72,69,64,2016-11-19 16:05:05,L,R,ucp,ndom,ndom,ndom,UCP1
0,0,10,2016-11-19 16:05:06,R,R,ucp,dom,ndom,dom,UCP1
64,8,27,2016-11-19 16:05:06,L,R,ucp,ndom,ndom,ndom,UCP1
1,0,0,2016-11-19 16:05:07,R,R,ucp,dom,ndom,dom,UCP1
33,68,60,2016-11-19 16:05:07,L,R,ucp,ndom,ndom,ndom,UCP1
95,108,117,2016-11-19 16:05:08,L,R,ucp,ndom,ndom,ndom,UCP1
5,51,108,2016-11-19 16:05:08,R,R,ucp,dom,ndom,dom,UCP1
66,96,88,2016-11-19 16:05:09,L,R,ucp,ndom,ndom,ndom,UCP1
10,53,69,2016-11-19 16:05:09,R,R,ucp,dom,ndom,dom,UCP1
104,135,104,2016-11-19 16:05:10,L,R,ucp,ndom,ndom,ndom,UCP1
0,3,52,2016-11-19 16:05:10,R,R,ucp,dom,ndom,dom,UCP1
3,0,3,2016-11-19 16:05:11,R,R,ucp,dom,ndom,dom,UCP1
16,39,41,2016-11-19 16:05:11,L,R,ucp,ndom,ndom,ndom,UCP1
41,47,15,2016-11-19 16:05:12,L,R,ucp,ndom,ndom,ndom,UCP1
12,6,5,2016-11-19 16:05:12,R,R,ucp,dom,ndom,dom,UCP1
0,0,32,2016-11-19 16:05:13,R,R,ucp,dom,ndom,dom,UCP1
65,68,95,2016-11-19 16:05:13,L,R,ucp,ndom,ndom,ndom,UCP1
12,7,30,2016-11-19 16:05:14,R,R,ucp,dom,ndom,dom,UCP1
80,71,113,2016-11-19 16:05:14,L,R,ucp,ndom,ndom,ndom,UCP1
49,68,120,2016-11-19 16:05:15,L,R,ucp,ndom,ndom,ndom,UCP1
1,27,44,2016-11-19 16:05:15,R,R,ucp,dom,ndom,dom,UCP1
67,67,122,2016-11-19 16:05:16,L,R,ucp,ndom,ndom,ndom,UCP1
0,29,62,2016-11-19 16:05:16,R,R,ucp,dom,ndom,dom,UCP1
135,75,98,2016-11-19 16:05:17,L,R,ucp,ndom,ndom,ndom,UCP1
0,0,0,2016-11-19 16:05:17,R,R,ucp,dom,ndom,dom,UCP1
20,22,52,2016-11-19 16:05:18,R,R,ucp,dom,ndom,dom,UCP1
70,54,68,2016-11-19 16:05:18,L,R,ucp,ndom,ndom,ndom,UCP1
22,16,39,2016-11-19 16:05:19,R,R,ucp,dom,ndom,dom,UCP1
48,107,59,2016-11-19 16:05:19,L,R,ucp,ndom,ndom,ndom,UCP1
2,0,21,2016-11-19 16:05:20,R,R,ucp,dom,ndom,dom,UCP1
97,133,124,2016-11-19 16:05:20,L,R,ucp,ndom,ndom,ndom,UCP1
6,3,34,2016-11-19 16:05:21,R,R,ucp,dom,ndom,dom,UCP1
48,106,63,2016-11-19 16:05:21,L,R,ucp,ndom,ndom,ndom,UCP1
7,4,25,2016-11-19 16:05:22,R,R,ucp,dom,ndom,dom,UCP1
75,103,112,2016-11-19 16:05:22,L,R,ucp,ndom,ndom,ndom,UCP1
0,0,10,2016-11-19 16:05:23,R,R,ucp,dom,ndom,dom,UCP1
90,143,69,2016-11-19 16:05:23,L,R,ucp,ndom,ndom,ndom,UCP1
43,83,62,2016-11-19 16:05:24,L,R,ucp,ndom,ndom,ndom,UCP1
6,1,19,2016-11-19 16:05:24,R,R,ucp,dom,ndom,dom,UCP1
30,52,52,2016-11-19 16:05:25,L,R,ucp,ndom,ndom,ndom,UCP1
0,0,8,2016-11-19 16:05:25,R,R,ucp,dom,ndom,dom,UCP1
94,102,78,2016-11-19 16:05:26,L,R,ucp,ndom,ndom,ndom,UCP1
47,54,48,2016-11-19 16:05:26,R,R,ucp,dom,ndom,dom,UCP1
22,62,114,2016-11-19 16:05:27,R,R,ucp,dom,ndom,dom,UCP1
73,105,81,2016-11-19 16:05:27,L,R,ucp,ndom,ndom,ndom,UCP1
0,22,66,2016-11-19 16:05:28,R,R,ucp,dom,ndom,dom,UCP1
90,92,77,2016-11-19 16:05:28,L,R,ucp,ndom,ndom,ndom,UCP1
15,14,52,2016-11-19 16:05:29,R,R,ucp,dom,ndom,dom,UCP1
41,33,27,2016-11-19 16:05:29,L,R,ucp,ndom,ndom,ndom,UCP1
3,3,29,2016-11-19 16:05:30,R,R,ucp,dom,ndom,dom,UCP1
54,69,35,2016-11-19 16:05:30,L,R,ucp,ndom,ndom,ndom,UCP1
16,32,36,2016-11-19 16:05:31,R,R,ucp,dom,ndom,dom,UCP1
40,80,35,2016-11-19 16:05:31,L,R,ucp,ndom,ndom,ndom,UCP1
6,6,31,2016-11-19 16:05:32,R,R,ucp,dom,ndom,dom,UCP1
94,99,99,2016-11-19 16:05:32,L,R,ucp,ndom,ndom,ndom,UCP1
25,37,34,2016-11-19 16:05:33,L,R,ucp,ndom,ndom,ndom,UCP1
9,4,50,2016-11-19 16:05:33,R,R,ucp,dom,ndom,dom,UCP1
4,7,41,2016-11-19 16:05:34,R,R,ucp,dom,ndom,dom,UCP1
69,95,112,2016-11-19 16:05:34,L,R,ucp,ndom,ndom,ndom,UCP1
12,31,72,2016-11-19 16:05:35,R,R,ucp,dom,ndom,dom,UCP1
96,102,91,2016-11-19 16:05:35,L,R,ucp,ndom,ndom,ndom,UCP1
51,3,72,2016-11-19 16:05:36,R,R,ucp,dom,ndom,dom,UCP1
76,59,90,2016-11-19 16:05:36,L,R,ucp,ndom,ndom,ndom,UCP1
25,3,63,2016-11-19 16:05:37,R,R,ucp,dom,ndom,dom,UCP1
118,44,158,2016-11-19 16:05:37,L,R,ucp,ndom,ndom,ndom,UCP1
9,0,13,2016-11-19 16:05:38,R,R,ucp,dom,ndom,dom,UCP1
69,112,38,2016-11-19 16:05:38,L,R,ucp,ndom,ndom,ndom,UCP1
89,241,66,2016-11-19 16:05:39,R,R,ucp,dom,ndom,dom,UCP1
60,26,59,2016-11-19 16:05:39,L,R,ucp,ndom,ndom,ndom,UCP1
96,114,122,2016-11-19 16:05:40,R,R,ucp,dom,ndom,dom,UCP1
99,42,114,2016-11-19 16:05:40,L,R,ucp,ndom,ndom,ndom,UCP1
318,41,114,2016-11-19 16:07:00,R,R,ucp,dom,dom,dom,UCP1
0,0,0,2016-11-19 16:07:00,L,R,ucp,ndom,dom,ndom,UCP1
0,0,0,2016-11-19 16:07:01,L,R,ucp,ndom,dom,ndom,UCP1
175,55,138,2016-11-19 16:07:01,R,R,ucp,dom,dom,dom,UCP1
0,19,5,2016-11-19 16:07:02,L,R,ucp,ndom,dom,ndom,UCP1
255,44,116,2016-11-19 16:07:02,R,R,ucp,dom,dom,dom,UCP1
175,57,110,2016-11-19 16:07:03,R,R,ucp,dom,dom,dom,UCP1
0,20,0,2016-11-19 16:07:03,L,R,ucp,ndom,dom,ndom,UCP1
193,41,143,2016-11-19 16:07:04,R,R,ucp,dom,dom,dom,UCP1
0,26,4,2016-11-19 16:07:04,L,R,ucp,ndom,dom,ndom,UCP1
0,0,0,2016-11-19 16:07:05,L,R,ucp,ndom,dom,ndom,UCP1
246,26,114,2016-11-19 16:07:05,R,R,ucp,dom,dom,dom,UCP1
230,38,101,2016-11-19 16:07:06,R,R,ucp,dom,dom,dom,UCP1
0,18,0,2016-11-19 16:07:06,L,R,ucp,ndom,dom,ndom,UCP1
191,47,132,2016-11-19 16:07:07,R,R,ucp,dom,dom,dom,UCP1
0,10,0,2016-11-19 16:07:07,L,R,ucp,ndom,dom,ndom,UCP1
182,56,99,2016-11-19 16:07:08,R,R,ucp,dom,dom,dom,UCP1
0,6,0,2016-11-19 16:07:08,L,R,ucp,ndom,dom,ndom,UCP1
288,77,112,2016-11-19 16:07:09,R,R,ucp,dom,dom,dom,UCP1
0,15,11,2016-11-19 16:07:09,L,R,ucp,ndom,dom,ndom,UCP1
0,37,20,2016-11-19 16:07:10,L,R,ucp,ndom,dom,ndom,UCP1
158,98,109,2016-11-19 16:07:10,R,R,ucp,dom,dom,dom,UCP1
5,0,0,2016-11-19 16:07:11,L,R,ucp,ndom,dom,ndom,UCP1
144,74,106,2016-11-19 16:07:11,R,R,ucp,dom,dom,dom,UCP1
0,10,24,2016-11-19 16:07:12,L,R,ucp,ndom,dom,ndom,UCP1
307,37,77,2016-11-19 16:07:12,R,R,ucp,dom,dom,dom,UCP1
2,17,16,2016-11-19 16:07:13,L,R,ucp,ndom,dom,ndom,UCP1
194,28,84,2016-11-19 16:07:13,R,R,ucp,dom,dom,dom,UCP1
215,58,127,2016-11-19 16:07:14,R,R,ucp,dom,dom,dom,UCP1
7,3,32,2016-11-19 16:07:14,L,R,ucp,ndom,dom,ndom,UCP1
320,82,112,2016-11-19 16:07:15,R,R,ucp,dom,dom,dom,UCP1
3,7,32,2016-11-19 16:07:15,L,R,ucp,ndom,dom,ndom,UCP1
197,32,156,2016-11-19 16:07:16,R,R,ucp,dom,dom,dom,UCP1
9,1,15,2016-11-19 16:07:16,L,R,ucp,ndom,dom,ndom,UCP1
1,6,23,2016-11-19 16:07:17,L,R,ucp,ndom,dom,ndom,UCP1
209,37,138,2016-11-19 16:07:17,R,R,ucp,dom,dom,dom,UCP1
0,0,0,2016-11-19 16:07:18,L,R,ucp,ndom,dom,ndom,UCP1
164,61,112,2016-11-19 16:07:18,R,R,ucp,dom,dom,dom,UCP1
5,0,13,2016-11-19 16:07:19,L,R,ucp,ndom,dom,ndom,UCP1
193,39,123,2016-11-19 16:07:19,R,R,ucp,dom,dom,dom,UCP1
2,0,23,2016-11-19 16:07:20,L,R,ucp,ndom,dom,ndom,UCP1
243,47,110,2016-11-19 16:07:20,R,R,ucp,dom,dom,dom,UCP1
9,10,14,2016-11-19 16:07:21,L,R,ucp,ndom,dom,ndom,UCP1
163,94,51,2016-11-19 16:07:21,R,R,ucp,dom,dom,dom,UCP1
197,123,120,2016-11-19 16:07:22,R,R,ucp,dom,dom,dom,UCP1
6,0,32,2016-11-19 16:07:22,L,R,ucp,ndom,dom,ndom,UCP1
0,0,24,2016-11-19 16:07:23,L,R,ucp,ndom,dom,ndom,UCP1
103,45,67,2016-11-19 16:07:23,R,R,ucp,dom,dom,dom,UCP1
0,0,19,2016-11-19 16:07:24,L,R,ucp,ndom,dom,ndom,UCP1
221,48,126,2016-11-19 16:07:24,R,R,ucp,dom,dom,dom,UCP1
0,7,13,2016-11-19 16:07:25,L,R,ucp,ndom,dom,ndom,UCP1
137,35,69,2016-11-19 16:07:25,R,R,ucp,dom,dom,dom,UCP1
0,1,0,2016-11-19 16:07:26,L,R,ucp,ndom,dom,ndom,UCP1
195,61,65,2016-11-19 16:07:26,R,R,ucp,dom,dom,dom,UCP1
133,76,98,2016-11-19 16:07:27,R,R,ucp,dom,dom,dom,UCP1
0,0,0,2016-11-19 16:07:27,L,R,ucp,ndom,dom,ndom,UCP1
185,54,124,2016-11-19 16:07:28,R,R,ucp,dom,dom,dom,UCP1
0,7,17,2016-11-19 16:07:28,L,R,ucp,ndom,dom,ndom,UCP1
0,0,2,2016-11-19 16:07:29,L,R,ucp,ndom,dom,ndom,UCP1
179,60,134,2016-11-19 16:07:29,R,R,ucp,dom,dom,dom,UCP1
4,0,5,2016-11-19 16:07:30,L,R,ucp,ndom,dom,ndom,UCP1
188,40,111,2016-11-19 16:07:30,R,R,ucp,dom,dom,dom,UCP1
154,49,89,2016-11-19 16:07:31,R,R,ucp,dom,dom,dom,UCP1
0,0,4,2016-11-19 16:07:31,L,R,ucp,ndom,dom,ndom,UCP1
0,9,16,2016-11-19 16:07:32,L,R,ucp,ndom,dom,ndom,UCP1
236,83,113,2016-11-19 16:07:32,R,R,ucp,dom,dom,dom,UCP1
3,0,0,2016-11-19 16:07:33,L,R,ucp,ndom,dom,ndom,UCP1
79,57,87,2016-11-19 16:07:33,R,R,ucp,dom,dom,dom,UCP1
0,1,0,2016-11-19 16:07:34,L,R,ucp,ndom,dom,ndom,UCP1
86,108,38,2016-11-19 16:07:34,R,R,ucp,dom,dom,dom,UCP1
0,5,5,2016-11-19 16:07:35,L,R,ucp,ndom,dom,ndom,UCP1
168,53,126,2016-11-19 16:07:35,R,R,ucp,dom,dom,dom,UCP1
0,8,3,2016-11-19 16:07:36,L,R,ucp,ndom,dom,ndom,UCP1
134,49,82,2016-11-19 16:07:36,R,R,ucp,dom,dom,dom,UCP1
0,0,6,2016-11-19 16:07:37,L,R,ucp,ndom,dom,ndom,UCP1
143,61,107,2016-11-19 16:07:37,R,R,ucp,dom,dom,dom,UCP1
168,51,119,2016-11-19 16:07:38,R,R,ucp,dom,dom,dom,UCP1
4,0,0,2016-11-19 16:07:38,L,R,ucp,ndom,dom,ndom,UCP1
143,63,93,2016-11-19 16:07:39,R,R,ucp,dom,dom,dom,UCP1
0,4,5,2016-11-19 16:07:39,L,R,ucp,ndom,dom,ndom,UCP1
170,41,103,2016-11-19 16:07:40,R,R,ucp,dom,dom,dom,UCP1
0,2,6,2016-11-19 16:07:40,L,R,ucp,ndom,dom,ndom,UCP1
0,4,5,2016-11-19 16:07:41,L,R,ucp,ndom,dom,ndom,UCP1
224,45,134,2016-11-19 16:07:41,R,R,ucp,dom,dom,dom,UCP1
2,15,53,2016-11-19 16:07:42,L,R,ucp,ndom,dom,ndom,UCP1
272,69,137,2016-11-19 16:07:42,R,R,ucp,dom,dom,dom,UCP1
220,45,123,2016-11-19 16:07:43,R,R,ucp,dom,dom,dom,UCP1
9,6,12,2016-11-19 16:07:43,L,R,ucp,ndom,dom,ndom,UCP1
210,63,150,2016-11-19 16:07:44,R,R,ucp,dom,dom,dom,UCP1
14,4,0,2016-11-19 16:07:44,L,R,ucp,ndom,dom,ndom,UCP1
198,33,128,2016-11-19 16:07:45,R,R,ucp,dom,dom,dom,UCP1
10,0,13,2016-11-19 16:07:45,L,R,ucp,ndom,dom,ndom,UCP1
0,0,0,2016-11-19 16:07:46,L,R,ucp,ndom,dom,ndom,UCP1
195,82,129,2016-11-19 16:07:46,R,R,ucp,dom,dom,dom,UCP1
168,71,128,2016-11-19 16:07:47,R,R,ucp,dom,dom,dom,UCP1
5,4,7,2016-11-19 16:07:47,L,R,ucp,ndom,dom,ndom,UCP1
186,116,102,2016-11-19 16:07:48,R,R,ucp,dom,dom,dom,UCP1
2,6,5,2016-11-19 16:07:48,L,R,ucp,ndom,dom,ndom,UCP1
203,88,147,2016-11-19 16:07:49,R,R,ucp,dom,dom,dom,UCP1
12,8,5,2016-11-19 16:07:49,L,R,ucp,ndom,dom,ndom,UCP1
176,35,139,2016-11-19 16:07:50,R,R,ucp,dom,dom,dom,UCP1
0,0,0,2016-11-19 16:07:50,L,R,ucp,ndom,dom,ndom,UCP1
144,32,79,2016-11-19 16:07:51,R,R,ucp,dom,dom,dom,UCP1
2,1,0,2016-11-19 16:07:51,L,R,ucp,ndom,dom,ndom,UCP1
105,58,92,2016-11-19 16:07:52,R,R,ucp,dom,dom,dom,UCP1
8,1,10,2016-11-19 16:07:52,L,R,ucp,ndom,dom,ndom,UCP1
135,32,118,2016-11-19 16:07:53,R,R,ucp,dom,dom,dom,UCP1
6,0,0,2016-11-19 16:07:53,L,R,ucp,ndom,dom,ndom,UCP1
117,39,96,2016-11-19 16:07:54,R,R,ucp,dom,dom,dom,UCP1
6,0,5,2016-11-19 16:07:54,L,R,ucp,ndom,dom,ndom,UCP1
114,55,98,2016-11-19 16:07:55,R,R,ucp,dom,dom,dom,UCP1
14,11,14,2016-11-19 16:07:55,L,R,ucp,ndom,dom,ndom,UCP1
84,97,75,2016-11-19 16:07:56,R,R,ucp,dom,dom,dom,UCP1
9,2,0,2016-11-19 16:07:56,L,R,ucp,ndom,dom,ndom,UCP1
126,70,83,2016-11-19 16:07:57,R,R,ucp,dom,dom,dom,UCP1
19,1,33,2016-11-19 16:07:57,L,R,ucp,ndom,dom,ndom,UCP1
199,71,107,2016-11-19 16:07:58,R,R,ucp,dom,dom,dom,UCP1
84,115,121,2016-11-19 16:07:58,L,R,ucp,ndom,dom,ndom,UCP1
72,117,127,2016-11-19 16:07:59,R,R,ucp,dom,dom,dom,UCP1
65,108,123,2016-11-19 16:07:59,L,R,ucp,ndom,dom,ndom,UCP1
129,180,115,2016-11-19 16:08:00,L,R,ucp,ndom,dom,ndom,UCP1
58,245,267,2016-11-19 16:08:00,R,R,ucp,dom,dom,dom,UCP1
0,0,0,2017-03-20 18:17:33,R,R,ucp,dom,ndom,dom,UCP2
26,56,16,2017-03-20 18:17:33,L,R,ucp,ndom,ndom,ndom,UCP2
1,15,17,2017-03-20 18:17:34,R,R,ucp,dom,ndom,dom,UCP2
28,81,40,2017-03-20 18:17:34,L,R,ucp,ndom,ndom,ndom,UCP2
21,46,48,2017-03-20 18:17:35,L,R,ucp,ndom,ndom,ndom,UCP2
0,21,17,2017-03-20 18:17:35,R,R,ucp,dom,ndom,dom,UCP2
0,5,6,2017-03-20 18:17:36,R,R,ucp,dom,ndom,dom,UCP2
0,77,0,2017-03-20 18:17:36,L,R,ucp,ndom,ndom,ndom,UCP2
0,9,0,2017-03-20 18:17:37,L,R,ucp,ndom,ndom,ndom,UCP2
0,0,0,2017-03-20 18:17:37,R,R,ucp,dom,ndom,dom,UCP2
13,9,0,2017-03-20 18:17:38,L,R,ucp,ndom,ndom,ndom,UCP2
0,0,0,2017-03-20 18:17:38,R,R,ucp,dom,ndom,dom,UCP2
0,0,0,2017-03-20 18:17:39,L,R,ucp,ndom,ndom,ndom,UCP2
0,0,0,2017-03-20 18:17:39,R,R,ucp,dom,ndom,dom,UCP2
3,21,21,2017-03-20 18:17:40,R,R,ucp,dom,ndom,dom,UCP2
22,66,21,2017-03-20 18:17:40,L,R,ucp,ndom,ndom,ndom,UCP2
9,41,0,2017-03-20 18:17:41,L,R,ucp,ndom,ndom,ndom,UCP2
0,1,0,2017-03-20 18:17:41,R,R,ucp,dom,ndom,dom,UCP2
0,0,0,2017-03-20 18:17:42,R,R,ucp,dom,ndom,dom,UCP2
0,17,0,2017-03-20 18:17:42,L,R,ucp,ndom,ndom,ndom,UCP2
9,1,0,2017-03-20 18:17:43,L,R,ucp,ndom,ndom,ndom,UCP2
13,0,6,2017-03-20 18:17:43,R,R,ucp,dom,ndom,dom,UCP2
18,74,22,2017-03-20 18:17:44,L,R,ucp,ndom,ndom,ndom,UCP2
32,14,33,2017-03-20 18:17:44,R,R,ucp,dom,ndom,dom,UCP2
20,58,0,2017-03-20 18:17:45,L,R,ucp,ndom,ndom,ndom,UCP2
5,0,0,2017-03-20 18:17:45,R,R,ucp,dom,ndom,dom,UCP2
0,0,0,2017-03-20 18:17:46,L,R,ucp,ndom,ndom,ndom,UCP2
1,0,0,2017-03-20 18:17:46,R,R,ucp,dom,ndom,dom,UCP2
44,54,17,2017-03-20 18:17:47,L,R,ucp,ndom,ndom,ndom,UCP2
7,30,56,2017-03-20 18:17:47,R,R,ucp,dom,ndom,dom,UCP2
6,28,0,2017-03-20 18:17:48,L,R,ucp,ndom,ndom,ndom,UCP2
0,0,20,2017-03-20 18:17:48,R,R,ucp,dom,ndom,dom,UCP2
0,0,0,2017-03-20 18:17:49,R,R,ucp,dom,ndom,dom,UCP2
26,31,0,2017-03-20 18:17:49,L,R,ucp,ndom,ndom,ndom,UCP2
9,4,38,2017-03-20 18:17:50,R,R,ucp,dom,ndom,dom,UCP2
39,35,5,2017-03-20 18:17:50,L,R,ucp,ndom,ndom,ndom,UCP2
13,10,9,2017-03-20 18:17:51,R,R,ucp,dom,ndom,dom,UCP2
8,32,0,2017-03-20 18:17:51,L,R,ucp,ndom,ndom,ndom,UCP2
0,4,7,2017-03-20 18:17:52,R,R,ucp,dom,ndom,dom,UCP2
16,51,3,2017-03-20 18:17:52,L,R,ucp,ndom,ndom,ndom,UCP2
52,99,66,2017-03-20 18:17:53,L,R,ucp,ndom,ndom,ndom,UCP2
1,10,19,2017-03-20 18:17:53,R,R,ucp,dom,ndom,dom,UCP2
16,59,5,2017-03-20 18:17:54,L,R,ucp,ndom,ndom,ndom,UCP2
0,0,0,2017-03-20 18:17:54,R,R,ucp,dom,ndom,dom,UCP2
2,11,4,2017-03-20 18:17:55,L,R,ucp,ndom,ndom,ndom,UCP2
0,0,0,2017-03-20 18:17:55,R,R,ucp,dom,ndom,dom,UCP2
22,19,19,2017-03-20 18:17:56,L,R,ucp,ndom,ndom,ndom,UCP2
0,0,0,2017-03-20 18:17:56,R,R,ucp,dom,ndom,dom,UCP2
6,10,0,2017-03-20 18:17:57,L,R,ucp,ndom,ndom,ndom,UCP2
0,0,0,2017-03-20 18:17:57,R,R,ucp,dom,ndom,dom,UCP2
12,2,0,2017-03-20 18:17:58,L,R,ucp,ndom,ndom,ndom,UCP2
0,2,4,2017-03-20 18:17:58,R,R,ucp,dom,ndom,dom,UCP2
33,36,18,2017-03-20 18:17:59,L,R,ucp,ndom,ndom,ndom,UCP2
8,18,32,2017-03-20 18:17:59,R,R,ucp,dom,ndom,dom,UCP2
7,43,17,2017-03-20 18:18:00,L,R,ucp,ndom,ndom,ndom,UCP2
0,4,0,2017-03-20 18:18:00,R,R,ucp,dom,ndom,dom,UCP2
37,59,0,2017-03-20 18:18:01,L,R,ucp,ndom,ndom,ndom,UCP2
0,30,0,2017-03-20 18:18:01,R,R,ucp,dom,ndom,dom,UCP2
22,88,41,2017-03-20 18:18:02,L,R,ucp,ndom,ndom,ndom,UCP2
0,59,6,2017-03-20 18:18:02,R,R,ucp,dom,ndom,dom,UCP2
0,35,0,2017-03-20 18:18:03,R,R,ucp,dom,ndom,dom,UCP2
15,78,0,2017-03-20 18:18:03,L,R,ucp,ndom,ndom,ndom,UCP2
1,17,0,2017-03-20 18:18:04,L,R,ucp,ndom,ndom,ndom,UCP2
0,3,0,2017-03-20 18:18:04,R,R,ucp,dom,ndom,dom,UCP2
13,20,0,2017-03-20 18:18:05,L,R,ucp,ndom,ndom,ndom,UCP2
0,27,0,2017-03-20 18:18:05,R,R,ucp,dom,ndom,dom,UCP2
49,51,33,2017-03-20 18:18:06,L,R,ucp,ndom,ndom,ndom,UCP2
21,53,51,2017-03-20 18:18:06,R,R,ucp,dom,ndom,dom,UCP2
0,45,21,2017-03-20 18:18:07,R,R,ucp,dom,ndom,dom,UCP2
4,73,18,2017-03-20 18:18:07,L,R,ucp,ndom,ndom,ndom,UCP2
0,42,2,2017-03-20 18:18:08,R,R,ucp,dom,ndom,dom,UCP2
12,37,0,2017-03-20 18:18:08,L,R,ucp,ndom,ndom,ndom,UCP2
40,30,0,2017-03-20 18:18:09,L,R,ucp,ndom,ndom,ndom,UCP2
0,59,17,2017-03-20 18:18:09,R,R,ucp,dom,ndom,dom,UCP2
40,43,2,2017-03-20 18:18:10,L,R,ucp,ndom,ndom,ndom,UCP2
10,84,21,2017-03-20 18:18:10,R,R,ucp,dom,ndom,dom,UCP2
18,59,47,2017-03-20 18:18:11,L,R,ucp,ndom,ndom,ndom,UCP2
19,29,24,2017-03-20 18:18:11,R,R,ucp,dom,ndom,dom,UCP2
22,8,0,2017-03-20 18:18:12,L,R,ucp,ndom,ndom,ndom,UCP2
0,42,4,2017-03-20 18:18:12,R,R,ucp,dom,ndom,dom,UCP2
55,41,6,2017-03-20 18:18:13,L,R,ucp,ndom,ndom,ndom,UCP2
0,31,0,2017-03-20 18:18:13,R,R,ucp,dom,ndom,dom,UCP2
10,64,15,2017-03-20 18:18:14,R,R,ucp,dom,ndom,dom,UCP2
49,4,1,2017-03-20 18:18:14,L,R,ucp,ndom,ndom,ndom,UCP2
12,50,12,2017-03-20 18:18:15,R,R,ucp,dom,ndom,dom,UCP2
21,66,34,2017-03-20 18:18:15,L,R,ucp,ndom,ndom,ndom,UCP2
0,72,5,2017-03-20 18:18:16,R,R,ucp,dom,ndom,dom,UCP2
37,36,0,2017-03-20 18:18:16,L,R,ucp,ndom,ndom,ndom,UCP2
0,0,0,2017-03-20 18:18:17,R,R,ucp,dom,ndom,dom,UCP2
8,9,2,2017-03-20 18:18:17,L,R,ucp,ndom,ndom,ndom,UCP2
23,0,0,2017-03-20 18:18:18,L,R,ucp,ndom,ndom,ndom,UCP2
0,40,28,2017-03-20 18:18:18,R,R,ucp,dom,ndom,dom,UCP2
37,31,5,2017-03-20 18:18:19,L,R,ucp,ndom,ndom,ndom,UCP2
0,65,2,2017-03-20 18:18:19,R,R,ucp,dom,ndom,dom,UCP2
0,26,0,2017-03-20 18:18:20,R,R,ucp,dom,ndom,dom,UCP2
30,40,0,2017-03-20 18:18:20,L,R,ucp,ndom,ndom,ndom,UCP2
0,0,0,2017-03-20 18:18:21,R,R,ucp,dom,ndom,dom,UCP2
4,18,12,2017-03-20 18:18:21,L,R,ucp,ndom,ndom,ndom,UCP2
10,20,1,2017-03-20 18:18:22,R,R,ucp,dom,ndom,dom,UCP2
26,0,0,2017-03-20 18:18:22,L,R,ucp,ndom,ndom,ndom,UCP2
75,73,48,2017-03-20 18:18:23,L,R,ucp,ndom,ndom,ndom,UCP2
57,93,49,2017-03-20 18:18:23,R,R,ucp,dom,ndom,dom,UCP2
31,50,9,2017-03-20 18:18:24,R,R,ucp,dom,ndom,dom,UCP2
47,100,12,2017-03-20 18:18:24,L,R,ucp,ndom,ndom,ndom,UCP2
29,120,50,2017-03-20 18:18:25,R,R,ucp,dom,ndom,dom,UCP2
53,23,8,2017-03-20 18:18:25,L,R,ucp,ndom,ndom,ndom,UCP2
31,72,93,2017-03-20 18:18:26,R,R,ucp,dom,ndom,dom,UCP2
33,58,24,2017-03-20 18:18:26,L,R,ucp,ndom,ndom,ndom,UCP2
25,68,36,2017-03-20 18:18:27,R,R,ucp,dom,ndom,dom,UCP2
32,60,0,2017-03-20 18:18:27,L,R,ucp,ndom,ndom,ndom,UCP2
10,126,41,2017-03-20 18:18:28,R,R,ucp,dom,ndom,dom,UCP2
43,53,29,2017-03-20 18:18:28,L,R,ucp,ndom,ndom,ndom,UCP2
23,113,24,2017-03-20 18:18:29,R,R,ucp,dom,ndom,dom,UCP2
30,34,4,2017-03-20 18:18:29,L,R,ucp,ndom,ndom,ndom,UCP2
25,9,0,2017-03-20 18:18:30,L,R,ucp,ndom,ndom,ndom,UCP2
2,53,2,2017-03-20 18:18:30,R,R,ucp,dom,ndom,dom,UCP2
85,80,39,2017-03-20 18:18:31,L,R,ucp,ndom,ndom,ndom,UCP2
30,96,57,2017-03-20 18:18:31,R,R,ucp,dom,ndom,dom,UCP2
48,95,20,2017-03-20 18:18:32,L,R,ucp,ndom,ndom,ndom,UCP2
34,89,41,2017-03-20 18:18:32,R,R,ucp,dom,ndom,dom,UCP2
59,89,40,2017-03-20 18:18:33,L,R,ucp,ndom,ndom,ndom,UCP2
34,110,52,2017-03-20 18:18:33,R,R,ucp,dom,ndom,dom,UCP2
0,10,6,2017-03-20 18:19:33,L,R,ucp,ndom,dom,ndom,UCP2
149,90,107,2017-03-20 18:19:33,R,R,ucp,dom,dom,dom,UCP2
0,6,0,2017-03-20 18:19:34,L,R,ucp,ndom,dom,ndom,UCP2
131,42,74,2017-03-20 18:19:34,R,R,ucp,dom,dom,dom,UCP2
0,0,0,2017-03-20 18:19:35,L,R,ucp,ndom,dom,ndom,UCP2
135,98,93,2017-03-20 18:19:35,R,R,ucp,dom,dom,dom,UCP2
0,0,0,2017-03-20 18:19:36,L,R,ucp,ndom,dom,ndom,UCP2
134,109,89,2017-03-20 18:19:36,R,R,ucp,dom,dom,dom,UCP2
0,0,0,2017-03-20 18:19:37,L,R,ucp,ndom,dom,ndom,UCP2
110,72,88,2017-03-20 18:19:37,R,R,ucp,dom,dom,dom,UCP2
204,106,90,2017-03-20 18:19:38,R,R,ucp,dom,dom,dom,UCP2
0,0,0,2017-03-20 18:19:38,L,R,ucp,ndom,dom,ndom,UCP2
0,0,0,2017-03-20 18:19:39,L,R,ucp,ndom,dom,ndom,UCP2
133,80,103,2017-03-20 18:19:39,R,R,ucp,dom,dom,dom,UCP2
209,105,102,2017-03-20 18:19:40,R,R,ucp,dom,dom,dom,UCP2
0,0,0,2017-03-20 18:19:40,L,R,ucp,ndom,dom,ndom,UCP2
0,0,0,2017-03-20 18:19:41,L,R,ucp,ndom,dom,ndom,UCP2
177,86,106,2017-03-20 18:19:41,R,R,ucp,dom,dom,dom,UCP2
0,0,0,2017-03-20 18:19:42,L,R,ucp,ndom,dom,ndom,UCP2
106,59,87,2017-03-20 18:19:42,R,R,ucp,dom,dom,dom,UCP2
0,0,0,2017-03-20 18:19:43,L,R,ucp,ndom,dom,ndom,UCP2
142,141,101,2017-03-20 18:19:43,R,R,ucp,dom,dom,dom,UCP2
0,0,0,2017-03-20 18:19:44,L,R,ucp,ndom,dom,ndom,UCP2
174,138,112,2017-03-20 18:19:44,R,R,ucp,dom,dom,dom,UCP2
0,0,0,2017-03-20 18:19:45,L,R,ucp,ndom,dom,ndom,UCP2
123,105,103,2017-03-20 18:19:45,R,R,ucp,dom,dom,dom,UCP2
122,174,101,2017-03-20 18:19:46,R,R,ucp,dom,dom,dom,UCP2
0,0,0,2017-03-20 18:19:46,L,R,ucp,ndom,dom,ndom,UCP2
0,0,0,2017-03-20 18:19:47,L,R,ucp,ndom,dom,ndom,UCP2
98,27,34,2017-03-20 18:19:47,R,R,ucp,dom,dom,dom,UCP2
0,0,0,2017-03-20 18:19:48,L,R,ucp,ndom,dom,ndom,UCP2
135,108,126,2017-03-20 18:19:48,R,R,ucp,dom,dom,dom,UCP2
0,0,0,2017-03-20 18:19:49,L,R,ucp,ndom,dom,ndom,UCP2
154,47,43,2017-03-20 18:19:49,R,R,ucp,dom,dom,dom,UCP2
0,0,0,2017-03-20 18:19:50,L,R,ucp,ndom,dom,ndom,UCP2
141,11,88,2017-03-20 18:19:50,R,R,ucp,dom,dom,dom,UCP2
0,0,0,2017-03-20 18:19:51,L,R,ucp,ndom,dom,ndom,UCP2
143,16,81,2017-03-20 18:19:51,R,R,ucp,dom,dom,dom,UCP2
0,0,0,2017-03-20 18:19:52,L,R,ucp,ndom,dom,ndom,UCP2
149,34,86,2017-03-20 18:19:52,R,R,ucp,dom,dom,dom,UCP2
224,46,124,2017-03-20 18:19:53,R,R,ucp,dom,dom,dom,UCP2
4,5,0,2017-03-20 18:19:53,L,R,ucp,ndom,dom,ndom,UCP2
0,0,0,2017-03-20 18:19:54,L,R,ucp,ndom,dom,ndom,UCP2
112,65,48,2017-03-20 18:19:54,R,R,ucp,dom,dom,dom,UCP2
0,0,0,2017-03-20 18:19:55,L,R,ucp,ndom,dom,ndom,UCP2
194,95,66,2017-03-20 18:19:55,R,R,ucp,dom,dom,dom,UCP2
0,0,0,2017-03-20 18:19:56,L,R,ucp,ndom,dom,ndom,UCP2
115,140,53,2017-03-20 18:19:56,R,R,ucp,dom,dom,dom,UCP2
150,95,108,2017-03-20 18:19:57,R,R,ucp,dom,dom,dom,UCP2
0,0,0,2017-03-20 18:19:57,L,R,ucp,ndom,dom,ndom,UCP2
0,0,0,2017-03-20 18:19:58,L,R,ucp,ndom,dom,ndom,UCP2
148,65,90,2017-03-20 18:19:58,R,R,ucp,dom,dom,dom,UCP2
123,74,55,2017-03-20 18:19:59,R,R,ucp,dom,dom,dom,UCP2
0,0,0,2017-03-20 18:19:59,L,R,ucp,ndom,dom,ndom,UCP2
118,97,81,2017-03-20 18:20:00,R,R,ucp,dom,dom,dom,UCP2
0,0,0,2017-03-20 18:20:00,L,R,ucp,ndom,dom,ndom,UCP2
82,178,62,2017-03-20 18:20:01,R,R,ucp,dom,dom,dom,UCP2
0,0,0,2017-03-20 18:20:01,L,R,ucp,ndom,dom,ndom,UCP2
78,74,52,2017-03-20 18:20:02,R,R,ucp,dom,dom,dom,UCP2
0,0,0,2017-03-20 18:20:02,L,R,ucp,ndom,dom,ndom,UCP2
50,128,62,2017-03-20 18:20:03,R,R,ucp,dom,dom,dom,UCP2
0,0,0,2017-03-20 18:20:03,L,R,ucp,ndom,dom,ndom,UCP2
75,89,41,2017-03-20 18:20:04,R,R,ucp,dom,dom,dom,UCP2
0,0,0,2017-03-20 18:20:04,L,R,ucp,ndom,dom,ndom,UCP2
62,75,28,2017-03-20 18:20:05,R,R,ucp,dom,dom,dom,UCP2
0,0,0,2017-03-20 18:20:05,L,R,ucp,ndom,dom,ndom,UCP2
94,100,106,2017-03-20 18:20:06,R,R,ucp,dom,dom,dom,UCP2
0,2,0,2017-03-20 18:20:06,L,R,ucp,ndom,dom,ndom,UCP2
109,50,93,2017-03-20 18:20:07,R,R,ucp,dom,dom,dom,UCP2
0,0,0,2017-03-20 18:20:07,L,R,ucp,ndom,dom,ndom,UCP2
103,52,42,2017-03-20 18:20:08,R,R,ucp,dom,dom,dom,UCP2
0,0,0,2017-03-20 18:20:08,L,R,ucp,ndom,dom,ndom,UCP2
0,0,0,2017-03-20 18:20:09,L,R,ucp,ndom,dom,ndom,UCP2
123,48,96,2017-03-20 18:20:09,R,R,ucp,dom,dom,dom,UCP2
0,0,0,2017-03-20 18:20:10,L,R,ucp,ndom,dom,ndom,UCP2
80,116,106,2017-03-20 18:20:10,R,R,ucp,dom,dom,dom,UCP2
73,31,70,2017-03-20 18:20:11,R,R,ucp,dom,dom,dom,UCP2
0,2,0,2017-03-20 18:20:11,L,R,ucp,ndom,dom,ndom,UCP2
0,0,0,2017-03-20 18:20:12,L,R,ucp,ndom,dom,ndom,UCP2
72,73,41,2017-03-20 18:20:12,R,R,ucp,dom,dom,dom,UCP2
97,38,62,2017-03-20 18:20:13,R,R,ucp,dom,dom,dom,UCP2
0,0,0,2017-03-20 18:20:13,L,R,ucp,ndom,dom,ndom,UCP2
0,0,0,2017-03-20 18:20:14,L,R,ucp,ndom,dom,ndom,UCP2
83,80,89,2017-03-20 18:20:14,R,R,ucp,dom,dom,dom,UCP2
0,0,0,2017-03-20 18:20:15,L,R,ucp,ndom,dom,ndom,UCP2
146,87,65,2017-03-20 18:20:15,R,R,ucp,dom,dom,dom,UCP2
88,100,67,2017-03-20 18:20:16,R,R,ucp,dom,dom,dom,UCP2
6,6,0,2017-03-20 18:20:16,L,R,ucp,ndom,dom,ndom,UCP2
75,102,68,2017-03-20 18:20:17,R,R,ucp,dom,dom,dom,UCP2
3,11,0,2017-03-20 18:20:17,L,R,ucp,ndom,dom,ndom,UCP2
4,20,0,2017-03-20 18:20:18,L,R,ucp,ndom,dom,ndom,UCP2
100,90,65,2017-03-20 18:20:18,R,R,ucp,dom,dom,dom,UCP2
3,0,0,2017-03-20 18:20:19,L,R,ucp,ndom,dom,ndom,UCP2
77,59,58,2017-03-20 18:20:19,R,R,ucp,dom,dom,dom,UCP2
0,0,0,2017-03-20 18:20:20,L,R,ucp,ndom,dom,ndom,UCP2
107,87,68,2017-03-20 18:20:20,R,R,ucp,dom,dom,dom,UCP2
97,67,84,2017-03-20 18:20:21,R,R,ucp,dom,dom,dom,UCP2
0,14,0,2017-03-20 18:20:21,L,R,ucp,ndom,dom,ndom,UCP2
0,0,0,2017-03-20 18:20:22,L,R,ucp,ndom,dom,ndom,UCP2
98,117,85,2017-03-20 18:20:22,R,R,ucp,dom,dom,dom,UCP2
128,110,46,2017-03-20 18:20:23,R,R,ucp,dom,dom,dom,UCP2
0,0,0,2017-03-20 18:20:23,L,R,ucp,ndom,dom,ndom,UCP2
0,0,0,2017-03-20 18:20:24,L,R,ucp,ndom,dom,ndom,UCP2
98,104,70,2017-03-20 18:20:24,R,R,ucp,dom,dom,dom,UCP2
133,81,105,2017-03-20 18:20:25,R,R,ucp,dom,dom,dom,UCP2
0,0,0,2017-03-20 18:20:25,L,R,ucp,ndom,dom,ndom,UCP2
0,0,0,2017-03-20 18:20:26,L,R,ucp,ndom,dom,ndom,UCP2
88,72,71,2017-03-20 18:20:26,R,R,ucp,dom,dom,dom,UCP2
85,70,92,2017-03-20 18:20:27,R,R,ucp,dom,dom,dom,UCP2
0,0,0,2017-03-20 18:20:27,L,R,ucp,ndom,dom,ndom,UCP2
120,87,103,2017-03-20 18:20:28,R,R,ucp,dom,dom,dom,UCP2
0,0,0,2017-03-20 18:20:28,L,R,ucp,ndom,dom,ndom,UCP2
0,0,0,2017-03-20 18:20:29,L,R,ucp,ndom,dom,ndom,UCP2
100,70,93,2017-03-20 18:20:29,R,R,ucp,dom,dom,dom,UCP2
2,0,0,2017-03-20 18:20:30,L,R,ucp,ndom,dom,ndom,UCP2
75,124,38,2017-03-20 18:20:30,R,R,ucp,dom,dom,dom,UCP2
73,158,74,2017-03-20 18:20:31,R,R,ucp,dom,dom,dom,UCP2
0,0,0,2017-03-20 18:20:31,L,R,ucp,ndom,dom,ndom,UCP2
193,125,49,2017-03-20 18:20:32,R,R,ucp,dom,dom,dom,UCP2
14,14,0,2017-03-20 18:20:32,L,R,ucp,ndom,dom,ndom,UCP2
24,72,20,2017-03-20 18:20:33,R,R,ucp,dom,dom,dom,UCP2
17,0,0,2017-03-20 18:20:33,L,R,ucp,ndom,dom,ndom,UCP2
0,0,0,2017-04-07 16:09:45,R,R,ucp,dom,ndom,dom,UCP3
80,154,70,2017-04-07 16:09:45,L,R,ucp,ndom,ndom,ndom,UCP3
45,67,37,2017-04-07 16:09:46,L,R,ucp,ndom,ndom,ndom,UCP3
13,6,20,2017-04-07 16:09:46,R,R,ucp,dom,ndom,dom,UCP3
20,171,81,2017-04-07 16:09:47,L,R,ucp,ndom,ndom,ndom,UCP3
0,0,0,2017-04-07 16:09:47,R,R,ucp,dom,ndom,dom,UCP3
16,21,29,2017-04-07 16:09:48,L,R,ucp,ndom,ndom,ndom,UCP3
1,18,26,2017-04-07 16:09:48,R,R,ucp,dom,ndom,dom,UCP3
68,131,35,2017-04-07 16:09:49,L,R,ucp,ndom,ndom,ndom,UCP3
0,0,18,2017-04-07 16:09:49,R,R,ucp,dom,ndom,dom,UCP3
17,111,32,2017-04-07 16:09:50,L,R,ucp,ndom,ndom,ndom,UCP3
0,0,2,2017-04-07 16:09:50,R,R,ucp,dom,ndom,dom,UCP3
6,0,8,2017-04-07 16:09:51,R,R,ucp,dom,ndom,dom,UCP3
68,98,86,2017-04-07 16:09:51,L,R,ucp,ndom,ndom,ndom,UCP3
0,0,11,2017-04-07 16:09:52,R,R,ucp,dom,ndom,dom,UCP3
53,59,16,2017-04-07 16:09:52,L,R,ucp,ndom,ndom,ndom,UCP3
14,19,16,2017-04-07 16:09:53,L,R,ucp,ndom,ndom,ndom,UCP3
0,0,11,2017-04-07 16:09:53,R,R,ucp,dom,ndom,dom,UCP3
9,0,23,2017-04-07 16:09:54,R,R,ucp,dom,ndom,dom,UCP3
38,104,65,2017-04-07 16:09:54,L,R,ucp,ndom,ndom,ndom,UCP3
0,0,0,2017-04-07 16:09:55,R,R,ucp,dom,ndom,dom,UCP3
28,81,45,2017-04-07 16:09:55,L,R,ucp,ndom,ndom,ndom,UCP3
95,123,65,2017-04-07 16:09:56,L,R,ucp,ndom,ndom,ndom,UCP3
11,0,26,2017-04-07 16:09:56,R,R,ucp,dom,ndom,dom,UCP3
37,87,39,2017-04-07 16:09:57,L,R,ucp,ndom,ndom,ndom,UCP3
0,0,40,2017-04-07 16:09:57,R,R,ucp,dom,ndom,dom,UCP3
40,0,10,2017-04-07 16:09:58,L,R,ucp,ndom,ndom,ndom,UCP3
0,0,1,2017-04-07 16:09:58,R,R,ucp,dom,ndom,dom,UCP3
0,0,0,2017-04-07 16:09:59,R,R,ucp,dom,ndom,dom,UCP3
28,34,52,2017-04-07 16:09:59,L,R,ucp,ndom,ndom,ndom,UCP3
21,29,18,2017-04-07 16:10:00,L,R,ucp,ndom,ndom,ndom,UCP3
0,0,5,2017-04-07 16:10:00,R,R,ucp,dom,ndom,dom,UCP3
76,85,62,2017-04-07 16:10:01,L,R,ucp,ndom,ndom,ndom,UCP3
0,0,11,2017-04-07 16:10:01,R,R,ucp,dom,ndom,dom,UCP3
53,14,19,2017-04-07 16:10:02,L,R,ucp,ndom,ndom,ndom,UCP3
0,0,12,2017-04-07 16:10:02,R,R,ucp,dom,ndom,dom,UCP3
0,0,27,2017-04-07 16:10:03,R,R,ucp,dom,ndom,dom,UCP3
37,113,35,2017-04-07 16:10:03,L,R,ucp,ndom,ndom,ndom,UCP3
7,4,55,2017-04-07 16:10:04,R,R,ucp,dom,ndom,dom,UCP3
25,28,31,2017-04-07 16:10:04,L,R,ucp,ndom,ndom,ndom,UCP3
1,0,0,2017-04-07 16:10:05,R,R,ucp,dom,ndom,dom,UCP3
8,0,2,2017-04-07 16:10:05,L,R,ucp,ndom,ndom,ndom,UCP3
0,0,17,2017-04-07 16:10:06,R,R,ucp,dom,ndom,dom,UCP3
20,10,1,2017-04-07 16:10:06,L,R,ucp,ndom,ndom,ndom,UCP3
14,26,37,2017-04-07 16:10:07,L,R,ucp,ndom,ndom,ndom,UCP3
0,0,7,2017-04-07 16:10:07,R,R,ucp,dom,ndom,dom,UCP3
0,5,3,2017-04-07 16:10:08,R,R,ucp,dom,ndom,dom,UCP3
74,105,25,2017-04-07 16:10:08,L,R,ucp,ndom,ndom,ndom,UCP3
54,107,48,2017-04-07 16:10:09,L,R,ucp,ndom,ndom,ndom,UCP3
6,2,58,2017-04-07 16:10:09,R,R,ucp,dom,ndom,dom,UCP3
64,77,31,2017-04-07 16:10:10,L,R,ucp,ndom,ndom,ndom,UCP3
0,1,25,2017-04-07 16:10:10,R,R,ucp,dom,ndom,dom,UCP3
58,69,9,2017-04-07 16:10:11,L,R,ucp,ndom,ndom,ndom,UCP3
0,6,23,2017-04-07 16:10:11,R,R,ucp,dom,ndom,dom,UCP3
34,23,25,2017-04-07 16:10:12,L,R,ucp,ndom,ndom,ndom,UCP3
0,0,64,2017-04-07 16:10:12,R,R,ucp,dom,ndom,dom,UCP3
55,111,63,2017-04-07 16:10:13,L,R,ucp,ndom,ndom,ndom,UCP3
0,0,35,2017-04-07 16:10:13,R,R,ucp,dom,ndom,dom,UCP3
0,0,13,2017-04-07 16:10:14,R,R,ucp,dom,ndom,dom,UCP3
74,126,37,2017-04-07 16:10:14,L,R,ucp,ndom,ndom,ndom,UCP3
0,0,0,2017-04-07 16:10:15,R,R,ucp,dom,ndom,dom,UCP3
40,73,26,2017-04-07 16:10:15,L,R,ucp,ndom,ndom,ndom,UCP3
17,10,15,2017-04-07 16:10:16,L,R,ucp,ndom,ndom,ndom,UCP3
0,0,9,2017-04-07 16:10:16,R,R,ucp,dom,ndom,dom,UCP3
0,13,51,2017-04-07 16:10:17,R,R,ucp,dom,ndom,dom,UCP3
94,110,60,2017-04-07 16:10:17,L,R,ucp,ndom,ndom,ndom,UCP3
25,45,32,2017-04-07 16:10:18,L,R,ucp,ndom,ndom,ndom,UCP3
23,16,39,2017-04-07 16:10:18,R,R,ucp,dom,ndom,dom,UCP3
0,0,2,2017-04-07 16:10:19,R,R,ucp,dom,ndom,dom,UCP3
62,116,30,2017-04-07 16:10:19,L,R,ucp,ndom,ndom,ndom,UCP3
0,0,19,2017-04-07 16:10:20,R,R,ucp,dom,ndom,dom,UCP3
19,43,11,2017-04-07 16:10:20,L,R,ucp,ndom,ndom,ndom,UCP3
0,0,20,2017-04-07 16:10:21,R,R,ucp,dom,ndom,dom,UCP3
68,71,49,2017-04-07 16:10:21,L,R,ucp,ndom,ndom,ndom,UCP3
28,26,28,2017-04-07 16:10:22,L,R,ucp,ndom,ndom,ndom,UCP3
0,0,7,2017-04-07 16:10:22,R,R,ucp,dom,ndom,dom,UCP3
27,25,9,2017-04-07 16:10:23,L,R,ucp,ndom,ndom,ndom,UCP3
0,0,0,2017-04-07 16:10:23,R,R,ucp,dom,ndom,dom,UCP3
94,66,21,2017-04-07 16:10:24,L,R,ucp,ndom,ndom,ndom,UCP3
0,0,10,2017-04-07 16:10:24,R,R,ucp,dom,ndom,dom,UCP3
14,12,8,2017-04-07 16:10:25,L,R,ucp,ndom,ndom,ndom,UCP3
0,7,10,2017-04-07 16:10:25,R,R,ucp,dom,ndom,dom,UCP3
0,8,1,2017-04-07 16:10:26,L,R,ucp,ndom,ndom,ndom,UCP3
0,0,0,2017-04-07 16:10:26,R,R,ucp,dom,ndom,dom,UCP3
0,2,4,2017-04-07 16:10:27,R,R,ucp,dom,ndom,dom,UCP3
63,72,53,2017-04-07 16:10:27,L,R,ucp,ndom,ndom,ndom,UCP3
72,62,16,2017-04-07 16:10:28,L,R,ucp,ndom,ndom,ndom,UCP3
0,2,21,2017-04-07 16:10:28,R,R,ucp,dom,ndom,dom,UCP3
57,42,17,2017-04-07 16:10:29,L,R,ucp,ndom,ndom,ndom,UCP3
0,0,28,2017-04-07 16:10:29,R,R,ucp,dom,ndom,dom,UCP3
24,6,0,2017-04-07 16:10:30,L,R,ucp,ndom,ndom,ndom,UCP3
0,7,25,2017-04-07 16:10:30,R,R,ucp,dom,ndom,dom,UCP3
0,0,16,2017-04-07 16:10:31,R,R,ucp,dom,ndom,dom,UCP3
74,24,11,2017-04-07 16:10:31,L,R,ucp,ndom,ndom,ndom,UCP3
14,62,14,2017-04-07 16:10:32,L,R,ucp,ndom,ndom,ndom,UCP3
0,0,3,2017-04-07 16:10:32,R,R,ucp,dom,ndom,dom,UCP3
18,27,23,2017-04-07 16:10:33,L,R,ucp,ndom,ndom,ndom,UCP3
12,102,23,2017-04-07 16:10:33,R,R,ucp,dom,ndom,dom,UCP3
57,5,13,2017-04-07 16:10:34,L,R,ucp,ndom,ndom,ndom,UCP3
56,93,110,2017-04-07 16:10:34,R,R,ucp,dom,ndom,dom,UCP3
14,44,77,2017-04-07 16:10:35,R,R,ucp,dom,ndom,dom,UCP3
28,45,10,2017-04-07 16:10:35,L,R,ucp,ndom,ndom,ndom,UCP3
0,13,14,2017-04-07 16:10:36,R,R,ucp,dom,ndom,dom,UCP3
40,10,3,2017-04-07 16:10:36,L,R,ucp,ndom,ndom,ndom,UCP3
0,9,53,2017-04-07 16:10:37,R,R,ucp,dom,ndom,dom,UCP3
32,2,0,2017-04-07 16:10:37,L,R,ucp,ndom,ndom,ndom,UCP3
0,0,3,2017-04-07 16:10:38,R,R,ucp,dom,ndom,dom,UCP3
59,76,7,2017-04-07 16:10:38,L,R,ucp,ndom,ndom,ndom,UCP3
0,17,36,2017-04-07 16:10:39,R,R,ucp,dom,ndom,dom,UCP3
46,50,30,2017-04-07 16:10:39,L,R,ucp,ndom,ndom,ndom,UCP3
0,6,10,2017-04-07 16:10:40,R,R,ucp,dom,ndom,dom,UCP3
40,12,5,2017-04-07 16:10:40,L,R,ucp,ndom,ndom,ndom,UCP3
0,6,0,2017-04-07 16:10:41,R,R,ucp,dom,ndom,dom,UCP3
38,63,26,2017-04-07 16:10:41,L,R,ucp,ndom,ndom,ndom,UCP3
0,20,0,2017-04-07 16:10:42,R,R,ucp,dom,ndom,dom,UCP3
34,40,29,2017-04-07 16:10:42,L,R,ucp,ndom,ndom,ndom,UCP3
1,10,0,2017-04-07 16:10:43,L,R,ucp,ndom,ndom,ndom,UCP3
0,0,3,2017-04-07 16:10:43,R,R,ucp,dom,ndom,dom,UCP3
4,14,0,2017-04-07 16:10:44,L,R,ucp,ndom,ndom,ndom,UCP3
0,3,0,2017-04-07 16:10:44,R,R,ucp,dom,ndom,dom,UCP3
55,3,47,2017-04-07 16:10:45,L,R,ucp,ndom,ndom,ndom,UCP3
131,48,16,2017-04-07 16:10:45,R,R,ucp,dom,ndom,dom,UCP3
143,35,34,2017-04-07 16:12:25,R,R,ucp,dom,dom,dom,UCP3
10,0,6,2017-04-07 16:12:25,L,R,ucp,ndom,dom,ndom,UCP3
91,66,60,2017-04-07 16:12:26,R,R,ucp,dom,dom,dom,UCP3
5,0,0,2017-04-07 16:12:26,L,R,ucp,ndom,dom,ndom,UCP3
80,58,46,2017-04-07 16:12:27,R,R,ucp,dom,dom,dom,UCP3
2,0,0,2017-04-07 16:12:27,L,R,ucp,ndom,dom,ndom,UCP3
68,138,67,2017-04-07 16:12:28,R,R,ucp,dom,dom,dom,UCP3
0,0,0,2017-04-07 16:12:28,L,R,ucp,ndom,dom,ndom,UCP3
0,0,0,2017-04-07 16:12:29,L,R,ucp,ndom,dom,ndom,UCP3
50,99,97,2017-04-07 16:12:29,R,R,ucp,dom,dom,dom,UCP3
29,98,32,2017-04-07 16:12:30,R,R,ucp,dom,dom,dom,UCP3
0,0,0,2017-04-07 16:12:30,L,R,ucp,ndom,dom,ndom,UCP3
36,64,50,2017-04-07 16:12:31,R,R,ucp,dom,dom,dom,UCP3
0,0,0,2017-04-07 16:12:31,L,R,ucp,ndom,dom,ndom,UCP3
60,62,92,2017-04-07 16:12:32,R,R,ucp,dom,dom,dom,UCP3
0,0,0,2017-04-07 16:12:32,L,R,ucp,ndom,dom,ndom,UCP3
64,58,59,2017-04-07 16:12:33,R,R,ucp,dom,dom,dom,UCP3
0,0,0,2017-04-07 16:12:33,L,R,ucp,ndom,dom,ndom,UCP3
78,59,25,2017-04-07 16:12:34,R,R,ucp,dom,dom,dom,UCP3
0,0,0,2017-04-07 16:12:34,L,R,ucp,ndom,dom,ndom,UCP3
54,62,11,2017-04-07 16:12:35,R,R,ucp,dom,dom,dom,UCP3
0,0,0,2017-04-07 16:12:35,L,R,ucp,ndom,dom,ndom,UCP3
60,85,77,2017-04-07 16:12:36,R,R,ucp,dom,dom,dom,UCP3
0,0,0,2017-04-07 16:12:36,L,R,ucp,ndom,dom,ndom,UCP3
40,85,37,2017-04-07 16:12:37,R,R,ucp,dom,dom,dom,UCP3
0,0,0,2017-04-07 16:12:37,L,R,ucp,ndom,dom,ndom,UCP3
37,105,53,2017-04-07 16:12:38,R,R,ucp,dom,dom,dom,UCP3
0,0,0,2017-04-07 16:12:38,L,R,ucp,ndom,dom,ndom,UCP3
65,108,21,2017-04-07 16:12:39,R,R,ucp,dom,dom,dom,UCP3
0,0,0,2017-04-07 16:12:39,L,R,ucp,ndom,dom,ndom,UCP3
87,108,59,2017-04-07 16:12:40,R,R,ucp,dom,dom,dom,UCP3
0,0,0,2017-04-07 16:12:40,L,R,ucp,ndom,dom,ndom,UCP3
0,0,0,2017-04-07 16:12:41,L,R,ucp,ndom,dom,ndom,UCP3
71,127,85,2017-04-07 16:12:41,R,R,ucp,dom,dom,dom,UCP3
0,0,0,2017-04-07 16:12:42,L,R,ucp,ndom,dom,ndom,UCP3
59,68,84,2017-04-07 16:12:42,R,R,ucp,dom,dom,dom,UCP3
0,0,0,2017-04-07 16:12:43,L,R,ucp,ndom,dom,ndom,UCP3
44,62,96,2017-04-07 16:12:43,R,R,ucp,dom,dom,dom,UCP3
0,0,0,2017-04-07 16:12:44,L,R,ucp,ndom,dom,ndom,UCP3
57,81,76,2017-04-07 16:12:44,R,R,ucp,dom,dom,dom,UCP3
61,80,94,2017-04-07 16:12:45,R,R,ucp,dom,dom,dom,UCP3
0,0,0,2017-04-07 16:12:45,L,R,ucp,ndom,dom,ndom,UCP3
0,0,0,2017-04-07 16:12:46,L,R,ucp,ndom,dom,ndom,UCP3
28,72,97,2017-04-07 16:12:46,R,R,ucp,dom,dom,dom,UCP3
0,0,0,2017-04-07 16:12:47,L,R,ucp,ndom,dom,ndom,UCP3
44,56,89,2017-04-07 16:12:47,R,R,ucp,dom,dom,dom,UCP3
0,0,0,2017-04-07 16:12:48,L,R,ucp,ndom,dom,ndom,UCP3
47,66,35,2017-04-07 16:12:48,R,R,ucp,dom,dom,dom,UCP3
0,0,0,2017-04-07 16:12:49,L,R,ucp,ndom,dom,ndom,UCP3
69,53,78,2017-04-07 16:12:49,R,R,ucp,dom,dom,dom,UCP3
0,0,0,2017-04-07 16:12:50,L,R,ucp,ndom,dom,ndom,UCP3
41,93,67,2017-04-07 16:12:50,R,R,ucp,dom,dom,dom,UCP3
47,43,70,2017-04-07 16:12:51,R,R,ucp,dom,dom,dom,UCP3
0,0,0,2017-04-07 16:12:51,L,R,ucp,ndom,dom,ndom,UCP3
72,60,33,2017-04-07 16:12:52,R,R,ucp,dom,dom,dom,UCP3
0,0,0,2017-04-07 16:12:52,L,R,ucp,ndom,dom,ndom,UCP3
109,30,55,2017-04-07 16:12:53,R,R,ucp,dom,dom,dom,UCP3
0,0,0,2017-04-07 16:12:53,L,R,ucp,ndom,dom,ndom,UCP3
76,105,50,2017-04-07 16:12:54,R,R,ucp,dom,dom,dom,UCP3
0,0,0,2017-04-07 16:12:54,L,R,ucp,ndom,dom,ndom,UCP3
82,32,49,2017-04-07 16:12:55,R,R,ucp,dom,dom,dom,UCP3
0,0,0,2017-04-07 16:12:55,L,R,ucp,ndom,dom,ndom,UCP3
79,130,65,2017-04-07 16:12:56,R,R,ucp,dom,dom,dom,UCP3
0,0,6,2017-04-07 16:12:56,L,R,ucp,ndom,dom,ndom,UCP3
98,50,62,2017-04-07 16:12:57,R,R,ucp,dom,dom,dom,UCP3
0,0,0,2017-04-07 16:12:57,L,R,ucp,ndom,dom,ndom,UCP3
78,115,48,2017-04-07 16:12:58,R,R,ucp,dom,dom,dom,UCP3
0,0,0,2017-04-07 16:12:58,L,R,ucp,ndom,dom,ndom,UCP3
0,0,0,2017-04-07 16:12:59,L,R,ucp,ndom,dom,ndom,UCP3
43,68,59,2017-04-07 16:12:59,R,R,ucp,dom,dom,dom,UCP3
40,81,87,2017-04-07 16:13:00,R,R,ucp,dom,dom,dom,UCP3
0,0,0,2017-04-07 16:13:00,L,R,ucp,ndom,dom,ndom,UCP3
47,68,58,2017-04-07 16:13:01,R,R,ucp,dom,dom,dom,UCP3
0,0,0,2017-04-07 16:13:01,L,R,ucp,ndom,dom,ndom,UCP3
44,93,76,2017-04-07 16:13:02,R,R,ucp,dom,dom,dom,UCP3
0,0,0,2017-04-07 16:13:02,L,R,ucp,ndom,dom,ndom,UCP3
0,0,0,2017-04-07 16:13:03,L,R,ucp,ndom,dom,ndom,UCP3
76,61,84,2017-04-07 16:13:03,R,R,ucp,dom,dom,dom,UCP3
59,55,89,2017-04-07 16:13:04,R,R,ucp,dom,dom,dom,UCP3
0,0,0,2017-04-07 16:13:04,L,R,ucp,ndom,dom,ndom,UCP3
54,131,43,2017-04-07 16:13:05,R,R,ucp,dom,dom,dom,UCP3
0,0,0,2017-04-07 16:13:05,L,R,ucp,ndom,dom,ndom,UCP3
0,0,0,2017-04-07 16:13:06,L,R,ucp,ndom,dom,ndom,UCP3
45,59,90,2017-04-07 16:13:06,R,R,ucp,dom,dom,dom,UCP3
0,0,0,2017-04-07 16:13:07,L,R,ucp,ndom,dom,ndom,UCP3
46,69,69,2017-04-07 16:13:07,R,R,ucp,dom,dom,dom,UCP3
0,0,0,2017-04-07 16:13:08,L,R,ucp,ndom,dom,ndom,UCP3
69,60,54,2017-04-07 16:13:08,R,R,ucp,dom,dom,dom,UCP3
0,0,0,2017-04-07 16:13:09,L,R,ucp,ndom,dom,ndom,UCP3
66,55,66,2017-04-07 16:13:09,R,R,ucp,dom,dom,dom,UCP3
0,0,0,2017-04-07 16:13:10,L,R,ucp,ndom,dom,ndom,UCP3
20,35,82,2017-04-07 16:13:10,R,R,ucp,dom,dom,dom,UCP3
53,26,46,2017-04-07 16:13:11,R,R,ucp,dom,dom,dom,UCP3
0,0,0,2017-04-07 16:13:11,L,R,ucp,ndom,dom,ndom,UCP3
50,73,77,2017-04-07 16:13:12,R,R,ucp,dom,dom,dom,UCP3
0,0,8,2017-04-07 16:13:12,L,R,ucp,ndom,dom,ndom,UCP3
37,25,16,2017-04-07 16:13:13,R,R,ucp,dom,dom,dom,UCP3
0,0,0,2017-04-07 16:13:13,L,R,ucp,ndom,dom,ndom,UCP3
22,13,22,2017-04-07 16:13:14,R,R,ucp,dom,dom,dom,UCP3
0,0,0,2017-04-07 16:13:14,L,R,ucp,ndom,dom,ndom,UCP3
0,0,0,2017-04-07 16:13:15,L,R,ucp,ndom,dom,ndom,UCP3
66,58,67,2017-04-07 16:13:15,R,R,ucp,dom,dom,dom,UCP3
45,52,21,2017-04-07 16:13:16,R,R,ucp,dom,dom,dom,UCP3
0,0,5,2017-04-07 16:13:16,L,R,ucp,ndom,dom,ndom,UCP3
49,73,60,2017-04-07 16:13:17,R,R,ucp,dom,dom,dom,UCP3
0,0,0,2017-04-07 16:13:17,L,R,ucp,ndom,dom,ndom,UCP3
0,0,0,2017-04-07 16:13:18,L,R,ucp,ndom,dom,ndom,UCP3
49,89,50,2017-04-07 16:13:18,R,R,ucp,dom,dom,dom,UCP3
0,0,0,2017-04-07 16:13:19,L,R,ucp,ndom,dom,ndom,UCP3
74,98,59,2017-04-07 16:13:19,R,R,ucp,dom,dom,dom,UCP3
43,118,132,2017-04-07 16:13:20,R,R,ucp,dom,dom,dom,UCP3
0,0,0,2017-04-07 16:13:20,L,R,ucp,ndom,dom,ndom,UCP3
0,0,0,2017-04-07 16:13:21,L,R,ucp,ndom,dom,ndom,UCP3
55,80,103,2017-04-07 16:13:21,R,R,ucp,dom,dom,dom,UCP3
0,0,0,2017-04-07 16:13:22,L,R,ucp,ndom,dom,ndom,UCP3
57,52,51,2017-04-07 16:13:22,R,R,ucp,dom,dom,dom,UCP3
0,0,0,2017-04-07 16:13:23,L,R,ucp,ndom,dom,ndom,UCP3
65,88,68,2017-04-07 16:13:23,R,R,ucp,dom,dom,dom,UCP3
0,0,0,2017-04-07 16:13:24,L,R,ucp,ndom,dom,ndom,UCP3
44,52,54,2017-04-07 16:13:24,R,R,ucp,dom,dom,dom,UCP3
0,0,0,2017-04-07 16:13:25,L,R,ucp,ndom,dom,ndom,UCP3
0,4,6,2017-04-07 16:13:25,R,R,ucp,dom,dom,dom,UCP3
0,0,0,2017-10-06 17:04:10,L,L,ucp,dom,dom,dom,UCP4
0,0,0,2017-10-06 17:04:10,R,L,ucp,ndom,dom,ndom,UCP4
163,119,71,2017-10-06 17:04:11,L,L,ucp,dom,dom,dom,UCP4
0,16,0,2017-10-06 17:04:11,R,L,ucp,ndom,dom,ndom,UCP4
0,0,0,2017-10-06 17:04:12,R,L,ucp,ndom,dom,ndom,UCP4
96,104,101,2017-10-06 17:04:12,L,L,ucp,dom,dom,dom,UCP4
75,117,92,2017-10-06 17:04:13,L,L,ucp,dom,dom,dom,UCP4
0,0,0,2017-10-06 17:04:13,R,L,ucp,ndom,dom,ndom,UCP4
93,72,126,2017-10-06 17:04:14,L,L,ucp,dom,dom,dom,UCP4
0,0,0,2017-10-06 17:04:14,R,L,ucp,ndom,dom,ndom,UCP4
78,155,92,2017-10-06 17:04:15,L,L,ucp,dom,dom,dom,UCP4
2,3,8,2017-10-06 17:04:15,R,L,ucp,ndom,dom,ndom,UCP4
39,100,93,2017-10-06 17:04:16,L,L,ucp,dom,dom,dom,UCP4
0,10,0,2017-10-06 17:04:16,R,L,ucp,ndom,dom,ndom,UCP4
56,84,101,2017-10-06 17:04:17,L,L,ucp,dom,dom,dom,UCP4
0,0,0,2017-10-06 17:04:17,R,L,ucp,ndom,dom,ndom,UCP4
0,0,0,2017-10-06 17:04:18,R,L,ucp,ndom,dom,ndom,UCP4
67,144,123,2017-10-06 17:04:18,L,L,ucp,dom,dom,dom,UCP4
62,111,135,2017-10-06 17:04:19,L,L,ucp,dom,dom,dom,UCP4
0,0,0,2017-10-06 17:04:19,R,L,ucp,ndom,dom,ndom,UCP4
0,0,0,2017-10-06 17:04:20,R,L,ucp,ndom,dom,ndom,UCP4
68,81,56,2017-10-06 17:04:20,L,L,ucp,dom,dom,dom,UCP4
0,0,0,2017-10-06 17:04:21,R,L,ucp,ndom,dom,ndom,UCP4
91,109,71,2017-10-06 17:04:21,L,L,ucp,dom,dom,dom,UCP4
1,0,0,2017-10-06 17:04:22,R,L,ucp,ndom,dom,ndom,UCP4
85,62,42,2017-10-06 17:04:22,L,L,ucp,dom,dom,dom,UCP4
0,0,0,2017-10-06 17:04:23,R,L,ucp,ndom,dom,ndom,UCP4
110,44,23,2017-10-06 17:04:23,L,L,ucp,dom,dom,dom,UCP4
100,83,47,2017-10-06 17:04:24,L,L,ucp,dom,dom,dom,UCP4
0,0,0,2017-10-06 17:04:24,R,L,ucp,ndom,dom,ndom,UCP4
121,145,38,2017-10-06 17:04:25,L,L,ucp,dom,dom,dom,UCP4
9,0,0,2017-10-06 17:04:25,R,L,ucp,ndom,dom,ndom,UCP4
43,13,27,2017-10-06 17:04:26,R,L,ucp,ndom,dom,ndom,UCP4
2,47,0,2017-10-06 17:04:26,L,L,ucp,dom,dom,dom,UCP4
97,60,48,2017-10-06 17:04:27,L,L,ucp,dom,dom,dom,UCP4
16,0,9,2017-10-06 17:04:27,R,L,ucp,ndom,dom,ndom,UCP4
11,0,4,2017-10-06 17:04:28,R,L,ucp,ndom,dom,ndom,UCP4
166,80,38,2017-10-06 17:04:28,L,L,ucp,dom,dom,dom,UCP4
90,133,42,2017-10-06 17:04:29,L,L,ucp,dom,dom,dom,UCP4
28,3,6,2017-10-06 17:04:29,R,L,ucp,ndom,dom,ndom,UCP4
7,0,0,2017-10-06 17:04:30,R,L,ucp,ndom,dom,ndom,UCP4
54,97,66,2017-10-06 17:04:30,L,L,ucp,dom,dom,dom,UCP4
133,90,53,2017-10-06 17:04:31,L,L,ucp,dom,dom,dom,UCP4
0,0,0,2017-10-06 17:04:31,R,L,ucp,ndom,dom,ndom,UCP4
27,66,17,2017-10-06 17:04:32,L,L,ucp,dom,dom,dom,UCP4
13,0,0,2017-10-06 17:04:32,R,L,ucp,ndom,dom,ndom,UCP4
0,0,0,2017-10-06 17:04:33,R,L,ucp,ndom,dom,ndom,UCP4
149,74,70,2017-10-06 17:04:33,L,L,ucp,dom,dom,dom,UCP4
128,127,155,2017-10-06 17:04:34,L,L,ucp,dom,dom,dom,UCP4
26,0,14,2017-10-06 17:04:34,R,L,ucp,ndom,dom,ndom,UCP4
44,15,16,2017-10-06 17:04:35,R,L,ucp,ndom,dom,ndom,UCP4
56,94,40,2017-10-06 17:04:35,L,L,ucp,dom,dom,dom,UCP4
39,10,20,2017-10-06 17:04:36,R,L,ucp,ndom,dom,ndom,UCP4
102,93,35,2017-10-06 17:04:36,L,L,ucp,dom,dom,dom,UCP4
21,6,10,2017-10-06 17:04:37,R,L,ucp,ndom,dom,ndom,UCP4
119,62,25,2017-10-06 17:04:37,L,L,ucp,dom,dom,dom,UCP4
79,116,52,2017-10-06 17:04:38,L,L,ucp,dom,dom,dom,UCP4
5,0,0,2017-10-06 17:04:38,R,L,ucp,ndom,dom,ndom,UCP4
99,101,79,2017-10-06 17:04:39,L,L,ucp,dom,dom,dom,UCP4
0,0,0,2017-10-06 17:04:39,R,L,ucp,ndom,dom,ndom,UCP4
94,91,59,2017-10-06 17:04:40,L,L,ucp,dom,dom,dom,UCP4
0,0,1,2017-10-06 17:04:40,R,L,ucp,ndom,dom,ndom,UCP4
74,182,21,2017-10-06 17:04:41,L,L,ucp,dom,dom,dom,UCP4
37,20,21,2017-10-06 17:04:41,R,L,ucp,ndom,dom,ndom,UCP4
174,157,18,2017-10-06 17:04:42,L,L,ucp,dom,dom,dom,UCP4
23,0,12,2017-10-06 17:04:42,R,L,ucp,ndom,dom,ndom,UCP4
34,6,23,2017-10-06 17:04:43,R,L,ucp,ndom,dom,ndom,UCP4
102,58,46,2017-10-06 17:04:43,L,L,ucp,dom,dom,dom,UCP4
34,54,49,2017-10-06 17:04:44,R,L,ucp,ndom,dom,ndom,UCP4
98,80,64,2017-10-06 17:04:44,L,L,ucp,dom,dom,dom,UCP4
69,51,18,2017-10-06 17:04:45,R,L,ucp,ndom,dom,ndom,UCP4
42,72,7,2017-10-06 17:04:45,L,L,ucp,dom,dom,dom,UCP4
43,14,22,2017-10-06 17:04:46,R,L,ucp,ndom,dom,ndom,UCP4
88,75,51,2017-10-06 17:04:46,L,L,ucp,dom,dom,dom,UCP4
128,54,69,2017-10-06 17:04:47,L,L,ucp,dom,dom,dom,UCP4
51,16,9,2017-10-06 17:04:47,R,L,ucp,ndom,dom,ndom,UCP4
111,58,35,2017-10-06 17:04:48,L,L,ucp,dom,dom,dom,UCP4
41,14,9,2017-10-06 17:04:48,R,L,ucp,ndom,dom,ndom,UCP4
141,90,48,2017-10-06 17:04:49,L,L,ucp,dom,dom,dom,UCP4
31,21,22,2017-10-06 17:04:49,R,L,ucp,ndom,dom,ndom,UCP4
135,57,31,2017-10-06 17:04:50,L,L,ucp,dom,dom,dom,UCP4
15,13,2,2017-10-06 17:04:50,R,L,ucp,ndom,dom,ndom,UCP4
115,56,45,2017-10-06 17:04:51,L,L,ucp,dom,dom,dom,UCP4
24,17,0,2017-10-06 17:04:51,R,L,ucp,ndom,dom,ndom,UCP4
42,26,6,2017-10-06 17:04:52,L,L,ucp,dom,dom,dom,UCP4
9,5,0,2017-10-06 17:04:52,R,L,ucp,ndom,dom,ndom,UCP4
134,78,59,2017-10-06 17:04:53,L,L,ucp,dom,dom,dom,UCP4
19,16,10,2017-10-06 17:04:53,R,L,ucp,ndom,dom,ndom,UCP4
112,69,32,2017-10-06 17:04:54,L,L,ucp,dom,dom,dom,UCP4
28,16,34,2017-10-06 17:04:54,R,L,ucp,ndom,dom,ndom,UCP4
97,81,31,2017-10-06 17:04:55,L,L,ucp,dom,dom,dom,UCP4
13,11,17,2017-10-06 17:04:55,R,L,ucp,ndom,dom,ndom,UCP4
32,26,20,2017-10-06 17:04:56,R,L,ucp,ndom,dom,ndom,UCP4
90,112,42,2017-10-06 17:04:56,L,L,ucp,dom,dom,dom,UCP4
23,53,10,2017-10-06 17:04:57,L,L,ucp,dom,dom,dom,UCP4
1,18,8,2017-10-06 17:04:57,R,L,ucp,ndom,dom,ndom,UCP4
128,51,100,2017-10-06 17:04:58,R,L,ucp,ndom,dom,ndom,UCP4
96,96,87,2017-10-06 17:04:58,L,L,ucp,dom,dom,dom,UCP4
56,67,88,2017-10-06 17:04:59,L,L,ucp,dom,dom,dom,UCP4
61,33,57,2017-10-06 17:04:59,R,L,ucp,ndom,dom,ndom,UCP4
81,65,83,2017-10-06 17:05:00,L,L,ucp,dom,dom,dom,UCP4
32,56,86,2017-10-06 17:05:00,R,L,ucp,ndom,dom,ndom,UCP4
6,0,0,2017-10-06 17:05:01,R,L,ucp,ndom,dom,ndom,UCP4
97,36,48,2017-10-06 17:05:01,L,L,ucp,dom,dom,dom,UCP4
28,21,1,2017-10-06 17:05:02,R,L,ucp,ndom,dom,ndom,UCP4
163,80,30,2017-10-06 17:05:02,L,L,ucp,dom,dom,dom,UCP4
116,49,98,2017-10-06 17:05:03,L,L,ucp,dom,dom,dom,UCP4
26,9,28,2017-10-06 17:05:03,R,L,ucp,ndom,dom,ndom,UCP4
101,78,88,2017-10-06 17:05:04,L,L,ucp,dom,dom,dom,UCP4
25,12,1,2017-10-06 17:05:04,R,L,ucp,ndom,dom,ndom,UCP4
99,74,36,2017-10-06 17:05:05,L,L,ucp,dom,dom,dom,UCP4
11,14,1,2017-10-06 17:05:05,R,L,ucp,ndom,dom,ndom,UCP4
60,102,32,2017-10-06 17:05:06,L,L,ucp,dom,dom,dom,UCP4
76,48,28,2017-10-06 17:05:06,R,L,ucp,ndom,dom,ndom,UCP4
74,59,50,2017-10-06 17:05:07,L,L,ucp,dom,dom,dom,UCP4
82,32,84,2017-10-06 17:05:07,R,L,ucp,ndom,dom,ndom,UCP4
84,81,52,2017-10-06 17:05:08,L,L,ucp,dom,dom,dom,UCP4
114,16,68,2017-10-06 17:05:08,R,L,ucp,ndom,dom,ndom,UCP4
131,75,86,2017-10-06 17:05:09,L,L,ucp,dom,dom,dom,UCP4
57,24,15,2017-10-06 17:05:09,R,L,ucp,ndom,dom,ndom,UCP4
107,271,133,2017-10-06 17:05:10,L,L,ucp,dom,dom,dom,UCP4
67,16,19,2017-10-06 17:05:10,R,L,ucp,ndom,dom,ndom,UCP4
0,0,0,2017-10-06 17:07:00,R,L,ucp,ndom,ndom,ndom,UCP4
3,7,0,2017-10-06 17:07:00,L,L,ucp,dom,ndom,dom,UCP4
0,0,0,2017-10-06 17:07:01,L,L,ucp,dom,ndom,dom,UCP4
0,0,0,2017-10-06 17:07:01,R,L,ucp,ndom,ndom,ndom,UCP4
0,0,0,2017-10-06 17:07:02,L,L,ucp,dom,ndom,dom,UCP4
0,0,0,2017-10-06 17:07:02,R,L,ucp,ndom,ndom,ndom,UCP4
0,0,0,2017-10-06 17:07:03,L,L,ucp,dom,ndom,dom,UCP4
0,0,0,2017-10-06 17:07:03,R,L,ucp,ndom,ndom,ndom,UCP4
3,13,32,2017-10-06 17:07:04,R,L,ucp,ndom,ndom,ndom,UCP4
0,6,0,2017-10-06 17:07:04,L,L,ucp,dom,ndom,dom,UCP4
114,119,160,2017-10-06 17:07:05,R,L,ucp,ndom,ndom,ndom,UCP4
0,0,0,2017-10-06 17:07:05,L,L,ucp,dom,ndom,dom,UCP4
0,0,0,2017-10-06 17:07:06,L,L,ucp,dom,ndom,dom,UCP4
66,84,26,2017-10-06 17:07:06,R,L,ucp,ndom,ndom,ndom,UCP4
55,51,2,2017-10-06 17:07:07,R,L,ucp,ndom,ndom,ndom,UCP4
0,0,0,2017-10-06 17:07:07,L,L,ucp,dom,ndom,dom,UCP4
48,46,35,2017-10-06 17:07:08,R,L,ucp,ndom,ndom,ndom,UCP4
0,0,0,2017-10-06 17:07:08,L,L,ucp,dom,ndom,dom,UCP4
40,17,19,2017-10-06 17:07:09,R,L,ucp,ndom,ndom,ndom,UCP4
0,0,0,2017-10-06 17:07:09,L,L,ucp,dom,ndom,dom,UCP4
0,0,0,2017-10-06 17:07:10,L,L,ucp,dom,ndom,dom,UCP4
57,60,27,2017-10-06 17:07:10,R,L,ucp,ndom,ndom,ndom,UCP4
0,5,0,2017-10-06 17:07:11,L,L,ucp,dom,ndom,dom,UCP4
105,102,86,2017-10-06 17:07:11,R,L,ucp,ndom,ndom,ndom,UCP4
0,43,0,2017-10-06 17:07:12,L,L,ucp,dom,ndom,dom,UCP4
12,44,6,2017-10-06 17:07:12,R,L,ucp,ndom,ndom,ndom,UCP4
6,15,12,2017-10-06 17:07:13,R,L,ucp,ndom,ndom,ndom,UCP4
0,0,0,2017-10-06 17:07:13,L,L,ucp,dom,ndom,dom,UCP4
4,29,0,2017-10-06 17:07:14,L,L,ucp,dom,ndom,dom,UCP4
53,7,11,2017-10-06 17:07:14,R,L,ucp,ndom,ndom,ndom,UCP4
6,54,0,2017-10-06 17:07:15,L,L,ucp,dom,ndom,dom,UCP4
26,65,32,2017-10-06 17:07:15,R,L,ucp,ndom,ndom,ndom,UCP4
156,78,59,2017-10-06 17:07:16,R,L,ucp,ndom,ndom,ndom,UCP4
3,33,0,2017-10-06 17:07:16,L,L,ucp,dom,ndom,dom,UCP4
0,31,0,2017-10-06 17:07:17,L,L,ucp,dom,ndom,dom,UCP4
83,74,88,2017-10-06 17:07:17,R,L,ucp,ndom,ndom,ndom,UCP4
33,97,63,2017-10-06 17:07:18,R,L,ucp,ndom,ndom,ndom,UCP4
0,1,0,2017-10-06 17:07:18,L,L,ucp,dom,ndom,dom,UCP4
172,78,50,2017-10-06 17:07:19,R,L,ucp,ndom,ndom,ndom,UCP4
6,19,0,2017-10-06 17:07:19,L,L,ucp,dom,ndom,dom,UCP4
9,40,0,2017-10-06 17:07:20,L,L,ucp,dom,ndom,dom,UCP4
108,69,75,2017-10-06 17:07:20,R,L,ucp,ndom,ndom,ndom,UCP4
126,36,29,2017-10-06 17:07:21,R,L,ucp,ndom,ndom,ndom,UCP4
0,34,0,2017-10-06 17:07:21,L,L,ucp,dom,ndom,dom,UCP4
0,6,0,2017-10-06 17:07:22,L,L,ucp,dom,ndom,dom,UCP4
12,81,52,2017-10-06 17:07:22,R,L,ucp,ndom,ndom,ndom,UCP4
0,3,0,2017-10-06 17:07:23,L,L,ucp,dom,ndom,dom,UCP4
66,58,60,2017-10-06 17:07:23,R,L,ucp,ndom,ndom,ndom,UCP4
0,5,0,2017-10-06 17:07:24,L,L,ucp,dom,ndom,dom,UCP4
55,98,47,2017-10-06 17:07:24,R,L,ucp,ndom,ndom,ndom,UCP4
51,58,15,2017-10-06 17:07:25,R,L,ucp,ndom,ndom,ndom,UCP4
8,48,7,2017-10-06 17:07:25,L,L,ucp,dom,ndom,dom,UCP4
55,61,1,2017-10-06 17:07:26,R,L,ucp,ndom,ndom,ndom,UCP4
0,35,0,2017-10-06 17:07:26,L,L,ucp,dom,ndom,dom,UCP4
47,24,8,2017-10-06 17:07:27,R,L,ucp,ndom,ndom,ndom,UCP4
0,41,0,2017-10-06 17:07:27,L,L,ucp,dom,ndom,dom,UCP4
35,106,41,2017-10-06 17:07:28,R,L,ucp,ndom,ndom,ndom,UCP4
0,36,0,2017-10-06 17:07:28,L,L,ucp,dom,ndom,dom,UCP4
114,76,58,2017-10-06 17:07:29,R,L,ucp,ndom,ndom,ndom,UCP4
0,29,0,2017-10-06 17:07:29,L,L,ucp,dom,ndom,dom,UCP4
46,105,74,2017-10-06 17:07:30,R,L,ucp,ndom,ndom,ndom,UCP4
0,21,0,2017-10-06 17:07:30,L,L,ucp,dom,ndom,dom,UCP4
8,50,0,2017-10-06 17:07:31,L,L,ucp,dom,ndom,dom,UCP4
35,76,46,2017-10-06 17:07:31,R,L,ucp,ndom,ndom,ndom,UCP4
2,36,0,2017-10-06 17:07:32,L,L,ucp,dom,ndom,dom,UCP4
42,32,53,2017-10-06 17:07:32,R,L,ucp,ndom,ndom,ndom,UCP4
0,40,1,2017-10-06 17:07:33,L,L,ucp,dom,ndom,dom,UCP4
64,92,75,2017-10-06 17:07:33,R,L,ucp,ndom,ndom,ndom,UCP4
38,44,72,2017-10-06 17:07:34,R,L,ucp,ndom,ndom,ndom,UCP4
7,57,0,2017-10-06 17:07:34,L,L,ucp,dom,ndom,dom,UCP4
54,50,26,2017-10-06 17:07:35,R,L,ucp,ndom,ndom,ndom,UCP4
18,49,15,2017-10-06 17:07:35,L,L,ucp,dom,ndom,dom,UCP4
1,60,34,2017-10-06 17:07:36,R,L,ucp,ndom,ndom,ndom,UCP4
14,37,7,2017-10-06 17:07:36,L,L,ucp,dom,ndom,dom,UCP4
81,97,68,2017-10-06 17:07:37,R,L,ucp,ndom,ndom,ndom,UCP4
0,19,0,2017-10-06 17:07:37,L,L,ucp,dom,ndom,dom,UCP4
0,0,0,2017-10-06 17:07:38,L,L,ucp,dom,ndom,dom,UCP4
49,75,65,2017-10-06 17:07:38,R,L,ucp,ndom,ndom,ndom,UCP4
0,0,0,2017-10-06 17:07:39,L,L,ucp,dom,ndom,dom,UCP4
56,93,73,2017-10-06 17:07:39,R,L,ucp,ndom,ndom,ndom,UCP4
5,25,6,2017-10-06 17:07:40,L,L,ucp,dom,ndom,dom,UCP4
85,95,71,2017-10-06 17:07:40,R,L,ucp,ndom,ndom,ndom,UCP4
4,13,0,2017-10-06 17:07:41,L,L,ucp,dom,ndom,dom,UCP4
7,73,24,2017-10-06 17:07:41,R,L,ucp,ndom,ndom,ndom,UCP4
16,17,14,2017-10-06 17:07:42,L,L,ucp,dom,ndom,dom,UCP4
1,21,23,2017-10-06 17:07:42,R,L,ucp,ndom,ndom,ndom,UCP4
22,57,28,2017-10-06 17:07:43,L,L,ucp,dom,ndom,dom,UCP4
37,9,19,2017-10-06 17:07:43,R,L,ucp,ndom,ndom,ndom,UCP4
0,5,0,2017-10-06 17:07:44,L,L,ucp,dom,ndom,dom,UCP4
27,64,30,2017-10-06 17:07:44,R,L,ucp,ndom,ndom,ndom,UCP4
48,21,22,2017-10-06 17:07:45,L,L,ucp,dom,ndom,dom,UCP4
28,99,50,2017-10-06 17:07:45,R,L,ucp,ndom,ndom,ndom,UCP4
0,36,0,2017-10-06 17:07:46,R,L,ucp,ndom,ndom,ndom,UCP4
86,39,58,2017-10-06 17:07:46,L,L,ucp,dom,ndom,dom,UCP4
8,23,6,2017-10-06 17:07:47,L,L,ucp,dom,ndom,dom,UCP4
22,58,16,2017-10-06 17:07:47,R,L,ucp,ndom,ndom,ndom,UCP4
0,0,0,2017-10-06 17:07:48,L,L,ucp,dom,ndom,dom,UCP4
27,29,0,2017-10-06 17:07:48,R,L,ucp,ndom,ndom,ndom,UCP4
0,0,0,2017-10-06 17:07:49,L,L,ucp,dom,ndom,dom,UCP4
11,106,85,2017-10-06 17:07:49,R,L,ucp,ndom,ndom,ndom,UCP4
71,84,39,2017-10-06 17:07:50,R,L,ucp,ndom,ndom,ndom,UCP4
0,0,0,2017-10-06 17:07:50,L,L,ucp,dom,ndom,dom,UCP4
0,0,0,2017-10-06 17:07:51,L,L,ucp,dom,ndom,dom,UCP4
79,108,56,2017-10-06 17:07:51,R,L,ucp,ndom,ndom,ndom,UCP4
0,17,5,2017-10-06 17:07:52,L,L,ucp,dom,ndom,dom,UCP4
0,29,18,2017-10-06 17:07:52,R,L,ucp,ndom,ndom,ndom,UCP4
0,32,0,2017-10-06 17:07:53,R,L,ucp,ndom,ndom,ndom,UCP4
0,12,1,2017-10-06 17:07:53,L,L,ucp,dom,ndom,dom,UCP4
32,88,0,2017-10-06 17:07:54,R,L,ucp,ndom,ndom,ndom,UCP4
0,21,0,2017-10-06 17:07:54,L,L,ucp,dom,ndom,dom,UCP4
6,21,0,2017-10-06 17:07:55,R,L,ucp,ndom,ndom,ndom,UCP4
0,0,0,2017-10-06 17:07:55,L,L,ucp,dom,ndom,dom,UCP4
0,0,0,2017-10-06 17:07:56,L,L,ucp,dom,ndom,dom,UCP4
34,16,10,2017-10-06 17:07:56,R,L,ucp,ndom,ndom,ndom,UCP4
0,0,0,2017-10-06 17:07:57,L,L,ucp,dom,ndom,dom,UCP4
79,81,40,2017-10-06 17:07:57,R,L,ucp,ndom,ndom,ndom,UCP4
0,1,0,2017-10-06 17:07:58,L,L,ucp,dom,ndom,dom,UCP4
13,96,35,2017-10-06 17:07:58,R,L,ucp,ndom,ndom,ndom,UCP4
0,22,0,2017-10-06 17:07:59,L,L,ucp,dom,ndom,dom,UCP4
32,55,24,2017-10-06 17:07:59,R,L,ucp,ndom,ndom,ndom,UCP4
8,9,0,2017-10-06 17:08:00,L,L,ucp,dom,ndom,dom,UCP4
13,19,0,2017-10-06 17:08:00,R,L,ucp,ndom,ndom,ndom,UCP4
0,3,0,2017-12-11 14:32:05,R,L,ucp,ndom,dom,ndom,UCP5
218,74,130,2017-12-11 14:32:05,L,L,ucp,dom,dom,dom,UCP5
0,10,0,2017-12-11 14:32:06,R,L,ucp,ndom,dom,ndom,UCP5
247,77,88,2017-12-11 14:32:06,L,L,ucp,dom,dom,dom,UCP5
0,12,0,2017-12-11 14:32:07,R,L,ucp,ndom,dom,ndom,UCP5
227,101,130,2017-12-11 14:32:07,L,L,ucp,dom,dom,dom,UCP5
247,98,155,2017-12-11 14:32:08,L,L,ucp,dom,dom,dom,UCP5
0,22,0,2017-12-11 14:32:08,R,L,ucp,ndom,dom,ndom,UCP5
0,0,0,2017-12-11 14:32:09,R,L,ucp,ndom,dom,ndom,UCP5
125,29,95,2017-12-11 14:32:09,L,L,ucp,dom,dom,dom,UCP5
0,8,0,2017-12-11 14:32:10,R,L,ucp,ndom,dom,ndom,UCP5
152,36,67,2017-12-11 14:32:10,L,L,ucp,dom,dom,dom,UCP5
0,0,0,2017-12-11 14:32:11,R,L,ucp,ndom,dom,ndom,UCP5
203,50,128,2017-12-11 14:32:11,L,L,ucp,dom,dom,dom,UCP5
0,0,0,2017-12-11 14:32:12,R,L,ucp,ndom,dom,ndom,UCP5
193,47,128,2017-12-11 14:32:12,L,L,ucp,dom,dom,dom,UCP5
0,0,0,2017-12-11 14:32:13,R,L,ucp,ndom,dom,ndom,UCP5
108,99,135,2017-12-11 14:32:13,L,L,ucp,dom,dom,dom,UCP5
0,0,0,2017-12-11 14:32:14,R,L,ucp,ndom,dom,ndom,UCP5
105,78,95,2017-12-11 14:32:14,L,L,ucp,dom,dom,dom,UCP5
0,0,0,2017-12-11 14:32:15,R,L,ucp,ndom,dom,ndom,UCP5
91,55,95,2017-12-11 14:32:15,L,L,ucp,dom,dom,dom,UCP5
0,0,0,2017-12-11 14:32:16,R,L,ucp,ndom,dom,ndom,UCP5
127,106,97,2017-12-11 14:32:16,L,L,ucp,dom,dom,dom,UCP5
102,60,75,2017-12-11 14:32:17,L,L,ucp,dom,dom,dom,UCP5
0,0,0,2017-12-11 14:32:17,R,L,ucp,ndom,dom,ndom,UCP5
88,65,102,2017-12-11 14:32:18,L,L,ucp,dom,dom,dom,UCP5
0,0,0,2017-12-11 14:32:18,R,L,ucp,ndom,dom,ndom,UCP5
116,85,81,2017-12-11 14:32:19,L,L,ucp,dom,dom,dom,UCP5
0,0,0,2017-12-11 14:32:19,R,L,ucp,ndom,dom,ndom,UCP5
122,68,130,2017-12-11 14:32:20,L,L,ucp,dom,dom,dom,UCP5
0,0,0,2017-12-11 14:32:20,R,L,ucp,ndom,dom,ndom,UCP5
144,82,147,2017-12-11 14:32:21,L,L,ucp,dom,dom,dom,UCP5
0,0,0,2017-12-11 14:32:21,R,L,ucp,ndom,dom,ndom,UCP5
64,46,116,2017-12-11 14:32:22,L,L,ucp,dom,dom,dom,UCP5
0,0,0,2017-12-11 14:32:22,R,L,ucp,ndom,dom,ndom,UCP5
131,66,124,2017-12-11 14:32:23,L,L,ucp,dom,dom,dom,UCP5
0,0,0,2017-12-11 14:32:23,R,L,ucp,ndom,dom,ndom,UCP5
0,0,0,2017-12-11 14:32:24,R,L,ucp,ndom,dom,ndom,UCP5
129,44,105,2017-12-11 14:32:24,L,L,ucp,dom,dom,dom,UCP5
119,103,98,2017-12-11 14:32:25,L,L,ucp,dom,dom,dom,UCP5
0,0,0,2017-12-11 14:32:25,R,L,ucp,ndom,dom,ndom,UCP5
134,99,99,2017-12-11 14:32:26,L,L,ucp,dom,dom,dom,UCP5
0,0,0,2017-12-11 14:32:26,R,L,ucp,ndom,dom,ndom,UCP5
199,136,108,2017-12-11 14:32:27,L,L,ucp,dom,dom,dom,UCP5
0,0,0,2017-12-11 14:32:27,R,L,ucp,ndom,dom,ndom,UCP5
0,0,0,2017-12-11 14:32:28,R,L,ucp,ndom,dom,ndom,UCP5
114,37,110,2017-12-11 14:32:28,L,L,ucp,dom,dom,dom,UCP5
0,0,0,2017-12-11 14:32:29,R,L,ucp,ndom,dom,ndom,UCP5
104,102,112,2017-12-11 14:32:29,L,L,ucp,dom,dom,dom,UCP5
0,0,0,2017-12-11 14:32:30,R,L,ucp,ndom,dom,ndom,UCP5
130,63,77,2017-12-11 14:32:30,L,L,ucp,dom,dom,dom,UCP5
140,117,87,2017-12-11 14:32:31,L,L,ucp,dom,dom,dom,UCP5
0,0,0,2017-12-11 14:32:31,R,L,ucp,ndom,dom,ndom,UCP5
141,181,51,2017-12-11 14:32:32,L,L,ucp,dom,dom,dom,UCP5
0,0,0,2017-12-11 14:32:32,R,L,ucp,ndom,dom,ndom,UCP5
117,145,130,2017-12-11 14:32:33,L,L,ucp,dom,dom,dom,UCP5
0,0,0,2017-12-11 14:32:33,R,L,ucp,ndom,dom,ndom,UCP5
0,0,0,2017-12-11 14:32:34,R,L,ucp,ndom,dom,ndom,UCP5
126,44,127,2017-12-11 14:32:34,L,L,ucp,dom,dom,dom,UCP5
73,58,53,2017-12-11 14:32:35,L,L,ucp,dom,dom,dom,UCP5
0,0,0,2017-12-11 14:32:35,R,L,ucp,ndom,dom,ndom,UCP5
148,70,158,2017-12-11 14:32:36,L,L,ucp,dom,dom,dom,UCP5
0,0,0,2017-12-11 14:32:36,R,L,ucp,ndom,dom,ndom,UCP5
0,0,0,2017-12-11 14:32:37,R,L,ucp,ndom,dom,ndom,UCP5
134,61,128,2017-12-11 14:32:37,L,L,ucp,dom,dom,dom,UCP5
129,82,129,2017-12-11 14:32:38,L,L,ucp,dom,dom,dom,UCP5
0,0,0,2017-12-11 14:32:38,R,L,ucp,ndom,dom,ndom,UCP5
0,0,0,2017-12-11 14:32:39,R,L,ucp,ndom,dom,ndom,UCP5
100,46,66,2017-12-11 14:32:39,L,L,ucp,dom,dom,dom,UCP5
0,0,0,2017-12-11 14:32:40,R,L,ucp,ndom,dom,ndom,UCP5
133,74,138,2017-12-11 14:32:40,L,L,ucp,dom,dom,dom,UCP5
205,124,80,2017-12-11 14:32:41,L,L,ucp,dom,dom,dom,UCP5
0,0,0,2017-12-11 14:32:41,R,L,ucp,ndom,dom,ndom,UCP5
227,74,83,2017-12-11 14:32:42,L,L,ucp,dom,dom,dom,UCP5
0,0,0,2017-12-11 14:32:42,R,L,ucp,ndom,dom,ndom,UCP5
177,62,117,2017-12-11 14:32:43,L,L,ucp,dom,dom,dom,UCP5
0,5,0,2017-12-11 14:32:43,R,L,ucp,ndom,dom,ndom,UCP5
172,111,160,2017-12-11 14:32:44,L,L,ucp,dom,dom,dom,UCP5
0,2,0,2017-12-11 14:32:44,R,L,ucp,ndom,dom,ndom,UCP5
165,73,72,2017-12-11 14:32:45,L,L,ucp,dom,dom,dom,UCP5
0,2,0,2017-12-11 14:32:45,R,L,ucp,ndom,dom,ndom,UCP5
178,100,120,2017-12-11 14:32:46,L,L,ucp,dom,dom,dom,UCP5
0,0,0,2017-12-11 14:32:46,R,L,ucp,ndom,dom,ndom,UCP5
0,0,0,2017-12-11 14:32:47,R,L,ucp,ndom,dom,ndom,UCP5
193,119,154,2017-12-11 14:32:47,L,L,ucp,dom,dom,dom,UCP5
137,79,105,2017-12-11 14:32:48,L,L,ucp,dom,dom,dom,UCP5
0,0,0,2017-12-11 14:32:48,R,L,ucp,ndom,dom,ndom,UCP5
126,62,172,2017-12-11 14:32:49,L,L,ucp,dom,dom,dom,UCP5
0,0,0,2017-12-11 14:32:49,R,L,ucp,ndom,dom,ndom,UCP5
0,2,0,2017-12-11 14:32:50,R,L,ucp,ndom,dom,ndom,UCP5
128,78,137,2017-12-11 14:32:50,L,L,ucp,dom,dom,dom,UCP5
174,89,156,2017-12-11 14:32:51,L,L,ucp,dom,dom,dom,UCP5
0,0,0,2017-12-11 14:32:51,R,L,ucp,ndom,dom,ndom,UCP5
139,87,77,2017-12-11 14:32:52,L,L,ucp,dom,dom,dom,UCP5
0,0,0,2017-12-11 14:32:52,R,L,ucp,ndom,dom,ndom,UCP5
0,0,0,2017-12-11 14:32:53,R,L,ucp,ndom,dom,ndom,UCP5
121,35,44,2017-12-11 14:32:53,L,L,ucp,dom,dom,dom,UCP5
0,0,0,2017-12-11 14:32:54,R,L,ucp,ndom,dom,ndom,UCP5
87,82,129,2017-12-11 14:32:54,L,L,ucp,dom,dom,dom,UCP5
0,0,0,2017-12-11 14:32:55,R,L,ucp,ndom,dom,ndom,UCP5
142,82,144,2017-12-11 14:32:55,L,L,ucp,dom,dom,dom,UCP5
0,0,0,2017-12-11 14:32:56,R,L,ucp,ndom,dom,ndom,UCP5
162,109,122,2017-12-11 14:32:56,L,L,ucp,dom,dom,dom,UCP5
136,82,143,2017-12-11 14:32:57,L,L,ucp,dom,dom,dom,UCP5
0,0,0,2017-12-11 14:32:57,R,L,ucp,ndom,dom,ndom,UCP5
0,0,0,2017-12-11 14:32:58,R,L,ucp,ndom,dom,ndom,UCP5
137,62,132,2017-12-11 14:32:58,L,L,ucp,dom,dom,dom,UCP5
188,55,107,2017-12-11 14:32:59,L,L,ucp,dom,dom,dom,UCP5
0,0,0,2017-12-11 14:32:59,R,L,ucp,ndom,dom,ndom,UCP5
152,83,139,2017-12-11 14:33:00,L,L,ucp,dom,dom,dom,UCP5
0,0,0,2017-12-11 14:33:00,R,L,ucp,ndom,dom,ndom,UCP5
0,0,0,2017-12-11 14:33:01,R,L,ucp,ndom,dom,ndom,UCP5
158,61,85,2017-12-11 14:33:01,L,L,ucp,dom,dom,dom,UCP5
14,22,2,2017-12-11 14:33:02,R,L,ucp,ndom,dom,ndom,UCP5
124,60,124,2017-12-11 14:33:02,L,L,ucp,dom,dom,dom,UCP5
128,75,149,2017-12-11 14:33:03,L,L,ucp,dom,dom,dom,UCP5
62,72,30,2017-12-11 14:33:03,R,L,ucp,ndom,dom,ndom,UCP5
117,102,114,2017-12-11 14:33:04,L,L,ucp,dom,dom,dom,UCP5
21,18,2,2017-12-11 14:33:04,R,L,ucp,ndom,dom,ndom,UCP5
305,224,139,2017-12-11 14:33:05,L,L,ucp,dom,dom,dom,UCP5
56,50,23,2017-12-11 14:33:05,R,L,ucp,ndom,dom,ndom,UCP5
90,62,79,2017-12-11 14:35:05,R,L,ucp,ndom,ndom,ndom,UCP5
11,9,0,2017-12-11 14:35:05,L,L,ucp,dom,ndom,dom,UCP5
90,128,93,2017-12-11 14:35:06,R,L,ucp,ndom,ndom,ndom,UCP5
5,0,0,2017-12-11 14:35:06,L,L,ucp,dom,ndom,dom,UCP5
0,4,0,2017-12-11 14:35:07,L,L,ucp,dom,ndom,dom,UCP5
149,124,60,2017-12-11 14:35:07,R,L,ucp,ndom,ndom,ndom,UCP5
87,34,35,2017-12-11 14:35:08,R,L,ucp,ndom,ndom,ndom,UCP5
14,13,0,2017-12-11 14:35:08,L,L,ucp,dom,ndom,dom,UCP5
149,94,42,2017-12-11 14:35:09,R,L,ucp,ndom,ndom,ndom,UCP5
0,0,0,2017-12-11 14:35:09,L,L,ucp,dom,ndom,dom,UCP5
107,60,24,2017-12-11 14:35:10,R,L,ucp,ndom,ndom,ndom,UCP5
0,7,0,2017-12-11 14:35:10,L,L,ucp,dom,ndom,dom,UCP5
195,171,76,2017-12-11 14:35:11,R,L,ucp,ndom,ndom,ndom,UCP5
0,6,0,2017-12-11 14:35:11,L,L,ucp,dom,ndom,dom,UCP5
83,65,69,2017-12-11 14:35:12,R,L,ucp,ndom,ndom,ndom,UCP5
15,6,0,2017-12-11 14:35:12,L,L,ucp,dom,ndom,dom,UCP5
98,147,72,2017-12-11 14:35:13,R,L,ucp,ndom,ndom,ndom,UCP5
9,11,0,2017-12-11 14:35:13,L,L,ucp,dom,ndom,dom,UCP5
125,154,94,2017-12-11 14:35:14,R,L,ucp,ndom,ndom,ndom,UCP5
1,4,0,2017-12-11 14:35:14,L,L,ucp,dom,ndom,dom,UCP5
9,18,0,2017-12-11 14:35:15,L,L,ucp,dom,ndom,dom,UCP5
74,154,62,2017-12-11 14:35:15,R,L,ucp,ndom,ndom,ndom,UCP5
9,20,0,2017-12-11 14:35:16,L,L,ucp,dom,ndom,dom,UCP5
77,94,24,2017-12-11 14:35:16,R,L,ucp,ndom,ndom,ndom,UCP5
0,8,0,2017-12-11 14:35:17,L,L,ucp,dom,ndom,dom,UCP5
81,99,72,2017-12-11 14:35:17,R,L,ucp,ndom,ndom,ndom,UCP5
0,3,0,2017-12-11 14:35:18,L,L,ucp,dom,ndom,dom,UCP5
135,121,112,2017-12-11 14:35:18,R,L,ucp,ndom,ndom,ndom,UCP5
17,14,0,2017-12-11 14:35:19,L,L,ucp,dom,ndom,dom,UCP5
74,102,20,2017-12-11 14:35:19,R,L,ucp,ndom,ndom,ndom,UCP5
0,6,0,2017-12-11 14:35:20,L,L,ucp,dom,ndom,dom,UCP5
65,70,49,2017-12-11 14:35:20,R,L,ucp,ndom,ndom,ndom,UCP5
177,116,127,2017-12-11 14:35:21,R,L,ucp,ndom,ndom,ndom,UCP5
0,0,0,2017-12-11 14:35:21,L,L,ucp,dom,ndom,dom,UCP5
5,6,0,2017-12-11 14:35:22,L,L,ucp,dom,ndom,dom,UCP5
98,50,94,2017-12-11 14:35:22,R,L,ucp,ndom,ndom,ndom,UCP5
16,11,0,2017-12-11 14:35:23,L,L,ucp,dom,ndom,dom,UCP5
182,158,104,2017-12-11 14:35:23,R,L,ucp,ndom,ndom,ndom,UCP5
28,9,0,2017-12-11 14:35:24,L,L,ucp,dom,ndom,dom,UCP5
184,97,162,2017-12-11 14:35:24,R,L,ucp,ndom,ndom,ndom,UCP5
20,10,0,2017-12-11 14:35:25,L,L,ucp,dom,ndom,dom,UCP5
158,149,110,2017-12-11 14:35:25,R,L,ucp,ndom,ndom,ndom,UCP5
31,13,0,2017-12-11 14:35:26,L,L,ucp,dom,ndom,dom,UCP5
126,44,79,2017-12-11 14:35:26,R,L,ucp,ndom,ndom,ndom,UCP5
17,18,0,2017-12-11 14:35:27,L,L,ucp,dom,ndom,dom,UCP5
110,133,46,2017-12-11 14:35:27,R,L,ucp,ndom,ndom,ndom,UCP5
33,44,7,2017-12-11 14:35:28,L,L,ucp,dom,ndom,dom,UCP5
141,120,68,2017-12-11 14:35:28,R,L,ucp,ndom,ndom,ndom,UCP5
24,0,0,2017-12-11 14:35:29,L,L,ucp,dom,ndom,dom,UCP5
92,71,47,2017-12-11 14:35:29,R,L,ucp,ndom,ndom,ndom,UCP5
30,9,3,2017-12-11 14:35:30,L,L,ucp,dom,ndom,dom,UCP5
193,149,133,2017-12-11 14:35:30,R,L,ucp,ndom,ndom,ndom,UCP5
29,17,0,2017-12-11 14:35:31,L,L,ucp,dom,ndom,dom,UCP5
97,122,76,2017-12-11 14:35:31,R,L,ucp,ndom,ndom,ndom,UCP5
3,0,0,2017-12-11 14:35:32,L,L,ucp,dom,ndom,dom,UCP5
90,72,31,2017-12-11 14:35:32,R,L,ucp,ndom,ndom,ndom,UCP5
9,4,0,2017-12-11 14:35:33,L,L,ucp,dom,ndom,dom,UCP5
57,34,10,2017-12-11 14:35:33,R,L,ucp,ndom,ndom,ndom,UCP5
13,0,1,2017-12-11 14:35:34,L,L,ucp,dom,ndom,dom,UCP5
61,93,51,2017-12-11 14:35:34,R,L,ucp,ndom,ndom,ndom,UCP5
9,20,16,2017-12-11 14:35:35,L,L,ucp,dom,ndom,dom,UCP5
152,125,94,2017-12-11 14:35:35,R,L,ucp,ndom,ndom,ndom,UCP5
94,116,92,2017-12-11 14:35:36,R,L,ucp,ndom,ndom,ndom,UCP5
17,30,3,2017-12-11 14:35:36,L,L,ucp,dom,ndom,dom,UCP5
35,47,30,2017-12-11 14:35:37,L,L,ucp,dom,ndom,dom,UCP5
111,128,96,2017-12-11 14:35:37,R,L,ucp,ndom,ndom,ndom,UCP5
15,77,31,2017-12-11 14:35:38,L,L,ucp,dom,ndom,dom,UCP5
22,54,37,2017-12-11 14:35:38,R,L,ucp,ndom,ndom,ndom,UCP5
0,0,10,2017-12-11 14:35:39,L,L,ucp,dom,ndom,dom,UCP5
49,75,48,2017-12-11 14:35:39,R,L,ucp,ndom,ndom,ndom,UCP5
14,16,19,2017-12-11 14:35:40,L,L,ucp,dom,ndom,dom,UCP5
80,105,47,2017-12-11 14:35:40,R,L,ucp,ndom,ndom,ndom,UCP5
10,16,27,2017-12-11 14:35:41,L,L,ucp,dom,ndom,dom,UCP5
89,102,66,2017-12-11 14:35:41,R,L,ucp,ndom,ndom,ndom,UCP5
10,51,52,2017-12-11 14:35:42,L,L,ucp,dom,ndom,dom,UCP5
141,128,43,2017-12-11 14:35:42,R,L,ucp,ndom,ndom,ndom,UCP5
145,151,88,2017-12-11 14:35:43,R,L,ucp,ndom,ndom,ndom,UCP5
44,75,79,2017-12-11 14:35:43,L,L,ucp,dom,ndom,dom,UCP5
29,69,78,2017-12-11 14:35:44,L,L,ucp,dom,ndom,dom,UCP5
80,111,65,2017-12-11 14:35:44,R,L,ucp,ndom,ndom,ndom,UCP5
4,80,33,2017-12-11 14:35:45,L,L,ucp,dom,ndom,dom,UCP5
118,109,110,2017-12-11 14:35:45,R,L,ucp,ndom,ndom,ndom,UCP5
30,92,54,2017-12-11 14:35:46,L,L,ucp,dom,ndom,dom,UCP5
131,139,89,2017-12-11 14:35:46,R,L,ucp,ndom,ndom,ndom,UCP5
14,83,52,2017-12-11 14:35:47,L,L,ucp,dom,ndom,dom,UCP5
8,64,13,2017-12-11 14:35:47,R,L,ucp,ndom,ndom,ndom,UCP5
0,34,17,2017-12-11 14:35:48,L,L,ucp,dom,ndom,dom,UCP5
104,118,75,2017-12-11 14:35:48,R,L,ucp,ndom,ndom,ndom,UCP5
4,63,46,2017-12-11 14:35:49,L,L,ucp,dom,ndom,dom,UCP5
65,108,69,2017-12-11 14:35:49,R,L,ucp,ndom,ndom,ndom,UCP5
13,98,69,2017-12-11 14:35:50,L,L,ucp,dom,ndom,dom,UCP5
132,78,43,2017-12-11 14:35:50,R,L,ucp,ndom,ndom,ndom,UCP5
22,38,57,2017-12-11 14:35:51,L,L,ucp,dom,ndom,dom,UCP5
64,45,26,2017-12-11 14:35:51,R,L,ucp,ndom,ndom,ndom,UCP5
76,35,41,2017-12-11 14:35:52,R,L,ucp,ndom,ndom,ndom,UCP5
0,14,32,2017-12-11 14:35:52,L,L,ucp,dom,ndom,dom,UCP5
154,109,74,2017-12-11 14:35:53,R,L,ucp,ndom,ndom,ndom,UCP5
9,65,21,2017-12-11 14:35:53,L,L,ucp,dom,ndom,dom,UCP5
145,82,98,2017-12-11 14:35:54,R,L,ucp,ndom,ndom,ndom,UCP5
30,93,66,2017-12-11 14:35:54,L,L,ucp,dom,ndom,dom,UCP5
111,72,43,2017-12-11 14:35:55,R,L,ucp,ndom,ndom,ndom,UCP5
17,51,58,2017-12-11 14:35:55,L,L,ucp,dom,ndom,dom,UCP5
61,102,31,2017-12-11 14:35:56,R,L,ucp,ndom,ndom,ndom,UCP5
19,74,26,2017-12-11 14:35:56,L,L,ucp,dom,ndom,dom,UCP5
198,129,95,2017-12-11 14:35:57,R,L,ucp,ndom,ndom,ndom,UCP5
17,49,79,2017-12-11 14:35:57,L,L,ucp,dom,ndom,dom,UCP5
35,44,13,2017-12-11 14:35:58,R,L,ucp,ndom,ndom,ndom,UCP5
25,105,39,2017-12-11 14:35:58,L,L,ucp,dom,ndom,dom,UCP5
60,62,22,2017-12-11 14:35:59,R,L,ucp,ndom,ndom,ndom,UCP5
8,22,19,2017-12-11 14:35:59,L,L,ucp,dom,ndom,dom,UCP5
98,101,97,2017-12-11 14:36:00,R,L,ucp,ndom,ndom,ndom,UCP5
3,22,13,2017-12-11 14:36:00,L,L,ucp,dom,ndom,dom,UCP5
116,154,13,2017-12-11 14:36:01,R,L,ucp,ndom,ndom,ndom,UCP5
20,48,72,2017-12-11 14:36:01,L,L,ucp,dom,ndom,dom,UCP5
81,129,63,2017-12-11 14:36:02,R,L,ucp,ndom,ndom,ndom,UCP5
0,6,6,2017-12-11 14:36:02,L,L,ucp,dom,ndom,dom,UCP5
68,82,43,2017-12-11 14:36:03,R,L,ucp,ndom,ndom,ndom,UCP5
10,15,40,2017-12-11 14:36:03,L,L,ucp,dom,ndom,dom,UCP5
81,115,29,2017-12-11 14:36:04,R,L,ucp,ndom,ndom,ndom,UCP5
13,54,31,2017-12-11 14:36:04,L,L,ucp,dom,ndom,dom,UCP5
50,64,0,2017-12-11 14:36:05,R,L,ucp,ndom,ndom,ndom,UCP5
12,18,30,2017-12-11 14:36:05,L,L,ucp,dom,ndom,dom,UCP5
83,41,50,2016-10-04 12:04:41,R,L,ucp,ndom,dom,ndom,UCP6
106,80,81,2016-10-04 12:04:41,L,L,ucp,dom,dom,dom,UCP6
25,50,53,2016-10-04 12:04:42,R,L,ucp,ndom,dom,ndom,UCP6
93,75,87,2016-10-04 12:04:42,L,L,ucp,dom,dom,dom,UCP6
113,99,53,2016-10-04 12:04:43,L,L,ucp,dom,dom,dom,UCP6
12,19,20,2016-10-04 12:04:43,R,L,ucp,ndom,dom,ndom,UCP6
64,94,61,2016-10-04 12:04:44,L,L,ucp,dom,dom,dom,UCP6
10,7,20,2016-10-04 12:04:44,R,L,ucp,ndom,dom,ndom,UCP6
47,52,47,2016-10-04 12:04:45,L,L,ucp,dom,dom,dom,UCP6
2,0,7,2016-10-04 12:04:45,R,L,ucp,ndom,dom,ndom,UCP6
103,75,33,2016-10-04 12:04:46,L,L,ucp,dom,dom,dom,UCP6
15,7,17,2016-10-04 12:04:46,R,L,ucp,ndom,dom,ndom,UCP6
59,63,22,2016-10-04 12:04:47,L,L,ucp,dom,dom,dom,UCP6
5,7,13,2016-10-04 12:04:47,R,L,ucp,ndom,dom,ndom,UCP6
62,83,27,2016-10-04 12:04:48,L,L,ucp,dom,dom,dom,UCP6
4,20,22,2016-10-04 12:04:48,R,L,ucp,ndom,dom,ndom,UCP6
74,103,45,2016-10-04 12:04:49,L,L,ucp,dom,dom,dom,UCP6
9,17,14,2016-10-04 12:04:49,R,L,ucp,ndom,dom,ndom,UCP6
74,108,23,2016-10-04 12:04:50,L,L,ucp,dom,dom,dom,UCP6
4,18,2,2016-10-04 12:04:50,R,L,ucp,ndom,dom,ndom,UCP6
45,65,6,2016-10-04 12:04:51,L,L,ucp,dom,dom,dom,UCP6
43,8,17,2016-10-04 12:04:51,R,L,ucp,ndom,dom,ndom,UCP6
82,63,139,2016-10-04 12:04:52,L,L,ucp,dom,dom,dom,UCP6
25,48,27,2016-10-04 12:04:52,R,L,ucp,ndom,dom,ndom,UCP6
61,99,30,2016-10-04 12:04:53,L,L,ucp,dom,dom,dom,UCP6
3,22,9,2016-10-04 12:04:53,R,L,ucp,ndom,dom,ndom,UCP6
65,44,44,2016-10-04 12:04:54,L,L,ucp,dom,dom,dom,UCP6
12,21,0,2016-10-04 12:04:54,R,L,ucp,ndom,dom,ndom,UCP6
58,59,33,2016-10-04 12:04:55,L,L,ucp,dom,dom,dom,UCP6
1,0,0,2016-10-04 12:04:55,R,L,ucp,ndom,dom,ndom,UCP6
74,45,37,2016-10-04 12:04:56,L,L,ucp,dom,dom,dom,UCP6
2,9,0,2016-10-04 12:04:56,R,L,ucp,ndom,dom,ndom,UCP6
85,88,40,2016-10-04 12:04:57,L,L,ucp,dom,dom,dom,UCP6
0,0,0,2016-10-04 12:04:57,R,L,ucp,ndom,dom,ndom,UCP6
0,0,0,2016-10-04 12:04:58,R,L,ucp,ndom,dom,ndom,UCP6
88,39,59,2016-10-04 12:04:58,L,L,ucp,dom,dom,dom,UCP6
105,66,29,2016-10-04 12:04:59,L,L,ucp,dom,dom,dom,UCP6
0,0,0,2016-10-04 12:04:59,R,L,ucp,ndom,dom,ndom,UCP6
142,23,52,2016-10-04 12:05:00,L,L,ucp,dom,dom,dom,UCP6
0,0,0,2016-10-04 12:05:00,R,L,ucp,ndom,dom,ndom,UCP6
122,79,86,2016-10-04 12:05:01,L,L,ucp,dom,dom,dom,UCP6
0,3,0,2016-10-04 12:05:01,R,L,ucp,ndom,dom,ndom,UCP6
115,76,49,2016-10-04 12:05:02,L,L,ucp,dom,dom,dom,UCP6
3,0,0,2016-10-04 12:05:02,R,L,ucp,ndom,dom,ndom,UCP6
126,78,35,2016-10-04 12:05:03,L,L,ucp,dom,dom,dom,UCP6
5,3,0,2016-10-04 12:05:03,R,L,ucp,ndom,dom,ndom,UCP6
91,63,46,2016-10-04 12:05:04,L,L,ucp,dom,dom,dom,UCP6
0,2,0,2016-10-04 12:05:04,R,L,ucp,ndom,dom,ndom,UCP6
74,108,77,2016-10-04 12:05:05,L,L,ucp,dom,dom,dom,UCP6
0,0,0,2016-10-04 12:05:05,R,L,ucp,ndom,dom,ndom,UCP6
104,94,29,2016-10-04 12:05:06,L,L,ucp,dom,dom,dom,UCP6
4,8,0,2016-10-04 12:05:06,R,L,ucp,ndom,dom,ndom,UCP6
137,71,58,2016-10-04 12:05:07,L,L,ucp,dom,dom,dom,UCP6
0,4,0,2016-10-04 12:05:07,R,L,ucp,ndom,dom,ndom,UCP6
96,39,48,2016-10-04 12:05:08,L,L,ucp,dom,dom,dom,UCP6
0,1,0,2016-10-04 12:05:08,R,L,ucp,ndom,dom,ndom,UCP6
0,5,2,2016-10-04 12:05:09,R,L,ucp,ndom,dom,ndom,UCP6
67,51,18,2016-10-04 12:05:09,L,L,ucp,dom,dom,dom,UCP6
0,0,0,2016-10-04 12:05:10,R,L,ucp,ndom,dom,ndom,UCP6
74,56,45,2016-10-04 12:05:10,L,L,ucp,dom,dom,dom,UCP6
6,2,0,2016-10-04 12:05:11,R,L,ucp,ndom,dom,ndom,UCP6
60,73,37,2016-10-04 12:05:11,L,L,ucp,dom,dom,dom,UCP6
5,6,0,2016-10-04 12:05:12,R,L,ucp,ndom,dom,ndom,UCP6
56,15,41,2016-10-04 12:05:12,L,L,ucp,dom,dom,dom,UCP6
0,0,0,2016-10-04 12:05:13,R,L,ucp,ndom,dom,ndom,UCP6
70,107,36,2016-10-04 12:05:13,L,L,ucp,dom,dom,dom,UCP6
5,4,0,2016-10-04 12:05:14,R,L,ucp,ndom,dom,ndom,UCP6
68,43,43,2016-10-04 12:05:14,L,L,ucp,dom,dom,dom,UCP6
0,0,0,2016-10-04 12:05:15,R,L,ucp,ndom,dom,ndom,UCP6
62,47,34,2016-10-04 12:05:15,L,L,ucp,dom,dom,dom,UCP6
0,0,0,2016-10-04 12:05:16,R,L,ucp,ndom,dom,ndom,UCP6
86,55,13,2016-10-04 12:05:16,L,L,ucp,dom,dom,dom,UCP6
74,68,12,2016-10-04 12:05:17,L,L,ucp,dom,dom,dom,UCP6
0,0,0,2016-10-04 12:05:17,R,L,ucp,ndom,dom,ndom,UCP6
0,0,0,2016-10-04 12:05:18,R,L,ucp,ndom,dom,ndom,UCP6
55,95,16,2016-10-04 12:05:18,L,L,ucp,dom,dom,dom,UCP6
0,0,0,2016-10-04 12:05:19,R,L,ucp,ndom,dom,ndom,UCP6
30,23,28,2016-10-04 12:05:19,L,L,ucp,dom,dom,dom,UCP6
0,0,0,2016-10-04 12:05:20,R,L,ucp,ndom,dom,ndom,UCP6
60,64,35,2016-10-04 12:05:20,L,L,ucp,dom,dom,dom,UCP6
48,88,52,2016-10-04 12:05:21,L,L,ucp,dom,dom,dom,UCP6
0,1,0,2016-10-04 12:05:21,R,L,ucp,ndom,dom,ndom,UCP6
2,7,0,2016-10-04 12:05:22,R,L,ucp,ndom,dom,ndom,UCP6
65,0,65,2016-10-04 12:05:22,L,L,ucp,dom,dom,dom,UCP6
5,0,0,2016-10-04 12:05:23,R,L,ucp,ndom,dom,ndom,UCP6
85,61,60,2016-10-04 12:05:23,L,L,ucp,dom,dom,dom,UCP6
0,0,0,2016-10-04 12:05:24,R,L,ucp,ndom,dom,ndom,UCP6
53,29,31,2016-10-04 12:05:24,L,L,ucp,dom,dom,dom,UCP6
78,45,86,2016-10-04 12:05:25,L,L,ucp,dom,dom,dom,UCP6
7,12,0,2016-10-04 12:05:25,R,L,ucp,ndom,dom,ndom,UCP6
0,0,0,2016-10-04 12:05:26,R,L,ucp,ndom,dom,ndom,UCP6
62,50,12,2016-10-04 12:05:26,L,L,ucp,dom,dom,dom,UCP6
0,0,0,2016-10-04 12:05:27,R,L,ucp,ndom,dom,ndom,UCP6
107,84,41,2016-10-04 12:05:27,L,L,ucp,dom,dom,dom,UCP6
63,48,49,2016-10-04 12:05:28,L,L,ucp,dom,dom,dom,UCP6
7,16,18,2016-10-04 12:05:28,R,L,ucp,ndom,dom,ndom,UCP6
1,9,0,2016-10-04 12:05:29,R,L,ucp,ndom,dom,ndom,UCP6
100,109,31,2016-10-04 12:05:29,L,L,ucp,dom,dom,dom,UCP6
4,8,0,2016-10-04 12:05:30,R,L,ucp,ndom,dom,ndom,UCP6
61,69,40,2016-10-04 12:05:30,L,L,ucp,dom,dom,dom,UCP6
0,0,0,2016-10-04 12:05:31,R,L,ucp,ndom,dom,ndom,UCP6
124,102,13,2016-10-04 12:05:31,L,L,ucp,dom,dom,dom,UCP6
0,4,0,2016-10-04 12:05:32,R,L,ucp,ndom,dom,ndom,UCP6
58,49,42,2016-10-04 12:05:32,L,L,ucp,dom,dom,dom,UCP6
50,40,42,2016-10-04 12:05:33,L,L,ucp,dom,dom,dom,UCP6
0,15,0,2016-10-04 12:05:33,R,L,ucp,ndom,dom,ndom,UCP6
0,16,0,2016-10-04 12:05:34,R,L,ucp,ndom,dom,ndom,UCP6
90,72,43,2016-10-04 12:05:34,L,L,ucp,dom,dom,dom,UCP6
71,50,65,2016-10-04 12:05:35,L,L,ucp,dom,dom,dom,UCP6
0,15,0,2016-10-04 12:05:35,R,L,ucp,ndom,dom,ndom,UCP6
0,5,0,2016-10-04 12:05:36,R,L,ucp,ndom,dom,ndom,UCP6
92,89,80,2016-10-04 12:05:36,L,L,ucp,dom,dom,dom,UCP6
52,62,37,2016-10-04 12:05:37,L,L,ucp,dom,dom,dom,UCP6
0,10,0,2016-10-04 12:05:37,R,L,ucp,ndom,dom,ndom,UCP6
18,6,1,2016-10-04 12:05:38,L,L,ucp,dom,dom,dom,UCP6
0,0,0,2016-10-04 12:05:38,R,L,ucp,ndom,dom,ndom,UCP6
34,125,80,2016-10-04 12:05:39,L,L,ucp,dom,dom,dom,UCP6
0,0,0,2016-10-04 12:05:39,R,L,ucp,ndom,dom,ndom,UCP6
0,72,66,2016-10-04 12:05:40,L,L,ucp,dom,dom,dom,UCP6
8,20,6,2016-10-04 12:05:40,R,L,ucp,ndom,dom,ndom,UCP6
31,81,30,2016-10-04 12:05:41,R,L,ucp,ndom,dom,ndom,UCP6
0,68,42,2016-10-04 12:05:41,L,L,ucp,dom,dom,dom,UCP6
0,0,0,2016-10-04 12:07:05,L,L,ucp,dom,ndom,dom,UCP6
43,64,44,2016-10-04 12:07:05,R,L,ucp,ndom,ndom,ndom,UCP6
0,0,0,2016-10-04 12:07:06,L,L,ucp,dom,ndom,dom,UCP6
31,76,64,2016-10-04 12:07:06,R,L,ucp,ndom,ndom,ndom,UCP6
0,0,0,2016-10-04 12:07:07,L,L,ucp,dom,ndom,dom,UCP6
32,70,26,2016-10-04 12:07:07,R,L,ucp,ndom,ndom,ndom,UCP6
0,0,6,2016-10-04 12:07:08,L,L,ucp,dom,ndom,dom,UCP6
37,86,57,2016-10-04 12:07:08,R,L,ucp,ndom,ndom,ndom,UCP6
27,2,5,2016-10-04 12:07:09,L,L,ucp,dom,ndom,dom,UCP6
37,28,66,2016-10-04 12:07:09,R,L,ucp,ndom,ndom,ndom,UCP6
28,13,10,2016-10-04 12:07:10,L,L,ucp,dom,ndom,dom,UCP6
55,44,22,2016-10-04 12:07:10,R,L,ucp,ndom,ndom,ndom,UCP6
113,43,36,2016-10-04 12:07:11,R,L,ucp,ndom,ndom,ndom,UCP6
0,0,0,2016-10-04 12:07:11,L,L,ucp,dom,ndom,dom,UCP6
0,5,5,2016-10-04 12:07:12,L,L,ucp,dom,ndom,dom,UCP6
67,49,48,2016-10-04 12:07:12,R,L,ucp,ndom,ndom,ndom,UCP6
0,13,17,2016-10-04 12:07:13,L,L,ucp,dom,ndom,dom,UCP6
54,63,88,2016-10-04 12:07:13,R,L,ucp,ndom,ndom,ndom,UCP6
0,1,4,2016-10-04 12:07:14,L,L,ucp,dom,ndom,dom,UCP6
125,51,46,2016-10-04 12:07:14,R,L,ucp,ndom,ndom,ndom,UCP6
0,0,0,2016-10-04 12:07:15,L,L,ucp,dom,ndom,dom,UCP6
100,56,65,2016-10-04 12:07:15,R,L,ucp,ndom,ndom,ndom,UCP6
5,14,34,2016-10-04 12:07:16,L,L,ucp,dom,ndom,dom,UCP6
79,60,50,2016-10-04 12:07:16,R,L,ucp,ndom,ndom,ndom,UCP6
0,74,109,2016-10-04 12:07:17,L,L,ucp,dom,ndom,dom,UCP6
66,44,7,2016-10-04 12:07:17,R,L,ucp,ndom,ndom,ndom,UCP6
0,18,14,2016-10-04 12:07:18,L,L,ucp,dom,ndom,dom,UCP6
123,53,29,2016-10-04 12:07:18,R,L,ucp,ndom,ndom,ndom,UCP6
0,10,12,2016-10-04 12:07:19,L,L,ucp,dom,ndom,dom,UCP6
54,23,9,2016-10-04 12:07:19,R,L,ucp,ndom,ndom,ndom,UCP6
0,0,0,2016-10-04 12:07:20,L,L,ucp,dom,ndom,dom,UCP6
63,59,50,2016-10-04 12:07:20,R,L,ucp,ndom,ndom,ndom,UCP6
5,7,6,2016-10-04 12:07:21,L,L,ucp,dom,ndom,dom,UCP6
56,48,74,2016-10-04 12:07:21,R,L,ucp,ndom,ndom,ndom,UCP6
112,21,72,2016-10-04 12:07:22,R,L,ucp,ndom,ndom,ndom,UCP6
0,0,0,2016-10-04 12:07:22,L,L,ucp,dom,ndom,dom,UCP6
107,20,19,2016-10-04 12:07:23,R,L,ucp,ndom,ndom,ndom,UCP6
0,0,0,2016-10-04 12:07:23,L,L,ucp,dom,ndom,dom,UCP6
5,0,0,2016-10-04 12:07:24,L,L,ucp,dom,ndom,dom,UCP6
95,94,13,2016-10-04 12:07:24,R,L,ucp,ndom,ndom,ndom,UCP6
0,0,0,2016-10-04 12:07:25,L,L,ucp,dom,ndom,dom,UCP6
18,82,5,2016-10-04 12:07:25,R,L,ucp,ndom,ndom,ndom,UCP6
0,0,0,2016-10-04 12:07:26,L,L,ucp,dom,ndom,dom,UCP6
35,77,25,2016-10-04 12:07:26,R,L,ucp,ndom,ndom,ndom,UCP6
0,0,0,2016-10-04 12:07:27,L,L,ucp,dom,ndom,dom,UCP6
12,37,12,2016-10-04 12:07:27,R,L,ucp,ndom,ndom,ndom,UCP6
3,0,0,2016-10-04 12:07:28,L,L,ucp,dom,ndom,dom,UCP6
64,19,11,2016-10-04 12:07:28,R,L,ucp,ndom,ndom,ndom,UCP6
73,62,17,2016-10-04 12:07:29,R,L,ucp,ndom,ndom,ndom,UCP6
0,0,0,2016-10-04 12:07:29,L,L,ucp,dom,ndom,dom,UCP6
46,86,25,2016-10-04 12:07:30,R,L,ucp,ndom,ndom,ndom,UCP6
0,0,0,2016-10-04 12:07:30,L,L,ucp,dom,ndom,dom,UCP6
10,27,24,2016-10-04 12:07:31,R,L,ucp,ndom,ndom,ndom,UCP6
0,0,0,2016-10-04 12:07:31,L,L,ucp,dom,ndom,dom,UCP6
56,84,22,2016-10-04 12:07:32,R,L,ucp,ndom,ndom,ndom,UCP6
0,4,0,2016-10-04 12:07:32,L,L,ucp,dom,ndom,dom,UCP6
72,33,7,2016-10-04 12:07:33,R,L,ucp,ndom,ndom,ndom,UCP6
0,0,0,2016-10-04 12:07:33,L,L,ucp,dom,ndom,dom,UCP6
125,112,37,2016-10-04 12:07:34,R,L,ucp,ndom,ndom,ndom,UCP6
0,0,0,2016-10-04 12:07:34,L,L,ucp,dom,ndom,dom,UCP6
59,69,7,2016-10-04 12:07:35,R,L,ucp,ndom,ndom,ndom,UCP6
0,0,0,2016-10-04 12:07:35,L,L,ucp,dom,ndom,dom,UCP6
0,0,0,2016-10-04 12:07:36,L,L,ucp,dom,ndom,dom,UCP6
81,52,31,2016-10-04 12:07:36,R,L,ucp,ndom,ndom,ndom,UCP6
0,0,0,2016-10-04 12:07:37,L,L,ucp,dom,ndom,dom,UCP6
90,78,72,2016-10-04 12:07:37,R,L,ucp,ndom,ndom,ndom,UCP6
0,0,0,2016-10-04 12:07:38,L,L,ucp,dom,ndom,dom,UCP6
125,62,21,2016-10-04 12:07:38,R,L,ucp,ndom,ndom,ndom,UCP6
1,0,0,2016-10-04 12:07:39,L,L,ucp,dom,ndom,dom,UCP6
137,27,27,2016-10-04 12:07:39,R,L,ucp,ndom,ndom,ndom,UCP6
0,0,0,2016-10-04 12:07:40,L,L,ucp,dom,ndom,dom,UCP6
58,53,18,2016-10-04 12:07:40,R,L,ucp,ndom,ndom,ndom,UCP6
5,0,0,2016-10-04 12:07:41,L,L,ucp,dom,ndom,dom,UCP6
34,109,18,2016-10-04 12:07:41,R,L,ucp,ndom,ndom,ndom,UCP6
3,4,0,2016-10-04 12:07:42,L,L,ucp,dom,ndom,dom,UCP6
8,50,62,2016-10-04 12:07:42,R,L,ucp,ndom,ndom,ndom,UCP6
0,4,0,2016-10-04 12:07:43,L,L,ucp,dom,ndom,dom,UCP6
83,132,63,2016-10-04 12:07:43,R,L,ucp,ndom,ndom,ndom,UCP6
8,9,1,2016-10-04 12:07:44,L,L,ucp,dom,ndom,dom,UCP6
69,123,44,2016-10-04 12:07:44,R,L,ucp,ndom,ndom,ndom,UCP6
63,96,24,2016-10-04 12:07:45,R,L,ucp,ndom,ndom,ndom,UCP6
7,0,0,2016-10-04 12:07:45,L,L,ucp,dom,ndom,dom,UCP6
100,28,9,2016-10-04 12:07:46,R,L,ucp,ndom,ndom,ndom,UCP6
1,0,0,2016-10-04 12:07:46,L,L,ucp,dom,ndom,dom,UCP6
0,0,0,2016-10-04 12:07:47,L,L,ucp,dom,ndom,dom,UCP6
70,149,46,2016-10-04 12:07:47,R,L,ucp,ndom,ndom,ndom,UCP6
0,0,0,2016-10-04 12:07:48,L,L,ucp,dom,ndom,dom,UCP6
55,39,25,2016-10-04 12:07:48,R,L,ucp,ndom,ndom,ndom,UCP6
0,0,0,2016-10-04 12:07:49,L,L,ucp,dom,ndom,dom,UCP6
50,135,25,2016-10-04 12:07:49,R,L,ucp,ndom,ndom,ndom,UCP6
6,9,9,2016-10-04 12:07:50,L,L,ucp,dom,ndom,dom,UCP6
42,127,45,2016-10-04 12:07:50,R,L,ucp,ndom,ndom,ndom,UCP6
0,0,0,2016-10-04 12:07:51,L,L,ucp,dom,ndom,dom,UCP6
75,157,15,2016-10-04 12:07:51,R,L,ucp,ndom,ndom,ndom,UCP6
35,149,37,2016-10-04 12:07:52,R,L,ucp,ndom,ndom,ndom,UCP6
0,0,0,2016-10-04 12:07:52,L,L,ucp,dom,ndom,dom,UCP6
8,0,0,2016-10-04 12:07:53,L,L,ucp,dom,ndom,dom,UCP6
32,34,66,2016-10-04 12:07:53,R,L,ucp,ndom,ndom,ndom,UCP6
0,0,0,2016-10-04 12:07:54,L,L,ucp,dom,ndom,dom,UCP6
73,129,65,2016-10-04 12:07:54,R,L,ucp,ndom,ndom,ndom,UCP6
34,86,5,2016-10-04 12:07:55,R,L,ucp,ndom,ndom,ndom,UCP6
0,0,0,2016-10-04 12:07:55,L,L,ucp,dom,ndom,dom,UCP6
76,45,30,2016-10-04 12:07:56,R,L,ucp,ndom,ndom,ndom,UCP6
0,0,0,2016-10-04 12:07:56,L,L,ucp,dom,ndom,dom,UCP6
93,85,50,2016-10-04 12:07:57,R,L,ucp,ndom,ndom,ndom,UCP6
0,0,0,2016-10-04 12:07:57,L,L,ucp,dom,ndom,dom,UCP6
0,0,0,2016-10-04 12:07:58,L,L,ucp,dom,ndom,dom,UCP6
29,64,58,2016-10-04 12:07:58,R,L,ucp,ndom,ndom,ndom,UCP6
0,0,0,2016-10-04 12:07:59,L,L,ucp,dom,ndom,dom,UCP6
125,59,73,2016-10-04 12:07:59,R,L,ucp,ndom,ndom,ndom,UCP6
72,24,28,2016-10-04 12:08:00,R,L,ucp,ndom,ndom,ndom,UCP6
0,0,0,2016-10-04 12:08:00,L,L,ucp,dom,ndom,dom,UCP6
115,43,38,2016-10-04 12:08:01,R,L,ucp,ndom,ndom,ndom,UCP6
0,0,0,2016-10-04 12:08:01,L,L,ucp,dom,ndom,dom,UCP6
110,21,6,2016-10-04 12:08:02,R,L,ucp,ndom,ndom,ndom,UCP6
0,0,0,2016-10-04 12:08:02,L,L,ucp,dom,ndom,dom,UCP6
72,73,38,2016-10-04 12:08:03,R,L,ucp,ndom,ndom,ndom,UCP6
0,0,0,2016-10-04 12:08:03,L,L,ucp,dom,ndom,dom,UCP6
63,65,35,2016-10-04 12:08:04,R,L,ucp,ndom,ndom,ndom,UCP6
0,0,0,2016-10-04 12:08:04,L,L,ucp,dom,ndom,dom,UCP6
0,0,0,2016-10-04 12:08:05,L,L,ucp,dom,ndom,dom,UCP6
153,58,33,2016-10-04 12:08:05,R,L,ucp,ndom,ndom,ndom,UCP6
6,46,13,2018-03-20 13:40:40,R,L,ucp,ndom,ndom,ndom,UCP7
12,0,9,2018-03-20 13:40:40,L,L,ucp,dom,ndom,dom,UCP7
12,1,17,2018-03-20 13:40:41,L,L,ucp,dom,ndom,dom,UCP7
21,10,2,2018-03-20 13:40:41,R,L,ucp,ndom,ndom,ndom,UCP7
8,1,50,2018-03-20 13:40:42,L,L,ucp,dom,ndom,dom,UCP7
43,87,3,2018-03-20 13:40:42,R,L,ucp,ndom,ndom,ndom,UCP7
3,0,27,2018-03-20 13:40:43,L,L,ucp,dom,ndom,dom,UCP7
0,62,18,2018-03-20 13:40:43,R,L,ucp,ndom,ndom,ndom,UCP7
0,0,6,2018-03-20 13:40:44,L,L,ucp,dom,ndom,dom,UCP7
36,79,15,2018-03-20 13:40:44,R,L,ucp,ndom,ndom,ndom,UCP7
8,0,0,2018-03-20 13:40:45,L,L,ucp,dom,ndom,dom,UCP7
36,76,36,2018-03-20 13:40:45,R,L,ucp,ndom,ndom,ndom,UCP7
3,0,34,2018-03-20 13:40:46,L,L,ucp,dom,ndom,dom,UCP7
33,30,0,2018-03-20 13:40:46,R,L,ucp,ndom,ndom,ndom,UCP7
7,0,43,2018-03-20 13:40:47,L,L,ucp,dom,ndom,dom,UCP7
58,71,27,2018-03-20 13:40:47,R,L,ucp,ndom,ndom,ndom,UCP7
13,50,0,2018-03-20 13:40:48,R,L,ucp,ndom,ndom,ndom,UCP7
0,0,17,2018-03-20 13:40:48,L,L,ucp,dom,ndom,dom,UCP7
0,0,24,2018-03-20 13:40:49,L,L,ucp,dom,ndom,dom,UCP7
29,71,18,2018-03-20 13:40:49,R,L,ucp,ndom,ndom,ndom,UCP7
0,0,15,2018-03-20 13:40:50,L,L,ucp,dom,ndom,dom,UCP7
11,68,1,2018-03-20 13:40:50,R,L,ucp,ndom,ndom,ndom,UCP7
51,80,16,2018-03-20 13:40:51,R,L,ucp,ndom,ndom,ndom,UCP7
0,0,11,2018-03-20 13:40:51,L,L,ucp,dom,ndom,dom,UCP7
0,0,14,2018-03-20 13:40:52,L,L,ucp,dom,ndom,dom,UCP7
38,46,15,2018-03-20 13:40:52,R,L,ucp,ndom,ndom,ndom,UCP7
0,0,2,2018-03-20 13:40:53,L,L,ucp,dom,ndom,dom,UCP7
0,0,0,2018-03-20 13:40:53,R,L,ucp,ndom,ndom,ndom,UCP7
7,50,36,2018-03-20 13:40:54,R,L,ucp,ndom,ndom,ndom,UCP7
0,0,0,2018-03-20 13:40:54,L,L,ucp,dom,ndom,dom,UCP7
73,80,18,2018-03-20 13:40:55,R,L,ucp,ndom,ndom,ndom,UCP7
0,0,12,2018-03-20 13:40:55,L,L,ucp,dom,ndom,dom,UCP7
0,0,0,2018-03-20 13:40:56,L,L,ucp,dom,ndom,dom,UCP7
6,28,0,2018-03-20 13:40:56,R,L,ucp,ndom,ndom,ndom,UCP7
106,55,13,2018-03-20 13:40:57,R,L,ucp,ndom,ndom,ndom,UCP7
0,0,18,2018-03-20 13:40:57,L,L,ucp,dom,ndom,dom,UCP7
83,37,19,2018-03-20 13:40:58,R,L,ucp,ndom,ndom,ndom,UCP7
0,0,12,2018-03-20 13:40:58,L,L,ucp,dom,ndom,dom,UCP7
0,0,1,2018-03-20 13:40:59,L,L,ucp,dom,ndom,dom,UCP7
1,0,2,2018-03-20 13:40:59,R,L,ucp,ndom,ndom,ndom,UCP7
0,0,55,2018-03-20 13:41:00,L,L,ucp,dom,ndom,dom,UCP7
94,47,12,2018-03-20 13:41:00,R,L,ucp,ndom,ndom,ndom,UCP7
43,25,12,2018-03-20 13:41:01,R,L,ucp,ndom,ndom,ndom,UCP7
0,0,60,2018-03-20 13:41:01,L,L,ucp,dom,ndom,dom,UCP7
67,80,40,2018-03-20 13:41:02,R,L,ucp,ndom,ndom,ndom,UCP7
0,0,9,2018-03-20 13:41:02,L,L,ucp,dom,ndom,dom,UCP7
4,50,0,2018-03-20 13:41:03,R,L,ucp,ndom,ndom,ndom,UCP7
0,0,27,2018-03-20 13:41:03,L,L,ucp,dom,ndom,dom,UCP7
0,0,0,2018-03-20 13:41:04,L,L,ucp,dom,ndom,dom,UCP7
42,78,41,2018-03-20 13:41:04,R,L,ucp,ndom,ndom,ndom,UCP7
5,70,6,2018-03-20 13:41:05,R,L,ucp,ndom,ndom,ndom,UCP7
0,0,0,2018-03-20 13:41:05,L,L,ucp,dom,ndom,dom,UCP7
0,0,19,2018-03-20 13:41:06,L,L,ucp,dom,ndom,dom,UCP7
53,87,32,2018-03-20 13:41:06,R,L,ucp,ndom,ndom,ndom,UCP7
12,68,30,2018-03-20 13:41:07,R,L,ucp,ndom,ndom,ndom,UCP7
18,0,22,2018-03-20 13:41:07,L,L,ucp,dom,ndom,dom,UCP7
29,80,37,2018-03-20 13:41:08,R,L,ucp,ndom,ndom,ndom,UCP7
2,0,13,2018-03-20 13:41:08,L,L,ucp,dom,ndom,dom,UCP7
51,70,7,2018-03-20 13:41:09,R,L,ucp,ndom,ndom,ndom,UCP7
0,0,0,2018-03-20 13:41:09,L,L,ucp,dom,ndom,dom,UCP7
25,43,26,2018-03-20 13:41:10,R,L,ucp,ndom,ndom,ndom,UCP7
24,12,35,2018-03-20 13:41:10,L,L,ucp,dom,ndom,dom,UCP7
3,0,20,2018-03-20 13:41:11,L,L,ucp,dom,ndom,dom,UCP7
77,61,16,2018-03-20 13:41:11,R,L,ucp,ndom,ndom,ndom,UCP7
0,0,8,2018-03-20 13:41:12,L,L,ucp,dom,ndom,dom,UCP7
59,75,25,2018-03-20 13:41:12,R,L,ucp,ndom,ndom,ndom,UCP7
50,44,7,2018-03-20 13:41:13,R,L,ucp,ndom,ndom,ndom,UCP7
0,0,11,2018-03-20 13:41:13,L,L,ucp,dom,ndom,dom,UCP7
39,70,26,2018-03-20 13:41:14,R,L,ucp,ndom,ndom,ndom,UCP7
18,0,15,2018-03-20 13:41:14,L,L,ucp,dom,ndom,dom,UCP7
23,54,9,2018-03-20 13:41:15,R,L,ucp,ndom,ndom,ndom,UCP7
0,0,0,2018-03-20 13:41:15,L,L,ucp,dom,ndom,dom,UCP7
48,65,20,2018-03-20 13:41:16,R,L,ucp,ndom,ndom,ndom,UCP7
0,0,9,2018-03-20 13:41:16,L,L,ucp,dom,ndom,dom,UCP7
55,55,9,2018-03-20 13:41:17,R,L,ucp,ndom,ndom,ndom,UCP7
0,0,0,2018-03-20 13:41:17,L,L,ucp,dom,ndom,dom,UCP7
25,60,10,2018-03-20 13:41:18,R,L,ucp,ndom,ndom,ndom,UCP7
1,0,0,2018-03-20 13:41:18,L,L,ucp,dom,ndom,dom,UCP7
17,0,2,2018-03-20 13:41:19,L,L,ucp,dom,ndom,dom,UCP7
81,84,20,2018-03-20 13:41:19,R,L,ucp,ndom,ndom,ndom,UCP7
0,0,0,2018-03-20 13:41:20,L,L,ucp,dom,ndom,dom,UCP7
15,10,0,2018-03-20 13:41:20,R,L,ucp,ndom,ndom,ndom,UCP7
0,0,0,2018-03-20 13:41:21,L,L,ucp,dom,ndom,dom,UCP7
15,13,5,2018-03-20 13:41:21,R,L,ucp,ndom,ndom,ndom,UCP7
50,114,15,2018-03-20 13:41:22,R,L,ucp,ndom,ndom,ndom,UCP7
0,0,0,2018-03-20 13:41:22,L,L,ucp,dom,ndom,dom,UCP7
21,93,23,2018-03-20 13:41:23,R,L,ucp,ndom,ndom,ndom,UCP7
0,0,3,2018-03-20 13:41:23,L,L,ucp,dom,ndom,dom,UCP7
14,63,5,2018-03-20 13:41:24,R,L,ucp,ndom,ndom,ndom,UCP7
2,0,43,2018-03-20 13:41:24,L,L,ucp,dom,ndom,dom,UCP7
22,87,44,2018-03-20 13:41:25,R,L,ucp,ndom,ndom,ndom,UCP7
8,0,13,2018-03-20 13:41:25,L,L,ucp,dom,ndom,dom,UCP7
0,57,3,2018-03-20 13:41:26,R,L,ucp,ndom,ndom,ndom,UCP7
0,0,0,2018-03-20 13:41:26,L,L,ucp,dom,ndom,dom,UCP7
5,0,0,2018-03-20 13:41:27,R,L,ucp,ndom,ndom,ndom,UCP7
0,0,0,2018-03-20 13:41:27,L,L,ucp,dom,ndom,dom,UCP7
1,12,0,2018-03-20 13:41:28,R,L,ucp,ndom,ndom,ndom,UCP7
0,0,0,2018-03-20 13:41:28,L,L,ucp,dom,ndom,dom,UCP7
3,24,7,2018-03-20 13:41:29,R,L,ucp,ndom,ndom,ndom,UCP7
0,0,11,2018-03-20 13:41:29,L,L,ucp,dom,ndom,dom,UCP7
0,0,0,2018-03-20 13:41:30,L,L,ucp,dom,ndom,dom,UCP7
28,136,29,2018-03-20 13:41:30,R,L,ucp,ndom,ndom,ndom,UCP7
23,80,23,2018-03-20 13:41:31,R,L,ucp,ndom,ndom,ndom,UCP7
0,0,1,2018-03-20 13:41:31,L,L,ucp,dom,ndom,dom,UCP7
0,58,2,2018-03-20 13:41:32,R,L,ucp,ndom,ndom,ndom,UCP7
0,0,15,2018-03-20 13:41:32,L,L,ucp,dom,ndom,dom,UCP7
0,30,0,2018-03-20 13:41:33,R,L,ucp,ndom,ndom,ndom,UCP7
0,0,6,2018-03-20 13:41:33,L,L,ucp,dom,ndom,dom,UCP7
0,4,0,2018-03-20 13:41:34,R,L,ucp,ndom,ndom,ndom,UCP7
0,0,0,2018-03-20 13:41:34,L,L,ucp,dom,ndom,dom,UCP7
29,87,10,2018-03-20 13:41:35,R,L,ucp,ndom,ndom,ndom,UCP7
0,0,17,2018-03-20 13:41:35,L,L,ucp,dom,ndom,dom,UCP7
6,98,17,2018-03-20 13:41:36,R,L,ucp,ndom,ndom,ndom,UCP7
0,0,9,2018-03-20 13:41:36,L,L,ucp,dom,ndom,dom,UCP7
0,0,0,2018-03-20 13:41:37,L,L,ucp,dom,ndom,dom,UCP7
0,26,11,2018-03-20 13:41:37,R,L,ucp,ndom,ndom,ndom,UCP7
7,44,30,2018-03-20 13:41:38,R,L,ucp,ndom,ndom,ndom,UCP7
0,0,0,2018-03-20 13:41:38,L,L,ucp,dom,ndom,dom,UCP7
0,0,8,2018-03-20 13:41:39,L,L,ucp,dom,ndom,dom,UCP7
49,115,17,2018-03-20 13:41:39,R,L,ucp,ndom,ndom,ndom,UCP7
0,0,0,2018-03-20 13:41:40,L,L,ucp,dom,ndom,dom,UCP7
54,94,35,2018-03-20 13:41:40,R,L,ucp,ndom,ndom,ndom,UCP7
0,0,0,2018-03-20 13:42:15,R,L,ucp,ndom,dom,ndom,UCP7
102,81,71,2018-03-20 13:42:15,L,L,ucp,dom,dom,dom,UCP7
0,0,0,2018-03-20 13:42:16,R,L,ucp,ndom,dom,ndom,UCP7
60,67,58,2018-03-20 13:42:16,L,L,ucp,dom,dom,dom,UCP7
0,0,0,2018-03-20 13:42:17,R,L,ucp,ndom,dom,ndom,UCP7
84,88,48,2018-03-20 13:42:17,L,L,ucp,dom,dom,dom,UCP7
0,0,0,2018-03-20 13:42:18,R,L,ucp,ndom,dom,ndom,UCP7
52,83,13,2018-03-20 13:42:18,L,L,ucp,dom,dom,dom,UCP7
0,0,0,2018-03-20 13:42:19,R,L,ucp,ndom,dom,ndom,UCP7
60,86,34,2018-03-20 13:42:19,L,L,ucp,dom,dom,dom,UCP7
81,120,41,2018-03-20 13:42:20,L,L,ucp,dom,dom,dom,UCP7
0,0,0,2018-03-20 13:42:20,R,L,ucp,ndom,dom,ndom,UCP7
0,0,0,2018-03-20 13:42:21,R,L,ucp,ndom,dom,ndom,UCP7
53,67,43,2018-03-20 13:42:21,L,L,ucp,dom,dom,dom,UCP7
0,0,0,2018-03-20 13:42:22,R,L,ucp,ndom,dom,ndom,UCP7
64,78,26,2018-03-20 13:42:22,L,L,ucp,dom,dom,dom,UCP7
0,0,0,2018-03-20 13:42:23,R,L,ucp,ndom,dom,ndom,UCP7
104,89,69,2018-03-20 13:42:23,L,L,ucp,dom,dom,dom,UCP7
0,0,0,2018-03-20 13:42:24,R,L,ucp,ndom,dom,ndom,UCP7
68,72,43,2018-03-20 13:42:24,L,L,ucp,dom,dom,dom,UCP7
0,9,0,2018-03-20 13:42:25,R,L,ucp,ndom,dom,ndom,UCP7
86,59,66,2018-03-20 13:42:25,L,L,ucp,dom,dom,dom,UCP7
0,0,0,2018-03-20 13:42:26,R,L,ucp,ndom,dom,ndom,UCP7
84,107,49,2018-03-20 13:42:26,L,L,ucp,dom,dom,dom,UCP7
29,60,59,2018-03-20 13:42:27,L,L,ucp,dom,dom,dom,UCP7
0,0,0,2018-03-20 13:42:27,R,L,ucp,ndom,dom,ndom,UCP7
41,62,51,2018-03-20 13:42:28,L,L,ucp,dom,dom,dom,UCP7
0,0,0,2018-03-20 13:42:28,R,L,ucp,ndom,dom,ndom,UCP7
68,79,70,2018-03-20 13:42:29,L,L,ucp,dom,dom,dom,UCP7
0,0,0,2018-03-20 13:42:29,R,L,ucp,ndom,dom,ndom,UCP7
40,56,84,2018-03-20 13:42:30,L,L,ucp,dom,dom,dom,UCP7
0,0,0,2018-03-20 13:42:30,R,L,ucp,ndom,dom,ndom,UCP7
0,0,0,2018-03-20 13:42:31,R,L,ucp,ndom,dom,ndom,UCP7
93,97,57,2018-03-20 13:42:31,L,L,ucp,dom,dom,dom,UCP7
79,91,42,2018-03-20 13:42:32,L,L,ucp,dom,dom,dom,UCP7
0,0,0,2018-03-20 13:42:32,R,L,ucp,ndom,dom,ndom,UCP7
0,0,0,2018-03-20 13:42:33,R,L,ucp,ndom,dom,ndom,UCP7
70,61,55,2018-03-20 13:42:33,L,L,ucp,dom,dom,dom,UCP7
2,7,0,2018-03-20 13:42:34,R,L,ucp,ndom,dom,ndom,UCP7
41,71,80,2018-03-20 13:42:34,L,L,ucp,dom,dom,dom,UCP7
36,82,47,2018-03-20 13:42:35,L,L,ucp,dom,dom,dom,UCP7
0,0,0,2018-03-20 13:42:35,R,L,ucp,ndom,dom,ndom,UCP7
46,83,26,2018-03-20 13:42:36,L,L,ucp,dom,dom,dom,UCP7
0,0,0,2018-03-20 13:42:36,R,L,ucp,ndom,dom,ndom,UCP7
53,86,51,2018-03-20 13:42:37,L,L,ucp,dom,dom,dom,UCP7
0,0,0,2018-03-20 13:42:37,R,L,ucp,ndom,dom,ndom,UCP7
87,85,46,2018-03-20 13:42:38,L,L,ucp,dom,dom,dom,UCP7
0,0,0,2018-03-20 13:42:38,R,L,ucp,ndom,dom,ndom,UCP7
57,32,40,2018-03-20 13:42:39,L,L,ucp,dom,dom,dom,UCP7
0,0,0,2018-03-20 13:42:39,R,L,ucp,ndom,dom,ndom,UCP7
9,0,0,2018-03-20 13:42:40,R,L,ucp,ndom,dom,ndom,UCP7
81,52,27,2018-03-20 13:42:40,L,L,ucp,dom,dom,dom,UCP7
0,0,0,2018-03-20 13:42:41,R,L,ucp,ndom,dom,ndom,UCP7
44,55,35,2018-03-20 13:42:41,L,L,ucp,dom,dom,dom,UCP7
49,57,13,2018-03-20 13:42:42,L,L,ucp,dom,dom,dom,UCP7
0,0,0,2018-03-20 13:42:42,R,L,ucp,ndom,dom,ndom,UCP7
44,58,23,2018-03-20 13:42:43,L,L,ucp,dom,dom,dom,UCP7
0,0,0,2018-03-20 13:42:43,R,L,ucp,ndom,dom,ndom,UCP7
0,0,0,2018-03-20 13:42:44,R,L,ucp,ndom,dom,ndom,UCP7
69,61,68,2018-03-20 13:42:44,L,L,ucp,dom,dom,dom,UCP7
82,101,79,2018-03-20 13:42:45,L,L,ucp,dom,dom,dom,UCP7
0,0,0,2018-03-20 13:42:45,R,L,ucp,ndom,dom,ndom,UCP7
88,58,97,2018-03-20 13:42:46,L,L,ucp,dom,dom,dom,UCP7
0,7,1,2018-03-20 13:42:46,R,L,ucp,ndom,dom,ndom,UCP7
0,0,0,2018-03-20 13:42:47,R,L,ucp,ndom,dom,ndom,UCP7
62,48,37,2018-03-20 13:42:47,L,L,ucp,dom,dom,dom,UCP7
0,0,0,2018-03-20 13:42:48,R,L,ucp,ndom,dom,ndom,UCP7
55,70,81,2018-03-20 13:42:48,L,L,ucp,dom,dom,dom,UCP7
0,0,0,2018-03-20 13:42:49,R,L,ucp,ndom,dom,ndom,UCP7
58,82,98,2018-03-20 13:42:49,L,L,ucp,dom,dom,dom,UCP7
0,0,0,2018-03-20 13:42:50,R,L,ucp,ndom,dom,ndom,UCP7
56,75,77,2018-03-20 13:42:50,L,L,ucp,dom,dom,dom,UCP7
0,0,0,2018-03-20 13:42:51,R,L,ucp,ndom,dom,ndom,UCP7
43,58,70,2018-03-20 13:42:51,L,L,ucp,dom,dom,dom,UCP7
71,83,35,2018-03-20 13:42:52,L,L,ucp,dom,dom,dom,UCP7
0,0,0,2018-03-20 13:42:52,R,L,ucp,ndom,dom,ndom,UCP7
0,0,0,2018-03-20 13:42:53,R,L,ucp,ndom,dom,ndom,UCP7
111,91,85,2018-03-20 13:42:53,L,L,ucp,dom,dom,dom,UCP7
108,75,32,2018-03-20 13:42:54,L,L,ucp,dom,dom,dom,UCP7
0,0,0,2018-03-20 13:42:54,R,L,ucp,ndom,dom,ndom,UCP7
94,96,20,2018-03-20 13:42:55,L,L,ucp,dom,dom,dom,UCP7
0,0,0,2018-03-20 13:42:55,R,L,ucp,ndom,dom,ndom,UCP7
0,0,0,2018-03-20 13:42:56,R,L,ucp,ndom,dom,ndom,UCP7
34,51,57,2018-03-20 13:42:56,L,L,ucp,dom,dom,dom,UCP7
117,91,103,2018-03-20 13:42:57,L,L,ucp,dom,dom,dom,UCP7
0,0,0,2018-03-20 13:42:57,R,L,ucp,ndom,dom,ndom,UCP7
35,75,84,2018-03-20 13:42:58,L,L,ucp,dom,dom,dom,UCP7
0,0,0,2018-03-20 13:42:58,R,L,ucp,ndom,dom,ndom,UCP7
22,32,38,2018-03-20 13:42:59,L,L,ucp,dom,dom,dom,UCP7
0,0,0,2018-03-20 13:42:59,R,L,ucp,ndom,dom,ndom,UCP7
82,77,23,2018-03-20 13:43:00,L,L,ucp,dom,dom,dom,UCP7
0,0,0,2018-03-20 13:43:00,R,L,ucp,ndom,dom,ndom,UCP7
0,0,0,2018-03-20 13:43:01,R,L,ucp,ndom,dom,ndom,UCP7
87,45,20,2018-03-20 13:43:01,L,L,ucp,dom,dom,dom,UCP7
0,0,0,2018-03-20 13:43:02,R,L,ucp,ndom,dom,ndom,UCP7
72,54,12,2018-03-20 13:43:02,L,L,ucp,dom,dom,dom,UCP7
0,0,0,2018-03-20 13:43:03,R,L,ucp,ndom,dom,ndom,UCP7
27,75,44,2018-03-20 13:43:03,L,L,ucp,dom,dom,dom,UCP7
0,0,0,2018-03-20 13:43:04,R,L,ucp,ndom,dom,ndom,UCP7
26,102,90,2018-03-20 13:43:04,L,L,ucp,dom,dom,dom,UCP7
0,0,0,2018-03-20 13:43:05,R,L,ucp,ndom,dom,ndom,UCP7
65,113,62,2018-03-20 13:43:05,L,L,ucp,dom,dom,dom,UCP7
91,37,145,2018-03-20 13:43:06,L,L,ucp,dom,dom,dom,UCP7
0,0,0,2018-03-20 13:43:06,R,L,ucp,ndom,dom,ndom,UCP7
59,71,111,2018-03-20 13:43:07,L,L,ucp,dom,dom,dom,UCP7
1,0,0,2018-03-20 13:43:07,R,L,ucp,ndom,dom,ndom,UCP7
61,51,34,2018-03-20 13:43:08,L,L,ucp,dom,dom,dom,UCP7
0,0,0,2018-03-20 13:43:08,R,L,ucp,ndom,dom,ndom,UCP7
47,49,57,2018-03-20 13:43:09,L,L,ucp,dom,dom,dom,UCP7
0,0,0,2018-03-20 13:43:09,R,L,ucp,ndom,dom,ndom,UCP7
55,55,22,2018-03-20 13:43:10,L,L,ucp,dom,dom,dom,UCP7
2,0,0,2018-03-20 13:43:10,R,L,ucp,ndom,dom,ndom,UCP7
66,39,43,2018-03-20 13:43:11,L,L,ucp,dom,dom,dom,UCP7
0,0,0,2018-03-20 13:43:11,R,L,ucp,ndom,dom,ndom,UCP7
0,0,0,2018-03-20 13:43:12,R,L,ucp,ndom,dom,ndom,UCP7
89,39,54,2018-03-20 13:43:12,L,L,ucp,dom,dom,dom,UCP7
63,53,80,2018-03-20 13:43:13,L,L,ucp,dom,dom,dom,UCP7
2,0,6,2018-03-20 13:43:13,R,L,ucp,ndom,dom,ndom,UCP7
45,78,54,2018-03-20 13:43:14,L,L,ucp,dom,dom,dom,UCP7
1,0,0,2018-03-20 13:43:14,R,L,ucp,ndom,dom,ndom,UCP7
0,0,0,2018-03-20 13:43:15,R,L,ucp,ndom,dom,ndom,UCP7
134,94,33,2018-03-20 13:43:15,L,L,ucp,dom,dom,dom,UCP7
78,47,137,2018-04-06 09:45:55,R,L,ucp,ndom,ndom,ndom,UCP8
0,0,0,2018-04-06 09:45:55,L,L,ucp,dom,ndom,dom,UCP8
20,5,47,2018-04-06 09:45:56,R,L,ucp,ndom,ndom,ndom,UCP8
0,4,4,2018-04-06 09:45:56,L,L,ucp,dom,ndom,dom,UCP8
57,29,98,2018-04-06 09:45:57,R,L,ucp,ndom,ndom,ndom,UCP8
0,0,2,2018-04-06 09:45:57,L,L,ucp,dom,ndom,dom,UCP8
83,25,50,2018-04-06 09:45:58,R,L,ucp,ndom,ndom,ndom,UCP8
7,44,31,2018-04-06 09:45:58,L,L,ucp,dom,ndom,dom,UCP8
0,50,20,2018-04-06 09:45:59,L,L,ucp,dom,ndom,dom,UCP8
92,52,52,2018-04-06 09:45:59,R,L,ucp,ndom,ndom,ndom,UCP8
4,0,0,2018-04-06 09:46:00,L,L,ucp,dom,ndom,dom,UCP8
56,57,135,2018-04-06 09:46:00,R,L,ucp,ndom,ndom,ndom,UCP8
0,0,0,2018-04-06 09:46:01,L,L,ucp,dom,ndom,dom,UCP8
53,26,35,2018-04-06 09:46:01,R,L,ucp,ndom,ndom,ndom,UCP8
6,13,0,2018-04-06 09:46:02,L,L,ucp,dom,ndom,dom,UCP8
95,75,89,2018-04-06 09:46:02,R,L,ucp,ndom,ndom,ndom,UCP8
27,33,2,2018-04-06 09:46:03,L,L,ucp,dom,ndom,dom,UCP8
38,48,69,2018-04-06 09:46:03,R,L,ucp,ndom,ndom,ndom,UCP8
91,18,57,2018-04-06 09:46:04,L,L,ucp,dom,ndom,dom,UCP8
58,63,162,2018-04-06 09:46:04,R,L,ucp,ndom,ndom,ndom,UCP8
157,19,71,2018-04-06 09:46:05,L,L,ucp,dom,ndom,dom,UCP8
34,65,164,2018-04-06 09:46:05,R,L,ucp,ndom,ndom,ndom,UCP8
62,71,69,2018-04-06 09:46:06,R,L,ucp,ndom,ndom,ndom,UCP8
35,0,10,2018-04-06 09:46:06,L,L,ucp,dom,ndom,dom,UCP8
71,48,147,2018-04-06 09:46:07,R,L,ucp,ndom,ndom,ndom,UCP8
48,15,14,2018-04-06 09:46:07,L,L,ucp,dom,ndom,dom,UCP8
115,102,184,2018-04-06 09:46:08,R,L,ucp,ndom,ndom,ndom,UCP8
46,5,10,2018-04-06 09:46:08,L,L,ucp,dom,ndom,dom,UCP8
87,2,0,2018-04-06 09:46:09,L,L,ucp,dom,ndom,dom,UCP8
74,58,92,2018-04-06 09:46:09,R,L,ucp,ndom,ndom,ndom,UCP8
51,26,122,2018-04-06 09:46:10,L,L,ucp,dom,ndom,dom,UCP8
15,39,91,2018-04-06 09:46:10,R,L,ucp,ndom,ndom,ndom,UCP8
80,20,157,2018-04-06 09:46:11,L,L,ucp,dom,ndom,dom,UCP8
48,122,152,2018-04-06 09:46:11,R,L,ucp,ndom,ndom,ndom,UCP8
57,13,25,2018-04-06 09:46:12,L,L,ucp,dom,ndom,dom,UCP8
93,68,70,2018-04-06 09:46:12,R,L,ucp,ndom,ndom,ndom,UCP8
4,0,30,2018-04-06 09:46:13,L,L,ucp,dom,ndom,dom,UCP8
22,46,38,2018-04-06 09:46:13,R,L,ucp,ndom,ndom,ndom,UCP8
52,0,5,2018-04-06 09:46:14,L,L,ucp,dom,ndom,dom,UCP8
39,61,87,2018-04-06 09:46:14,R,L,ucp,ndom,ndom,ndom,UCP8
97,49,49,2018-04-06 09:46:15,R,L,ucp,ndom,ndom,ndom,UCP8
70,31,39,2018-04-06 09:46:15,L,L,ucp,dom,ndom,dom,UCP8
33,7,57,2018-04-06 09:46:16,L,L,ucp,dom,ndom,dom,UCP8
71,82,92,2018-04-06 09:46:16,R,L,ucp,ndom,ndom,ndom,UCP8
31,0,32,2018-04-06 09:46:17,L,L,ucp,dom,ndom,dom,UCP8
47,84,110,2018-04-06 09:46:17,R,L,ucp,ndom,ndom,ndom,UCP8
52,90,44,2018-04-06 09:46:18,R,L,ucp,ndom,ndom,ndom,UCP8
28,38,65,2018-04-06 09:46:18,L,L,ucp,dom,ndom,dom,UCP8
52,60,54,2018-04-06 09:46:19,R,L,ucp,ndom,ndom,ndom,UCP8
80,37,69,2018-04-06 09:46:19,L,L,ucp,dom,ndom,dom,UCP8
77,99,125,2018-04-06 09:46:20,R,L,ucp,ndom,ndom,ndom,UCP8
39,0,34,2018-04-06 09:46:20,L,L,ucp,dom,ndom,dom,UCP8
24,44,62,2018-04-06 09:46:21,R,L,ucp,ndom,ndom,ndom,UCP8
57,0,13,2018-04-06 09:46:21,L,L,ucp,dom,ndom,dom,UCP8
79,54,16,2018-04-06 09:46:22,R,L,ucp,ndom,ndom,ndom,UCP8
24,0,0,2018-04-06 09:46:22,L,L,ucp,dom,ndom,dom,UCP8
72,0,26,2018-04-06 09:46:23,L,L,ucp,dom,ndom,dom,UCP8
131,34,65,2018-04-06 09:46:23,R,L,ucp,ndom,ndom,ndom,UCP8
56,6,46,2018-04-06 09:46:24,L,L,ucp,dom,ndom,dom,UCP8
36,54,70,2018-04-06 09:46:24,R,L,ucp,ndom,ndom,ndom,UCP8
26,0,17,2018-04-06 09:46:25,L,L,ucp,dom,ndom,dom,UCP8
24,63,25,2018-04-06 09:46:25,R,L,ucp,ndom,ndom,ndom,UCP8
81,33,88,2018-04-06 09:46:26,L,L,ucp,dom,ndom,dom,UCP8
14,28,47,2018-04-06 09:46:26,R,L,ucp,ndom,ndom,ndom,UCP8
72,2,100,2018-04-06 09:46:27,L,L,ucp,dom,ndom,dom,UCP8
15,30,14,2018-04-06 09:46:27,R,L,ucp,ndom,ndom,ndom,UCP8
35,34,34,2018-04-06 09:46:28,R,L,ucp,ndom,ndom,ndom,UCP8
51,12,54,2018-04-06 09:46:28,L,L,ucp,dom,ndom,dom,UCP8
13,0,15,2018-04-06 09:46:29,L,L,ucp,dom,ndom,dom,UCP8
63,56,103,2018-04-06 09:46:29,R,L,ucp,ndom,ndom,ndom,UCP8
77,53,124,2018-04-06 09:46:30,R,L,ucp,ndom,ndom,ndom,UCP8
90,2,44,2018-04-06 09:46:30,L,L,ucp,dom,ndom,dom,UCP8
8,61,91,2018-04-06 09:46:31,R,L,ucp,ndom,ndom,ndom,UCP8
35,0,49,2018-04-06 09:46:31,L,L,ucp,dom,ndom,dom,UCP8
28,8,51,2018-04-06 09:46:32,L,L,ucp,dom,ndom,dom,UCP8
55,71,71,2018-04-06 09:46:32,R,L,ucp,ndom,ndom,ndom,UCP8
0,3,9,2018-04-06 09:46:33,L,L,ucp,dom,ndom,dom,UCP8
86,64,82,2018-04-06 09:46:33,R,L,ucp,ndom,ndom,ndom,UCP8
76,0,22,2018-04-06 09:46:34,L,L,ucp,dom,ndom,dom,UCP8
119,50,94,2018-04-06 09:46:34,R,L,ucp,ndom,ndom,ndom,UCP8
3,0,0,2018-04-06 09:46:35,L,L,ucp,dom,ndom,dom,UCP8
60,92,55,2018-04-06 09:46:35,R,L,ucp,ndom,ndom,ndom,UCP8
13,0,5,2018-04-06 09:46:36,L,L,ucp,dom,ndom,dom,UCP8
31,31,48,2018-04-06 09:46:36,R,L,ucp,ndom,ndom,ndom,UCP8
32,3,50,2018-04-06 09:46:37,L,L,ucp,dom,ndom,dom,UCP8
28,9,41,2018-04-06 09:46:37,R,L,ucp,ndom,ndom,ndom,UCP8
24,60,76,2018-04-06 09:46:38,R,L,ucp,ndom,ndom,ndom,UCP8
49,1,75,2018-04-06 09:46:38,L,L,ucp,dom,ndom,dom,UCP8
38,42,94,2018-04-06 09:46:39,R,L,ucp,ndom,ndom,ndom,UCP8
1,1,17,2018-04-06 09:46:39,L,L,ucp,dom,ndom,dom,UCP8
18,40,54,2018-04-06 09:46:40,R,L,ucp,ndom,ndom,ndom,UCP8
15,15,27,2018-04-06 09:46:40,L,L,ucp,dom,ndom,dom,UCP8
31,29,75,2018-04-06 09:46:41,R,L,ucp,ndom,ndom,ndom,UCP8
13,0,2,2018-04-06 09:46:41,L,L,ucp,dom,ndom,dom,UCP8
36,90,77,2018-04-06 09:46:42,R,L,ucp,ndom,ndom,ndom,UCP8
40,9,30,2018-04-06 09:46:42,L,L,ucp,dom,ndom,dom,UCP8
22,0,35,2018-04-06 09:46:43,L,L,ucp,dom,ndom,dom,UCP8
4,50,68,2018-04-06 09:46:43,R,L,ucp,ndom,ndom,ndom,UCP8
51,25,94,2018-04-06 09:46:44,R,L,ucp,ndom,ndom,ndom,UCP8
10,0,25,2018-04-06 09:46:44,L,L,ucp,dom,ndom,dom,UCP8
15,0,15,2018-04-06 09:46:45,L,L,ucp,dom,ndom,dom,UCP8
60,38,77,2018-04-06 09:46:45,R,L,ucp,ndom,ndom,ndom,UCP8
22,0,13,2018-04-06 09:46:46,L,L,ucp,dom,ndom,dom,UCP8
31,32,56,2018-04-06 09:46:46,R,L,ucp,ndom,ndom,ndom,UCP8
8,0,2,2018-04-06 09:46:47,L,L,ucp,dom,ndom,dom,UCP8
26,77,52,2018-04-06 09:46:47,R,L,ucp,ndom,ndom,ndom,UCP8
25,6,62,2018-04-06 09:46:48,L,L,ucp,dom,ndom,dom,UCP8
43,12,59,2018-04-06 09:46:48,R,L,ucp,ndom,ndom,ndom,UCP8
29,0,102,2018-04-06 09:46:49,L,L,ucp,dom,ndom,dom,UCP8
8,94,54,2018-04-06 09:46:49,R,L,ucp,ndom,ndom,ndom,UCP8
36,51,111,2018-04-06 09:46:50,R,L,ucp,ndom,ndom,ndom,UCP8
0,0,62,2018-04-06 09:46:50,L,L,ucp,dom,ndom,dom,UCP8
126,33,136,2018-04-06 09:46:51,R,L,ucp,ndom,ndom,ndom,UCP8
9,0,46,2018-04-06 09:46:51,L,L,ucp,dom,ndom,dom,UCP8
86,73,71,2018-04-06 09:46:52,R,L,ucp,ndom,ndom,ndom,UCP8
14,0,26,2018-04-06 09:46:52,L,L,ucp,dom,ndom,dom,UCP8
81,91,115,2018-04-06 09:46:53,R,L,ucp,ndom,ndom,ndom,UCP8
13,0,52,2018-04-06 09:46:53,L,L,ucp,dom,ndom,dom,UCP8
47,30,133,2018-04-06 09:46:54,R,L,ucp,ndom,ndom,ndom,UCP8
9,0,0,2018-04-06 09:46:54,L,L,ucp,dom,ndom,dom,UCP8
0,0,0,2018-04-06 09:46:55,L,L,ucp,dom,ndom,dom,UCP8
15,23,110,2018-04-06 09:46:55,R,L,ucp,ndom,ndom,ndom,UCP8
64,57,223,2018-04-06 09:47:45,L,L,ucp,dom,dom,dom,UCP8
0,0,0,2018-04-06 09:47:45,R,L,ucp,ndom,dom,ndom,UCP8
78,69,117,2018-04-06 09:47:46,L,L,ucp,dom,dom,dom,UCP8
0,0,0,2018-04-06 09:47:46,R,L,ucp,ndom,dom,ndom,UCP8
66,56,61,2018-04-06 09:47:47,L,L,ucp,dom,dom,dom,UCP8
0,0,0,2018-04-06 09:47:47,R,L,ucp,ndom,dom,ndom,UCP8
0,0,0,2018-04-06 09:47:48,R,L,ucp,ndom,dom,ndom,UCP8
90,79,80,2018-04-06 09:47:48,L,L,ucp,dom,dom,dom,UCP8
0,0,0,2018-04-06 09:47:49,R,L,ucp,ndom,dom,ndom,UCP8
50,23,28,2018-04-06 09:47:49,L,L,ucp,dom,dom,dom,UCP8
3,0,0,2018-04-06 09:47:50,R,L,ucp,ndom,dom,ndom,UCP8
133,47,98,2018-04-06 09:47:50,L,L,ucp,dom,dom,dom,UCP8
0,0,0,2018-04-06 09:47:51,R,L,ucp,ndom,dom,ndom,UCP8
82,66,54,2018-04-06 09:47:51,L,L,ucp,dom,dom,dom,UCP8
1,0,1,2018-04-06 09:47:52,R,L,ucp,ndom,dom,ndom,UCP8
82,38,41,2018-04-06 09:47:52,L,L,ucp,dom,dom,dom,UCP8
41,11,6,2018-04-06 09:47:53,L,L,ucp,dom,dom,dom,UCP8
4,0,25,2018-04-06 09:47:53,R,L,ucp,ndom,dom,ndom,UCP8
47,25,158,2018-04-06 09:47:54,L,L,ucp,dom,dom,dom,UCP8
0,0,1,2018-04-06 09:47:54,R,L,ucp,ndom,dom,ndom,UCP8
84,49,176,2018-04-06 09:47:55,L,L,ucp,dom,dom,dom,UCP8
0,0,0,2018-04-06 09:47:55,R,L,ucp,ndom,dom,ndom,UCP8
0,0,0,2018-04-06 09:47:56,R,L,ucp,ndom,dom,ndom,UCP8
59,100,105,2018-04-06 09:47:56,L,L,ucp,dom,dom,dom,UCP8
0,0,0,2018-04-06 09:47:57,R,L,ucp,ndom,dom,ndom,UCP8
70,16,80,2018-04-06 09:47:57,L,L,ucp,dom,dom,dom,UCP8
106,39,57,2018-04-06 09:47:58,L,L,ucp,dom,dom,dom,UCP8
0,0,0,2018-04-06 09:47:58,R,L,ucp,ndom,dom,ndom,UCP8
0,0,0,2018-04-06 09:47:59,R,L,ucp,ndom,dom,ndom,UCP8
40,2,40,2018-04-06 09:47:59,L,L,ucp,dom,dom,dom,UCP8
0,0,0,2018-04-06 09:48:00,R,L,ucp,ndom,dom,ndom,UCP8
60,7,8,2018-04-06 09:48:00,L,L,ucp,dom,dom,dom,UCP8
0,0,0,2018-04-06 09:48:01,R,L,ucp,ndom,dom,ndom,UCP8
144,84,99,2018-04-06 09:48:01,L,L,ucp,dom,dom,dom,UCP8
33,27,50,2018-04-06 09:48:02,L,L,ucp,dom,dom,dom,UCP8
2,0,0,2018-04-06 09:48:02,R,L,ucp,ndom,dom,ndom,UCP8
6,0,0,2018-04-06 09:48:03,R,L,ucp,ndom,dom,ndom,UCP8
113,66,88,2018-04-06 09:48:03,L,L,ucp,dom,dom,dom,UCP8
17,0,13,2018-04-06 09:48:04,R,L,ucp,ndom,dom,ndom,UCP8
119,70,95,2018-04-06 09:48:04,L,L,ucp,dom,dom,dom,UCP8
116,75,60,2018-04-06 09:48:05,L,L,ucp,dom,dom,dom,UCP8
11,0,12,2018-04-06 09:48:05,R,L,ucp,ndom,dom,ndom,UCP8
105,136,174,2018-04-06 09:48:06,L,L,ucp,dom,dom,dom,UCP8
65,64,54,2018-04-06 09:48:06,R,L,ucp,ndom,dom,ndom,UCP8
120,84,81,2018-04-06 09:48:07,L,L,ucp,dom,dom,dom,UCP8
29,31,37,2018-04-06 09:48:07,R,L,ucp,ndom,dom,ndom,UCP8
100,51,78,2018-04-06 09:48:08,L,L,ucp,dom,dom,dom,UCP8
27,36,25,2018-04-06 09:48:08,R,L,ucp,ndom,dom,ndom,UCP8
13,16,17,2018-04-06 09:48:09,R,L,ucp,ndom,dom,ndom,UCP8
94,82,75,2018-04-06 09:48:09,L,L,ucp,dom,dom,dom,UCP8
85,162,92,2018-04-06 09:48:10,L,L,ucp,dom,dom,dom,UCP8
37,2,28,2018-04-06 09:48:10,R,L,ucp,ndom,dom,ndom,UCP8
70,138,57,2018-04-06 09:48:11,L,L,ucp,dom,dom,dom,UCP8
31,0,4,2018-04-06 09:48:11,R,L,ucp,ndom,dom,ndom,UCP8
82,115,43,2018-04-06 09:48:12,L,L,ucp,dom,dom,dom,UCP8
14,0,0,2018-04-06 09:48:12,R,L,ucp,ndom,dom,ndom,UCP8
113,53,65,2018-04-06 09:48:13,L,L,ucp,dom,dom,dom,UCP8
64,36,19,2018-04-06 09:48:13,R,L,ucp,ndom,dom,ndom,UCP8
21,47,42,2018-04-06 09:48:14,L,L,ucp,dom,dom,dom,UCP8
26,14,3,2018-04-06 09:48:14,R,L,ucp,ndom,dom,ndom,UCP8
171,70,55,2018-04-06 09:48:15,L,L,ucp,dom,dom,dom,UCP8
30,0,2,2018-04-06 09:48:15,R,L,ucp,ndom,dom,ndom,UCP8
91,71,96,2018-04-06 09:48:16,L,L,ucp,dom,dom,dom,UCP8
31,0,2,2018-04-06 09:48:16,R,L,ucp,ndom,dom,ndom,UCP8
23,6,1,2018-04-06 09:48:17,R,L,ucp,ndom,dom,ndom,UCP8
94,32,50,2018-04-06 09:48:17,L,L,ucp,dom,dom,dom,UCP8
91,46,60,2018-04-06 09:48:18,L,L,ucp,dom,dom,dom,UCP8
62,14,0,2018-04-06 09:48:18,R,L,ucp,ndom,dom,ndom,UCP8
91,64,64,2018-04-06 09:48:19,L,L,ucp,dom,dom,dom,UCP8
12,2,14,2018-04-06 09:48:19,R,L,ucp,ndom,dom,ndom,UCP8
97,38,89,2018-04-06 09:48:20,L,L,ucp,dom,dom,dom,UCP8
27,5,0,2018-04-06 09:48:20,R,L,ucp,ndom,dom,ndom,UCP8
51,62,54,2018-04-06 09:48:21,L,L,ucp,dom,dom,dom,UCP8
26,0,0,2018-04-06 09:48:21,R,L,ucp,ndom,dom,ndom,UCP8
19,0,3,2018-04-06 09:48:22,R,L,ucp,ndom,dom,ndom,UCP8
99,67,65,2018-04-06 09:48:22,L,L,ucp,dom,dom,dom,UCP8
9,0,0,2018-04-06 09:48:23,R,L,ucp,ndom,dom,ndom,UCP8
57,46,39,2018-04-06 09:48:23,L,L,ucp,dom,dom,dom,UCP8
4,0,5,2018-04-06 09:48:24,R,L,ucp,ndom,dom,ndom,UCP8
93,53,51,2018-04-06 09:48:24,L,L,ucp,dom,dom,dom,UCP8
7,0,7,2018-04-06 09:48:25,R,L,ucp,ndom,dom,ndom,UCP8
160,106,61,2018-04-06 09:48:25,L,L,ucp,dom,dom,dom,UCP8
0,2,0,2018-04-06 09:48:26,R,L,ucp,ndom,dom,ndom,UCP8
76,74,60,2018-04-06 09:48:26,L,L,ucp,dom,dom,dom,UCP8
0,0,0,2018-04-06 09:48:27,R,L,ucp,ndom,dom,ndom,UCP8
90,47,63,2018-04-06 09:48:27,L,L,ucp,dom,dom,dom,UCP8
3,0,0,2018-04-06 09:48:28,R,L,ucp,ndom,dom,ndom,UCP8
68,101,84,2018-04-06 09:48:28,L,L,ucp,dom,dom,dom,UCP8
66,121,91,2018-04-06 09:48:29,L,L,ucp,dom,dom,dom,UCP8
0,0,0,2018-04-06 09:48:29,R,L,ucp,ndom,dom,ndom,UCP8
75,87,118,2018-04-06 09:48:30,L,L,ucp,dom,dom,dom,UCP8
5,0,0,2018-04-06 09:48:30,R,L,ucp,ndom,dom,ndom,UCP8
0,4,6,2018-04-06 09:48:31,R,L,ucp,ndom,dom,ndom,UCP8
101,56,94,2018-04-06 09:48:31,L,L,ucp,dom,dom,dom,UCP8
60,31,6,2018-04-06 09:48:32,L,L,ucp,dom,dom,dom,UCP8
10,0,8,2018-04-06 09:48:32,R,L,ucp,ndom,dom,ndom,UCP8
88,30,79,2018-04-06 09:48:33,L,L,ucp,dom,dom,dom,UCP8
0,0,0,2018-04-06 09:48:33,R,L,ucp,ndom,dom,ndom,UCP8
70,91,60,2018-04-06 09:48:34,L,L,ucp,dom,dom,dom,UCP8
2,0,4,2018-04-06 09:48:34,R,L,ucp,ndom,dom,ndom,UCP8
70,32,57,2018-04-06 09:48:35,L,L,ucp,dom,dom,dom,UCP8
0,0,0,2018-04-06 09:48:35,R,L,ucp,ndom,dom,ndom,UCP8
0,0,0,2018-04-06 09:48:36,R,L,ucp,ndom,dom,ndom,UCP8
119,80,77,2018-04-06 09:48:36,L,L,ucp,dom,dom,dom,UCP8
0,0,9,2018-04-06 09:48:37,R,L,ucp,ndom,dom,ndom,UCP8
81,88,112,2018-04-06 09:48:37,L,L,ucp,dom,dom,dom,UCP8
40,80,82,2018-04-06 09:48:38,L,L,ucp,dom,dom,dom,UCP8
0,0,0,2018-04-06 09:48:38,R,L,ucp,ndom,dom,ndom,UCP8
73,83,101,2018-04-06 09:48:39,L,L,ucp,dom,dom,dom,UCP8
0,0,0,2018-04-06 09:48:39,R,L,ucp,ndom,dom,ndom,UCP8
66,92,62,2018-04-06 09:48:40,L,L,ucp,dom,dom,dom,UCP8
11,0,14,2018-04-06 09:48:40,R,L,ucp,ndom,dom,ndom,UCP8
7,0,0,2018-04-06 09:48:41,R,L,ucp,ndom,dom,ndom,UCP8
95,82,149,2018-04-06 09:48:41,L,L,ucp,dom,dom,dom,UCP8
0,17,42,2018-04-06 09:48:42,R,L,ucp,ndom,dom,ndom,UCP8
66,45,72,2018-04-06 09:48:42,L,L,ucp,dom,dom,dom,UCP8
75,36,63,2018-04-06 09:48:43,R,L,ucp,ndom,dom,ndom,UCP8
49,81,59,2018-04-06 09:48:43,L,L,ucp,dom,dom,dom,UCP8
87,78,49,2018-04-06 09:48:44,L,L,ucp,dom,dom,dom,UCP8
39,2,3,2018-04-06 09:48:44,R,L,ucp,ndom,dom,ndom,UCP8
183,209,123,2018-04-06 09:48:45,L,L,ucp,dom,dom,dom,UCP8
0,9,36,2018-04-06 09:48:45,R,L,ucp,ndom,dom,ndom,UCP8
0,0,0,2017-06-22 10:47:05,L,R,ucp,ndom,dom,ndom,UCP9
126,52,41,2017-06-22 10:47:05,R,R,ucp,dom,dom,dom,UCP9
0,0,0,2017-06-22 10:47:06,L,R,ucp,ndom,dom,ndom,UCP9
55,33,49,2017-06-22 10:47:06,R,R,ucp,dom,dom,dom,UCP9
0,0,0,2017-06-22 10:47:07,L,R,ucp,ndom,dom,ndom,UCP9
45,36,50,2017-06-22 10:47:07,R,R,ucp,dom,dom,dom,UCP9
61,11,35,2017-06-22 10:47:08,R,R,ucp,dom,dom,dom,UCP9
0,0,0,2017-06-22 10:47:08,L,R,ucp,ndom,dom,ndom,UCP9
68,8,36,2017-06-22 10:47:09,R,R,ucp,dom,dom,dom,UCP9
0,0,0,2017-06-22 10:47:09,L,R,ucp,ndom,dom,ndom,UCP9
93,22,68,2017-06-22 10:47:10,R,R,ucp,dom,dom,dom,UCP9
0,0,0,2017-06-22 10:47:10,L,R,ucp,ndom,dom,ndom,UCP9
77,9,56,2017-06-22 10:47:11,R,R,ucp,dom,dom,dom,UCP9
0,0,0,2017-06-22 10:47:11,L,R,ucp,ndom,dom,ndom,UCP9
109,32,44,2017-06-22 10:47:12,R,R,ucp,dom,dom,dom,UCP9
0,0,0,2017-06-22 10:47:12,L,R,ucp,ndom,dom,ndom,UCP9
136,22,53,2017-06-22 10:47:13,R,R,ucp,dom,dom,dom,UCP9
0,0,0,2017-06-22 10:47:13,L,R,ucp,ndom,dom,ndom,UCP9
0,0,0,2017-06-22 10:47:14,L,R,ucp,ndom,dom,ndom,UCP9
121,39,37,2017-06-22 10:47:14,R,R,ucp,dom,dom,dom,UCP9
0,0,0,2017-06-22 10:47:15,L,R,ucp,ndom,dom,ndom,UCP9
93,15,42,2017-06-22 10:47:15,R,R,ucp,dom,dom,dom,UCP9
0,0,0,2017-06-22 10:47:16,L,R,ucp,ndom,dom,ndom,UCP9
85,63,59,2017-06-22 10:47:16,R,R,ucp,dom,dom,dom,UCP9
0,0,0,2017-06-22 10:47:17,L,R,ucp,ndom,dom,ndom,UCP9
61,52,35,2017-06-22 10:47:17,R,R,ucp,dom,dom,dom,UCP9
59,37,60,2017-06-22 10:47:18,R,R,ucp,dom,dom,dom,UCP9
0,0,0,2017-06-22 10:47:18,L,R,ucp,ndom,dom,ndom,UCP9
0,0,0,2017-06-22 10:47:19,L,R,ucp,ndom,dom,ndom,UCP9
35,48,51,2017-06-22 10:47:19,R,R,ucp,dom,dom,dom,UCP9
28,34,70,2017-06-22 10:47:20,R,R,ucp,dom,dom,dom,UCP9
0,0,0,2017-06-22 10:47:20,L,R,ucp,ndom,dom,ndom,UCP9
0,0,0,2017-06-22 10:47:21,L,R,ucp,ndom,dom,ndom,UCP9
42,47,54,2017-06-22 10:47:21,R,R,ucp,dom,dom,dom,UCP9
64,85,79,2017-06-22 10:47:22,R,R,ucp,dom,dom,dom,UCP9
0,0,0,2017-06-22 10:47:22,L,R,ucp,ndom,dom,ndom,UCP9
62,46,68,2017-06-22 10:47:23,R,R,ucp,dom,dom,dom,UCP9
0,0,0,2017-06-22 10:47:23,L,R,ucp,ndom,dom,ndom,UCP9
44,72,30,2017-06-22 10:47:24,R,R,ucp,dom,dom,dom,UCP9
0,0,0,2017-06-22 10:47:24,L,R,ucp,ndom,dom,ndom,UCP9
0,0,0,2017-06-22 10:47:25,L,R,ucp,ndom,dom,ndom,UCP9
67,29,76,2017-06-22 10:47:25,R,R,ucp,dom,dom,dom,UCP9
59,13,77,2017-06-22 10:47:26,R,R,ucp,dom,dom,dom,UCP9
0,0,0,2017-06-22 10:47:26,L,R,ucp,ndom,dom,ndom,UCP9
60,45,55,2017-06-22 10:47:27,R,R,ucp,dom,dom,dom,UCP9
0,0,0,2017-06-22 10:47:27,L,R,ucp,ndom,dom,ndom,UCP9
65,15,50,2017-06-22 10:47:28,R,R,ucp,dom,dom,dom,UCP9
0,0,0,2017-06-22 10:47:28,L,R,ucp,ndom,dom,ndom,UCP9
61,34,38,2017-06-22 10:47:29,R,R,ucp,dom,dom,dom,UCP9
0,0,0,2017-06-22 10:47:29,L,R,ucp,ndom,dom,ndom,UCP9
0,0,0,2017-06-22 10:47:30,L,R,ucp,ndom,dom,ndom,UCP9
60,33,48,2017-06-22 10:47:30,R,R,ucp,dom,dom,dom,UCP9
58,81,54,2017-06-22 10:47:31,R,R,ucp,dom,dom,dom,UCP9
0,0,0,2017-06-22 10:47:31,L,R,ucp,ndom,dom,ndom,UCP9
0,0,0,2017-06-22 10:47:32,L,R,ucp,ndom,dom,ndom,UCP9
72,35,70,2017-06-22 10:47:32,R,R,ucp,dom,dom,dom,UCP9
0,0,0,2017-06-22 10:47:33,L,R,ucp,ndom,dom,ndom,UCP9
91,32,60,2017-06-22 10:47:33,R,R,ucp,dom,dom,dom,UCP9
0,0,0,2017-06-22 10:47:34,L,R,ucp,ndom,dom,ndom,UCP9
86,13,42,2017-06-22 10:47:34,R,R,ucp,dom,dom,dom,UCP9
0,0,0,2017-06-22 10:47:35,L,R,ucp,ndom,dom,ndom,UCP9
52,19,36,2017-06-22 10:47:35,R,R,ucp,dom,dom,dom,UCP9
0,0,0,2017-06-22 10:47:36,L,R,ucp,ndom,dom,ndom,UCP9
72,25,21,2017-06-22 10:47:36,R,R,ucp,dom,dom,dom,UCP9
0,0,0,2017-06-22 10:47:37,L,R,ucp,ndom,dom,ndom,UCP9
72,44,56,2017-06-22 10:47:37,R,R,ucp,dom,dom,dom,UCP9
38,35,39,2017-06-22 10:47:38,R,R,ucp,dom,dom,dom,UCP9
0,0,0,2017-06-22 10:47:38,L,R,ucp,ndom,dom,ndom,UCP9
93,10,50,2017-06-22 10:47:39,R,R,ucp,dom,dom,dom,UCP9
0,0,0,2017-06-22 10:47:39,L,R,ucp,ndom,dom,ndom,UCP9
0,0,0,2017-06-22 10:47:40,L,R,ucp,ndom,dom,ndom,UCP9
68,15,61,2017-06-22 10:47:40,R,R,ucp,dom,dom,dom,UCP9
0,0,0,2017-06-22 10:47:41,L,R,ucp,ndom,dom,ndom,UCP9
36,61,34,2017-06-22 10:47:41,R,R,ucp,dom,dom,dom,UCP9
0,0,0,2017-06-22 10:47:42,L,R,ucp,ndom,dom,ndom,UCP9
95,110,57,2017-06-22 10:47:42,R,R,ucp,dom,dom,dom,UCP9
0,0,0,2017-06-22 10:47:43,L,R,ucp,ndom,dom,ndom,UCP9
77,63,55,2017-06-22 10:47:43,R,R,ucp,dom,dom,dom,UCP9
91,34,73,2017-06-22 10:47:44,R,R,ucp,dom,dom,dom,UCP9
0,0,0,2017-06-22 10:47:44,L,R,ucp,ndom,dom,ndom,UCP9
0,0,0,2017-06-22 10:47:45,L,R,ucp,ndom,dom,ndom,UCP9
84,24,44,2017-06-22 10:47:45,R,R,ucp,dom,dom,dom,UCP9
49,61,35,2017-06-22 10:47:46,R,R,ucp,dom,dom,dom,UCP9
0,0,0,2017-06-22 10:47:46,L,R,ucp,ndom,dom,ndom,UCP9
76,29,54,2017-06-22 10:47:47,R,R,ucp,dom,dom,dom,UCP9
0,0,0,2017-06-22 10:47:47,L,R,ucp,ndom,dom,ndom,UCP9
0,0,0,2017-06-22 10:47:48,L,R,ucp,ndom,dom,ndom,UCP9
76,19,63,2017-06-22 10:47:48,R,R,ucp,dom,dom,dom,UCP9
0,0,0,2017-06-22 10:47:49,L,R,ucp,ndom,dom,ndom,UCP9
96,11,65,2017-06-22 10:47:49,R,R,ucp,dom,dom,dom,UCP9
65,12,43,2017-06-22 10:47:50,R,R,ucp,dom,dom,dom,UCP9
0,0,0,2017-06-22 10:47:50,L,R,ucp,ndom,dom,ndom,UCP9
75,33,20,2017-06-22 10:47:51,R,R,ucp,dom,dom,dom,UCP9
0,0,0,2017-06-22 10:47:51,L,R,ucp,ndom,dom,ndom,UCP9
0,0,0,2017-06-22 10:47:52,L,R,ucp,ndom,dom,ndom,UCP9
89,37,53,2017-06-22 10:47:52,R,R,ucp,dom,dom,dom,UCP9
46,63,48,2017-06-22 10:47:53,R,R,ucp,dom,dom,dom,UCP9
0,0,0,2017-06-22 10:47:53,L,R,ucp,ndom,dom,ndom,UCP9
0,0,0,2017-06-22 10:47:54,L,R,ucp,ndom,dom,ndom,UCP9
44,25,57,2017-06-22 10:47:54,R,R,ucp,dom,dom,dom,UCP9
0,0,0,2017-06-22 10:47:55,L,R,ucp,ndom,dom,ndom,UCP9
52,38,69,2017-06-22 10:47:55,R,R,ucp,dom,dom,dom,UCP9
67,29,66,2017-06-22 10:47:56,R,R,ucp,dom,dom,dom,UCP9
0,0,0,2017-06-22 10:47:56,L,R,ucp,ndom,dom,ndom,UCP9
44,22,80,2017-06-22 10:47:57,R,R,ucp,dom,dom,dom,UCP9
0,0,0,2017-06-22 10:47:57,L,R,ucp,ndom,dom,ndom,UCP9
0,0,0,2017-06-22 10:47:58,L,R,ucp,ndom,dom,ndom,UCP9
38,44,78,2017-06-22 10:47:58,R,R,ucp,dom,dom,dom,UCP9
0,0,0,2017-06-22 10:47:59,L,R,ucp,ndom,dom,ndom,UCP9
47,47,83,2017-06-22 10:47:59,R,R,ucp,dom,dom,dom,UCP9
0,0,0,2017-06-22 10:48:00,L,R,ucp,ndom,dom,ndom,UCP9
45,34,59,2017-06-22 10:48:00,R,R,ucp,dom,dom,dom,UCP9
0,0,0,2017-06-22 10:48:01,L,R,ucp,ndom,dom,ndom,UCP9
51,44,80,2017-06-22 10:48:01,R,R,ucp,dom,dom,dom,UCP9
0,0,0,2017-06-22 10:48:02,L,R,ucp,ndom,dom,ndom,UCP9
51,41,100,2017-06-22 10:48:02,R,R,ucp,dom,dom,dom,UCP9
52,60,68,2017-06-22 10:48:03,R,R,ucp,dom,dom,dom,UCP9
0,0,0,2017-06-22 10:48:03,L,R,ucp,ndom,dom,ndom,UCP9
15,0,9,2017-06-22 10:48:04,L,R,ucp,ndom,dom,ndom,UCP9
87,61,65,2017-06-22 10:48:04,R,R,ucp,dom,dom,dom,UCP9
45,68,61,2017-06-22 10:48:05,R,R,ucp,dom,dom,dom,UCP9
87,23,99,2017-06-22 10:48:05,L,R,ucp,ndom,dom,ndom,UCP9
74,81,64,2017-06-22 10:49:25,L,R,ucp,ndom,ndom,ndom,UCP9
0,0,0,2017-06-22 10:49:25,R,R,ucp,dom,ndom,dom,UCP9
0,0,0,2017-06-22 10:49:26,R,R,ucp,dom,ndom,dom,UCP9
63,43,42,2017-06-22 10:49:26,L,R,ucp,ndom,ndom,ndom,UCP9
0,0,0,2017-06-22 10:49:27,R,R,ucp,dom,ndom,dom,UCP9
47,53,54,2017-06-22 10:49:27,L,R,ucp,ndom,ndom,ndom,UCP9
0,0,0,2017-06-22 10:49:28,R,R,ucp,dom,ndom,dom,UCP9
72,21,46,2017-06-22 10:49:28,L,R,ucp,ndom,ndom,ndom,UCP9
0,0,0,2017-06-22 10:49:29,R,R,ucp,dom,ndom,dom,UCP9
53,37,43,2017-06-22 10:49:29,L,R,ucp,ndom,ndom,ndom,UCP9
54,27,31,2017-06-22 10:49:30,L,R,ucp,ndom,ndom,ndom,UCP9
0,0,0,2017-06-22 10:49:30,R,R,ucp,dom,ndom,dom,UCP9
0,0,0,2017-06-22 10:49:31,R,R,ucp,dom,ndom,dom,UCP9
42,31,44,2017-06-22 10:49:31,L,R,ucp,ndom,ndom,ndom,UCP9
40,51,48,2017-06-22 10:49:32,L,R,ucp,ndom,ndom,ndom,UCP9
0,0,0,2017-06-22 10:49:32,R,R,ucp,dom,ndom,dom,UCP9
0,0,0,2017-06-22 10:49:33,R,R,ucp,dom,ndom,dom,UCP9
22,13,19,2017-06-22 10:49:33,L,R,ucp,ndom,ndom,ndom,UCP9
58,46,62,2017-06-22 10:49:34,L,R,ucp,ndom,ndom,ndom,UCP9
0,0,0,2017-06-22 10:49:34,R,R,ucp,dom,ndom,dom,UCP9
0,0,0,2017-06-22 10:49:35,R,R,ucp,dom,ndom,dom,UCP9
38,46,57,2017-06-22 10:49:35,L,R,ucp,ndom,ndom,ndom,UCP9
0,0,0,2017-06-22 10:49:36,R,R,ucp,dom,ndom,dom,UCP9
62,24,45,2017-06-22 10:49:36,L,R,ucp,ndom,ndom,ndom,UCP9
0,0,0,2017-06-22 10:49:37,R,R,ucp,dom,ndom,dom,UCP9
58,32,49,2017-06-22 10:49:37,L,R,ucp,ndom,ndom,ndom,UCP9
62,31,63,2017-06-22 10:49:38,L,R,ucp,ndom,ndom,ndom,UCP9
0,0,0,2017-06-22 10:49:38,R,R,ucp,dom,ndom,dom,UCP9
46,49,44,2017-06-22 10:49:39,L,R,ucp,ndom,ndom,ndom,UCP9
0,0,0,2017-06-22 10:49:39,R,R,ucp,dom,ndom,dom,UCP9
0,0,0,2017-06-22 10:49:40,R,R,ucp,dom,ndom,dom,UCP9
24,8,9,2017-06-22 10:49:40,L,R,ucp,ndom,ndom,ndom,UCP9
0,0,0,2017-06-22 10:49:41,R,R,ucp,dom,ndom,dom,UCP9
59,90,66,2017-06-22 10:49:41,L,R,ucp,ndom,ndom,ndom,UCP9
0,0,0,2017-06-22 10:49:42,R,R,ucp,dom,ndom,dom,UCP9
38,42,36,2017-06-22 10:49:42,L,R,ucp,ndom,ndom,ndom,UCP9
0,0,0,2017-06-22 10:49:43,R,R,ucp,dom,ndom,dom,UCP9
23,71,24,2017-06-22 10:49:43,L,R,ucp,ndom,ndom,ndom,UCP9
0,0,0,2017-06-22 10:49:44,R,R,ucp,dom,ndom,dom,UCP9
45,39,39,2017-06-22 10:49:44,L,R,ucp,ndom,ndom,ndom,UCP9
39,38,35,2017-06-22 10:49:45,L,R,ucp,ndom,ndom,ndom,UCP9
0,0,0,2017-06-22 10:49:45,R,R,ucp,dom,ndom,dom,UCP9
0,0,0,2017-06-22 10:49:46,R,R,ucp,dom,ndom,dom,UCP9
48,30,25,2017-06-22 10:49:46,L,R,ucp,ndom,ndom,ndom,UCP9
52,32,36,2017-06-22 10:49:47,L,R,ucp,ndom,ndom,ndom,UCP9
0,0,0,2017-06-22 10:49:47,R,R,ucp,dom,ndom,dom,UCP9
53,31,45,2017-06-22 10:49:48,L,R,ucp,ndom,ndom,ndom,UCP9
0,0,0,2017-06-22 10:49:48,R,R,ucp,dom,ndom,dom,UCP9
73,43,27,2017-06-22 10:49:49,L,R,ucp,ndom,ndom,ndom,UCP9
0,0,0,2017-06-22 10:49:49,R,R,ucp,dom,ndom,dom,UCP9
65,30,57,2017-06-22 10:49:50,L,R,ucp,ndom,ndom,ndom,UCP9
0,0,0,2017-06-22 10:49:50,R,R,ucp,dom,ndom,dom,UCP9
0,0,0,2017-06-22 10:49:51,R,R,ucp,dom,ndom,dom,UCP9
90,42,47,2017-06-22 10:49:51,L,R,ucp,ndom,ndom,ndom,UCP9
0,0,0,2017-06-22 10:49:52,R,R,ucp,dom,ndom,dom,UCP9
49,4,21,2017-06-22 10:49:52,L,R,ucp,ndom,ndom,ndom,UCP9
57,26,44,2017-06-22 10:49:53,L,R,ucp,ndom,ndom,ndom,UCP9
0,0,0,2017-06-22 10:49:53,R,R,ucp,dom,ndom,dom,UCP9
0,0,0,2017-06-22 10:49:54,R,R,ucp,dom,ndom,dom,UCP9
45,31,36,2017-06-22 10:49:54,L,R,ucp,ndom,ndom,ndom,UCP9
35,22,12,2017-06-22 10:49:55,L,R,ucp,ndom,ndom,ndom,UCP9
0,0,0,2017-06-22 10:49:55,R,R,ucp,dom,ndom,dom,UCP9
62,52,66,2017-06-22 10:49:56,L,R,ucp,ndom,ndom,ndom,UCP9
0,0,0,2017-06-22 10:49:56,R,R,ucp,dom,ndom,dom,UCP9
33,41,32,2017-06-22 10:49:57,L,R,ucp,ndom,ndom,ndom,UCP9
0,0,0,2017-06-22 10:49:57,R,R,ucp,dom,ndom,dom,UCP9
54,42,45,2017-06-22 10:49:58,L,R,ucp,ndom,ndom,ndom,UCP9
0,0,0,2017-06-22 10:49:58,R,R,ucp,dom,ndom,dom,UCP9
43,15,14,2017-06-22 10:49:59,L,R,ucp,ndom,ndom,ndom,UCP9
0,0,0,2017-06-22 10:49:59,R,R,ucp,dom,ndom,dom,UCP9
53,26,28,2017-06-22 10:50:00,L,R,ucp,ndom,ndom,ndom,UCP9
0,0,0,2017-06-22 10:50:00,R,R,ucp,dom,ndom,dom,UCP9
0,0,0,2017-06-22 10:50:01,R,R,ucp,dom,ndom,dom,UCP9
41,31,19,2017-06-22 10:50:01,L,R,ucp,ndom,ndom,ndom,UCP9
0,0,0,2017-06-22 10:50:02,R,R,ucp,dom,ndom,dom,UCP9
0,25,0,2017-06-22 10:50:02,L,R,ucp,ndom,ndom,ndom,UCP9
0,0,0,2017-06-22 10:50:03,R,R,ucp,dom,ndom,dom,UCP9
28,48,5,2017-06-22 10:50:03,L,R,ucp,ndom,ndom,ndom,UCP9
0,0,0,2017-06-22 10:50:04,R,R,ucp,dom,ndom,dom,UCP9
23,60,15,2017-06-22 10:50:04,L,R,ucp,ndom,ndom,ndom,UCP9
0,0,0,2017-06-22 10:50:05,R,R,ucp,dom,ndom,dom,UCP9
49,29,37,2017-06-22 10:50:05,L,R,ucp,ndom,ndom,ndom,UCP9
0,0,0,2017-06-22 10:50:06,R,R,ucp,dom,ndom,dom,UCP9
60,23,14,2017-06-22 10:50:06,L,R,ucp,ndom,ndom,ndom,UCP9
0,0,0,2017-06-22 10:50:07,R,R,ucp,dom,ndom,dom,UCP9
43,49,42,2017-06-22 10:50:07,L,R,ucp,ndom,ndom,ndom,UCP9
0,0,0,2017-06-22 10:50:08,R,R,ucp,dom,ndom,dom,UCP9
37,55,32,2017-06-22 10:50:08,L,R,ucp,ndom,ndom,ndom,UCP9
48,49,20,2017-06-22 10:50:09,L,R,ucp,ndom,ndom,ndom,UCP9
0,0,0,2017-06-22 10:50:09,R,R,ucp,dom,ndom,dom,UCP9
0,0,0,2017-06-22 10:50:10,R,R,ucp,dom,ndom,dom,UCP9
23,14,4,2017-06-22 10:50:10,L,R,ucp,ndom,ndom,ndom,UCP9
59,42,38,2017-06-22 10:50:11,L,R,ucp,ndom,ndom,ndom,UCP9
0,0,0,2017-06-22 10:50:11,R,R,ucp,dom,ndom,dom,UCP9
53,59,27,2017-06-22 10:50:12,L,R,ucp,ndom,ndom,ndom,UCP9
0,0,0,2017-06-22 10:50:12,R,R,ucp,dom,ndom,dom,UCP9
60,20,16,2017-06-22 10:50:13,L,R,ucp,ndom,ndom,ndom,UCP9
0,0,0,2017-06-22 10:50:13,R,R,ucp,dom,ndom,dom,UCP9
0,0,0,2017-06-22 10:50:14,R,R,ucp,dom,ndom,dom,UCP9
42,43,46,2017-06-22 10:50:14,L,R,ucp,ndom,ndom,ndom,UCP9
0,0,0,2017-06-22 10:50:15,R,R,ucp,dom,ndom,dom,UCP9
37,50,47,2017-06-22 10:50:15,L,R,ucp,ndom,ndom,ndom,UCP9
0,0,0,2017-06-22 10:50:16,R,R,ucp,dom,ndom,dom,UCP9
59,7,25,2017-06-22 10:50:16,L,R,ucp,ndom,ndom,ndom,UCP9
0,0,0,2017-06-22 10:50:17,R,R,ucp,dom,ndom,dom,UCP9
56,41,36,2017-06-22 10:50:17,L,R,ucp,ndom,ndom,ndom,UCP9
0,0,0,2017-06-22 10:50:18,R,R,ucp,dom,ndom,dom,UCP9
55,41,57,2017-06-22 10:50:18,L,R,ucp,ndom,ndom,ndom,UCP9
63,34,29,2017-06-22 10:50:19,L,R,ucp,ndom,ndom,ndom,UCP9
0,0,0,2017-06-22 10:50:19,R,R,ucp,dom,ndom,dom,UCP9
76,60,43,2017-06-22 10:50:20,L,R,ucp,ndom,ndom,ndom,UCP9
0,0,0,2017-06-22 10:50:20,R,R,ucp,dom,ndom,dom,UCP9
0,0,0,2017-06-22 10:50:21,R,R,ucp,dom,ndom,dom,UCP9
55,31,28,2017-06-22 10:50:21,L,R,ucp,ndom,ndom,ndom,UCP9
23,22,35,2017-06-22 10:50:22,L,R,ucp,ndom,ndom,ndom,UCP9
0,0,0,2017-06-22 10:50:22,R,R,ucp,dom,ndom,dom,UCP9
40,45,29,2017-06-22 10:50:23,L,R,ucp,ndom,ndom,ndom,UCP9
0,0,0,2017-06-22 10:50:23,R,R,ucp,dom,ndom,dom,UCP9
63,57,45,2017-06-22 10:50:24,L,R,ucp,ndom,ndom,ndom,UCP9
0,0,0,2017-06-22 10:50:24,R,R,ucp,dom,ndom,dom,UCP9
37,16,1,2017-06-22 10:50:25,R,R,ucp,dom,ndom,dom,UCP9
81,116,97,2017-06-22 10:50:25,L,R,ucp,ndom,ndom,ndom,UCP9
127,68,34,2017-01-19 15:32:00,L,L,ucp,dom,dom,dom,UCP10
0,6,0,2017-01-19 15:32:00,R,L,ucp,ndom,dom,ndom,UCP10
0,0,0,2017-01-19 15:32:01,R,L,ucp,ndom,dom,ndom,UCP10
72,40,66,2017-01-19 15:32:01,L,L,ucp,dom,dom,dom,UCP10
111,41,102,2017-01-19 15:32:02,L,L,ucp,dom,dom,dom,UCP10
0,0,0,2017-01-19 15:32:02,R,L,ucp,ndom,dom,ndom,UCP10
89,67,71,2017-01-19 15:32:03,L,L,ucp,dom,dom,dom,UCP10
0,0,0,2017-01-19 15:32:03,R,L,ucp,ndom,dom,ndom,UCP10
40,39,53,2017-01-19 15:32:04,L,L,ucp,dom,dom,dom,UCP10
0,0,0,2017-01-19 15:32:04,R,L,ucp,ndom,dom,ndom,UCP10
96,74,33,2017-01-19 15:32:05,L,L,ucp,dom,dom,dom,UCP10
0,0,0,2017-01-19 15:32:05,R,L,ucp,ndom,dom,ndom,UCP10
67,28,53,2017-01-19 15:32:06,L,L,ucp,dom,dom,dom,UCP10
0,0,0,2017-01-19 15:32:06,R,L,ucp,ndom,dom,ndom,UCP10
0,0,0,2017-01-19 15:32:07,R,L,ucp,ndom,dom,ndom,UCP10
61,55,41,2017-01-19 15:32:07,L,L,ucp,dom,dom,dom,UCP10
0,0,0,2017-01-19 15:32:08,R,L,ucp,ndom,dom,ndom,UCP10
38,144,38,2017-01-19 15:32:08,L,L,ucp,dom,dom,dom,UCP10
0,0,0,2017-01-19 15:32:09,R,L,ucp,ndom,dom,ndom,UCP10
50,95,17,2017-01-19 15:32:09,L,L,ucp,dom,dom,dom,UCP10
0,0,0,2017-01-19 15:32:10,R,L,ucp,ndom,dom,ndom,UCP10
61,119,89,2017-01-19 15:32:10,L,L,ucp,dom,dom,dom,UCP10
72,161,76,2017-01-19 15:32:11,L,L,ucp,dom,dom,dom,UCP10
0,0,0,2017-01-19 15:32:11,R,L,ucp,ndom,dom,ndom,UCP10
64,97,63,2017-01-19 15:32:12,L,L,ucp,dom,dom,dom,UCP10
0,0,0,2017-01-19 15:32:12,R,L,ucp,ndom,dom,ndom,UCP10
73,88,48,2017-01-19 15:32:13,L,L,ucp,dom,dom,dom,UCP10
0,0,1,2017-01-19 15:32:13,R,L,ucp,ndom,dom,ndom,UCP10
89,93,81,2017-01-19 15:32:14,L,L,ucp,dom,dom,dom,UCP10
0,0,0,2017-01-19 15:32:14,R,L,ucp,ndom,dom,ndom,UCP10
0,0,0,2017-01-19 15:32:15,R,L,ucp,ndom,dom,ndom,UCP10
56,68,59,2017-01-19 15:32:15,L,L,ucp,dom,dom,dom,UCP10
78,114,59,2017-01-19 15:32:16,L,L,ucp,dom,dom,dom,UCP10
0,0,0,2017-01-19 15:32:16,R,L,ucp,ndom,dom,ndom,UCP10
0,0,0,2017-01-19 15:32:17,R,L,ucp,ndom,dom,ndom,UCP10
45,101,54,2017-01-19 15:32:17,L,L,ucp,dom,dom,dom,UCP10
77,88,59,2017-01-19 15:32:18,L,L,ucp,dom,dom,dom,UCP10
0,0,0,2017-01-19 15:32:18,R,L,ucp,ndom,dom,ndom,UCP10
62,69,45,2017-01-19 15:32:19,L,L,ucp,dom,dom,dom,UCP10
0,0,0,2017-01-19 15:32:19,R,L,ucp,ndom,dom,ndom,UCP10
90,66,29,2017-01-19 15:32:20,L,L,ucp,dom,dom,dom,UCP10
0,0,0,2017-01-19 15:32:20,R,L,ucp,ndom,dom,ndom,UCP10
0,0,0,2017-01-19 15:32:21,R,L,ucp,ndom,dom,ndom,UCP10
40,34,15,2017-01-19 15:32:21,L,L,ucp,dom,dom,dom,UCP10
59,23,47,2017-01-19 15:32:22,L,L,ucp,dom,dom,dom,UCP10
0,0,8,2017-01-19 15:32:22,R,L,ucp,ndom,dom,ndom,UCP10
0,0,0,2017-01-19 15:32:23,R,L,ucp,ndom,dom,ndom,UCP10
87,56,60,2017-01-19 15:32:23,L,L,ucp,dom,dom,dom,UCP10
81,73,65,2017-01-19 15:32:24,L,L,ucp,dom,dom,dom,UCP10
0,0,0,2017-01-19 15:32:24,R,L,ucp,ndom,dom,ndom,UCP10
0,0,0,2017-01-19 15:32:25,R,L,ucp,ndom,dom,ndom,UCP10
117,102,89,2017-01-19 15:32:25,L,L,ucp,dom,dom,dom,UCP10
107,50,49,2017-01-19 15:32:26,L,L,ucp,dom,dom,dom,UCP10
2,0,0,2017-01-19 15:32:26,R,L,ucp,ndom,dom,ndom,UCP10
114,47,94,2017-01-19 15:32:27,L,L,ucp,dom,dom,dom,UCP10
1,0,0,2017-01-19 15:32:27,R,L,ucp,ndom,dom,ndom,UCP10
68,34,81,2017-01-19 15:32:28,L,L,ucp,dom,dom,dom,UCP10
4,0,0,2017-01-19 15:32:28,R,L,ucp,ndom,dom,ndom,UCP10
2,0,2,2017-01-19 15:32:29,R,L,ucp,ndom,dom,ndom,UCP10
72,28,50,2017-01-19 15:32:29,L,L,ucp,dom,dom,dom,UCP10
0,0,0,2017-01-19 15:32:30,R,L,ucp,ndom,dom,ndom,UCP10
95,84,39,2017-01-19 15:32:30,L,L,ucp,dom,dom,dom,UCP10
68,60,61,2017-01-19 15:32:31,L,L,ucp,dom,dom,dom,UCP10
0,0,0,2017-01-19 15:32:31,R,L,ucp,ndom,dom,ndom,UCP10
48,48,50,2017-01-19 15:32:32,L,L,ucp,dom,dom,dom,UCP10
0,0,0,2017-01-19 15:32:32,R,L,ucp,ndom,dom,ndom,UCP10
0,0,0,2017-01-19 15:32:33,R,L,ucp,ndom,dom,ndom,UCP10
69,66,44,2017-01-19 15:32:33,L,L,ucp,dom,dom,dom,UCP10
4,11,15,2017-01-19 15:32:34,R,L,ucp,ndom,dom,ndom,UCP10
60,62,45,2017-01-19 15:32:34,L,L,ucp,dom,dom,dom,UCP10
63,82,50,2017-01-19 15:32:35,L,L,ucp,dom,dom,dom,UCP10
0,0,0,2017-01-19 15:32:35,R,L,ucp,ndom,dom,ndom,UCP10
62,65,38,2017-01-19 15:32:36,L,L,ucp,dom,dom,dom,UCP10
0,0,0,2017-01-19 15:32:36,R,L,ucp,ndom,dom,ndom,UCP10
0,0,0,2017-01-19 15:32:37,R,L,ucp,ndom,dom,ndom,UCP10
75,73,55,2017-01-19 15:32:37,L,L,ucp,dom,dom,dom,UCP10
2,0,0,2017-01-19 15:32:38,R,L,ucp,ndom,dom,ndom,UCP10
73,40,52,2017-01-19 15:32:38,L,L,ucp,dom,dom,dom,UCP10
0,0,0,2017-01-19 15:32:39,R,L,ucp,ndom,dom,ndom,UCP10
66,106,23,2017-01-19 15:32:39,L,L,ucp,dom,dom,dom,UCP10
96,146,105,2017-01-19 15:32:40,L,L,ucp,dom,dom,dom,UCP10
0,0,0,2017-01-19 15:32:40,R,L,ucp,ndom,dom,ndom,UCP10
3,0,0,2017-01-19 15:32:41,R,L,ucp,ndom,dom,ndom,UCP10
70,49,39,2017-01-19 15:32:41,L,L,ucp,dom,dom,dom,UCP10
91,68,56,2017-01-19 15:32:42,L,L,ucp,dom,dom,dom,UCP10
1,0,0,2017-01-19 15:32:42,R,L,ucp,ndom,dom,ndom,UCP10
0,0,0,2017-01-19 15:32:43,R,L,ucp,ndom,dom,ndom,UCP10
72,36,39,2017-01-19 15:32:43,L,L,ucp,dom,dom,dom,UCP10
120,52,81,2017-01-19 15:32:44,L,L,ucp,dom,dom,dom,UCP10
24,44,35,2017-01-19 15:32:44,R,L,ucp,ndom,dom,ndom,UCP10
96,18,42,2017-01-19 15:32:45,L,L,ucp,dom,dom,dom,UCP10
17,5,43,2017-01-19 15:32:45,R,L,ucp,ndom,dom,ndom,UCP10
13,15,5,2017-01-19 15:32:46,R,L,ucp,ndom,dom,ndom,UCP10
84,86,40,2017-01-19 15:32:46,L,L,ucp,dom,dom,dom,UCP10
87,90,50,2017-01-19 15:32:47,L,L,ucp,dom,dom,dom,UCP10
20,4,16,2017-01-19 15:32:47,R,L,ucp,ndom,dom,ndom,UCP10
14,7,20,2017-01-19 15:32:48,R,L,ucp,ndom,dom,ndom,UCP10
102,48,61,2017-01-19 15:32:48,L,L,ucp,dom,dom,dom,UCP10
10,10,20,2017-01-19 15:32:49,R,L,ucp,ndom,dom,ndom,UCP10
85,88,39,2017-01-19 15:32:49,L,L,ucp,dom,dom,dom,UCP10
15,8,78,2017-01-19 15:32:50,R,L,ucp,ndom,dom,ndom,UCP10
103,40,49,2017-01-19 15:32:50,L,L,ucp,dom,dom,dom,UCP10
12,0,46,2017-01-19 15:32:51,R,L,ucp,ndom,dom,ndom,UCP10
76,82,32,2017-01-19 15:32:51,L,L,ucp,dom,dom,dom,UCP10
18,0,15,2017-01-19 15:32:52,R,L,ucp,ndom,dom,ndom,UCP10
56,115,62,2017-01-19 15:32:52,L,L,ucp,dom,dom,dom,UCP10
35,1,26,2017-01-19 15:32:53,R,L,ucp,ndom,dom,ndom,UCP10
91,117,30,2017-01-19 15:32:53,L,L,ucp,dom,dom,dom,UCP10
9,0,9,2017-01-19 15:32:54,R,L,ucp,ndom,dom,ndom,UCP10
62,106,23,2017-01-19 15:32:54,L,L,ucp,dom,dom,dom,UCP10
59,162,39,2017-01-19 15:32:55,L,L,ucp,dom,dom,dom,UCP10
7,0,57,2017-01-19 15:32:55,R,L,ucp,ndom,dom,ndom,UCP10
2,8,44,2017-01-19 15:32:56,R,L,ucp,ndom,dom,ndom,UCP10
19,98,13,2017-01-19 15:32:56,L,L,ucp,dom,dom,dom,UCP10
57,140,10,2017-01-19 15:32:57,L,L,ucp,dom,dom,dom,UCP10
44,10,32,2017-01-19 15:32:57,R,L,ucp,ndom,dom,ndom,UCP10
88,118,37,2017-01-19 15:32:58,L,L,ucp,dom,dom,dom,UCP10
32,4,19,2017-01-19 15:32:58,R,L,ucp,ndom,dom,ndom,UCP10
20,6,92,2017-01-19 15:32:59,R,L,ucp,ndom,dom,ndom,UCP10
82,61,67,2017-01-19 15:32:59,L,L,ucp,dom,dom,dom,UCP10
0,12,18,2017-01-19 15:33:00,L,L,ucp,dom,dom,dom,UCP10
37,24,70,2017-01-19 15:33:00,R,L,ucp,ndom,dom,ndom,UCP10
0,0,0,2017-01-19 15:36:00,L,L,ucp,dom,ndom,dom,UCP10
49,159,7,2017-01-19 15:36:00,R,L,ucp,ndom,ndom,ndom,UCP10
5,8,0,2017-01-19 15:36:01,L,L,ucp,dom,ndom,dom,UCP10
20,40,29,2017-01-19 15:36:01,R,L,ucp,ndom,ndom,ndom,UCP10
0,10,0,2017-01-19 15:36:02,L,L,ucp,dom,ndom,dom,UCP10
45,28,12,2017-01-19 15:36:02,R,L,ucp,ndom,ndom,ndom,UCP10
0,0,0,2017-01-19 15:36:03,L,L,ucp,dom,ndom,dom,UCP10
45,29,10,2017-01-19 15:36:03,R,L,ucp,ndom,ndom,ndom,UCP10
0,20,31,2017-01-19 15:36:04,L,L,ucp,dom,ndom,dom,UCP10
19,102,14,2017-01-19 15:36:04,R,L,ucp,ndom,ndom,ndom,UCP10
1,30,34,2017-01-19 15:36:05,L,L,ucp,dom,ndom,dom,UCP10
13,111,10,2017-01-19 15:36:05,R,L,ucp,ndom,ndom,ndom,UCP10
0,0,0,2017-01-19 15:36:06,L,L,ucp,dom,ndom,dom,UCP10
6,22,5,2017-01-19 15:36:06,R,L,ucp,ndom,ndom,ndom,UCP10
0,0,0,2017-01-19 15:36:07,L,L,ucp,dom,ndom,dom,UCP10
60,29,17,2017-01-19 15:36:07,R,L,ucp,ndom,ndom,ndom,UCP10
15,88,23,2017-01-19 15:36:08,R,L,ucp,ndom,ndom,ndom,UCP10
0,0,0,2017-01-19 15:36:08,L,L,ucp,dom,ndom,dom,UCP10
47,71,7,2017-01-19 15:36:09,R,L,ucp,ndom,ndom,ndom,UCP10
0,0,0,2017-01-19 15:36:09,L,L,ucp,dom,ndom,dom,UCP10
0,0,0,2017-01-19 15:36:10,L,L,ucp,dom,ndom,dom,UCP10
51,36,8,2017-01-19 15:36:10,R,L,ucp,ndom,ndom,ndom,UCP10
87,1,19,2017-01-19 15:36:11,R,L,ucp,ndom,ndom,ndom,UCP10
3,0,0,2017-01-19 15:36:11,L,L,ucp,dom,ndom,dom,UCP10
0,0,0,2017-01-19 15:36:12,L,L,ucp,dom,ndom,dom,UCP10
107,69,17,2017-01-19 15:36:12,R,L,ucp,ndom,ndom,ndom,UCP10
33,31,11,2017-01-19 15:36:13,R,L,ucp,ndom,ndom,ndom,UCP10
0,0,0,2017-01-19 15:36:13,L,L,ucp,dom,ndom,dom,UCP10
39,51,35,2017-01-19 15:36:14,R,L,ucp,ndom,ndom,ndom,UCP10
16,0,14,2017-01-19 15:36:14,L,L,ucp,dom,ndom,dom,UCP10
67,117,22,2017-01-19 15:36:15,R,L,ucp,ndom,ndom,ndom,UCP10
5,0,2,2017-01-19 15:36:15,L,L,ucp,dom,ndom,dom,UCP10
42,91,22,2017-01-19 15:36:16,R,L,ucp,ndom,ndom,ndom,UCP10
0,0,0,2017-01-19 15:36:16,L,L,ucp,dom,ndom,dom,UCP10
11,16,2,2017-01-19 15:36:17,R,L,ucp,ndom,ndom,ndom,UCP10
0,0,0,2017-01-19 15:36:17,L,L,ucp,dom,ndom,dom,UCP10
36,78,21,2017-01-19 15:36:18,R,L,ucp,ndom,ndom,ndom,UCP10
6,3,3,2017-01-19 15:36:18,L,L,ucp,dom,ndom,dom,UCP10
61,114,39,2017-01-19 15:36:19,R,L,ucp,ndom,ndom,ndom,UCP10
0,2,14,2017-01-19 15:36:19,L,L,ucp,dom,ndom,dom,UCP10
16,41,5,2017-01-19 15:36:20,R,L,ucp,ndom,ndom,ndom,UCP10
0,0,0,2017-01-19 15:36:20,L,L,ucp,dom,ndom,dom,UCP10
31,71,7,2017-01-19 15:36:21,R,L,ucp,ndom,ndom,ndom,UCP10
0,0,0,2017-01-19 15:36:21,L,L,ucp,dom,ndom,dom,UCP10
63,72,17,2017-01-19 15:36:22,R,L,ucp,ndom,ndom,ndom,UCP10
0,0,6,2017-01-19 15:36:22,L,L,ucp,dom,ndom,dom,UCP10
49,119,32,2017-01-19 15:36:23,R,L,ucp,ndom,ndom,ndom,UCP10
0,4,26,2017-01-19 15:36:23,L,L,ucp,dom,ndom,dom,UCP10
3,7,8,2017-01-19 15:36:24,R,L,ucp,ndom,ndom,ndom,UCP10
0,0,0,2017-01-19 15:36:24,L,L,ucp,dom,ndom,dom,UCP10
52,92,36,2017-01-19 15:36:25,R,L,ucp,ndom,ndom,ndom,UCP10
13,0,74,2017-01-19 15:36:25,L,L,ucp,dom,ndom,dom,UCP10
19,76,6,2017-01-19 15:36:26,R,L,ucp,ndom,ndom,ndom,UCP10
2,13,100,2017-01-19 15:36:26,L,L,ucp,dom,ndom,dom,UCP10
0,29,0,2017-01-19 15:36:27,R,L,ucp,ndom,ndom,ndom,UCP10
4,1,25,2017-01-19 15:36:27,L,L,ucp,dom,ndom,dom,UCP10
0,4,0,2017-01-19 15:36:28,R,L,ucp,ndom,ndom,ndom,UCP10
0,0,0,2017-01-19 15:36:28,L,L,ucp,dom,ndom,dom,UCP10
30,88,22,2017-01-19 15:36:29,R,L,ucp,ndom,ndom,ndom,UCP10
0,0,0,2017-01-19 15:36:29,L,L,ucp,dom,ndom,dom,UCP10
101,178,57,2017-01-19 15:36:30,R,L,ucp,ndom,ndom,ndom,UCP10
2,0,0,2017-01-19 15:36:30,L,L,ucp,dom,ndom,dom,UCP10
21,33,34,2017-01-19 15:36:31,R,L,ucp,ndom,ndom,ndom,UCP10
6,6,4,2017-01-19 15:36:31,L,L,ucp,dom,ndom,dom,UCP10
34,45,24,2017-01-19 15:36:32,R,L,ucp,ndom,ndom,ndom,UCP10
0,0,0,2017-01-19 15:36:32,L,L,ucp,dom,ndom,dom,UCP10
7,58,16,2017-01-19 15:36:33,R,L,ucp,ndom,ndom,ndom,UCP10
0,0,0,2017-01-19 15:36:33,L,L,ucp,dom,ndom,dom,UCP10
8,40,1,2017-01-19 15:36:34,R,L,ucp,ndom,ndom,ndom,UCP10
0,0,0,2017-01-19 15:36:34,L,L,ucp,dom,ndom,dom,UCP10
42,95,35,2017-01-19 15:36:35,R,L,ucp,ndom,ndom,ndom,UCP10
0,0,7,2017-01-19 15:36:35,L,L,ucp,dom,ndom,dom,UCP10
0,6,19,2017-01-19 15:36:36,L,L,ucp,dom,ndom,dom,UCP10
43,91,42,2017-01-19 15:36:36,R,L,ucp,ndom,ndom,ndom,UCP10
0,0,0,2017-01-19 15:36:37,L,L,ucp,dom,ndom,dom,UCP10
0,4,8,2017-01-19 15:36:37,R,L,ucp,ndom,ndom,ndom,UCP10
3,22,11,2017-01-19 15:36:38,R,L,ucp,ndom,ndom,ndom,UCP10
0,0,0,2017-01-19 15:36:38,L,L,ucp,dom,ndom,dom,UCP10
32,141,36,2017-01-19 15:36:39,R,L,ucp,ndom,ndom,ndom,UCP10
0,0,5,2017-01-19 15:36:39,L,L,ucp,dom,ndom,dom,UCP10
84,145,40,2017-01-19 15:36:40,R,L,ucp,ndom,ndom,ndom,UCP10
0,0,9,2017-01-19 15:36:40,L,L,ucp,dom,ndom,dom,UCP10
0,14,8,2017-01-19 15:36:41,R,L,ucp,ndom,ndom,ndom,UCP10
0,0,0,2017-01-19 15:36:41,L,L,ucp,dom,ndom,dom,UCP10
7,36,13,2017-01-19 15:36:42,R,L,ucp,ndom,ndom,ndom,UCP10
0,0,0,2017-01-19 15:36:42,L,L,ucp,dom,ndom,dom,UCP10
25,44,0,2017-01-19 15:36:43,R,L,ucp,ndom,ndom,ndom,UCP10
0,0,0,2017-01-19 15:36:43,L,L,ucp,dom,ndom,dom,UCP10
52,38,27,2017-01-19 15:36:44,R,L,ucp,ndom,ndom,ndom,UCP10
0,0,0,2017-01-19 15:36:44,L,L,ucp,dom,ndom,dom,UCP10
12,0,0,2017-01-19 15:36:45,L,L,ucp,dom,ndom,dom,UCP10
58,52,25,2017-01-19 15:36:45,R,L,ucp,ndom,ndom,ndom,UCP10
24,35,1,2017-01-19 15:36:46,R,L,ucp,ndom,ndom,ndom,UCP10
0,0,0,2017-01-19 15:36:46,L,L,ucp,dom,ndom,dom,UCP10
29,108,18,2017-01-19 15:36:47,R,L,ucp,ndom,ndom,ndom,UCP10
0,0,0,2017-01-19 15:36:47,L,L,ucp,dom,ndom,dom,UCP10
0,0,0,2017-01-19 15:36:48,L,L,ucp,dom,ndom,dom,UCP10
62,84,24,2017-01-19 15:36:48,R,L,ucp,ndom,ndom,ndom,UCP10
0,0,0,2017-01-19 15:36:49,L,L,ucp,dom,ndom,dom,UCP10
14,56,12,2017-01-19 15:36:49,R,L,ucp,ndom,ndom,ndom,UCP10
0,0,0,2017-01-19 15:36:50,L,L,ucp,dom,ndom,dom,UCP10
18,11,0,2017-01-19 15:36:50,R,L,ucp,ndom,ndom,ndom,UCP10
0,0,0,2017-01-19 15:36:51,L,L,ucp,dom,ndom,dom,UCP10
3,33,0,2017-01-19 15:36:51,R,L,ucp,ndom,ndom,ndom,UCP10
5,48,3,2017-01-19 15:36:52,R,L,ucp,ndom,ndom,ndom,UCP10
0,0,0,2017-01-19 15:36:52,L,L,ucp,dom,ndom,dom,UCP10
0,0,0,2017-01-19 15:36:53,L,L,ucp,dom,ndom,dom,UCP10
1,0,0,2017-01-19 15:36:53,R,L,ucp,ndom,ndom,ndom,UCP10
0,0,0,2017-01-19 15:36:54,L,L,ucp,dom,ndom,dom,UCP10
44,63,42,2017-01-19 15:36:54,R,L,ucp,ndom,ndom,ndom,UCP10
0,0,5,2017-01-19 15:36:55,L,L,ucp,dom,ndom,dom,UCP10
35,97,11,2017-01-19 15:36:55,R,L,ucp,ndom,ndom,ndom,UCP10
0,0,0,2017-01-19 15:36:56,L,L,ucp,dom,ndom,dom,UCP10
15,10,0,2017-01-19 15:36:56,R,L,ucp,ndom,ndom,ndom,UCP10
72,132,21,2017-01-19 15:36:57,R,L,ucp,ndom,ndom,ndom,UCP10
0,0,0,2017-01-19 15:36:57,L,L,ucp,dom,ndom,dom,UCP10
0,0,0,2017-01-19 15:36:58,L,L,ucp,dom,ndom,dom,UCP10
25,121,22,2017-01-19 15:36:58,R,L,ucp,ndom,ndom,ndom,UCP10
0,0,10,2017-01-19 15:36:59,L,L,ucp,dom,ndom,dom,UCP10
13,40,10,2017-01-19 15:36:59,R,L,ucp,ndom,ndom,ndom,UCP10
0,0,0,2017-01-19 15:37:00,L,L,ucp,dom,ndom,dom,UCP10
4,17,0,2017-01-19 15:37:00,R,L,ucp,ndom,ndom,ndom,UCP10
0,0,0,2018-08-21 16:32:20,R,R,ucp,dom,ndom,dom,UCP11
36,57,53,2018-08-21 16:32:20,L,R,ucp,ndom,ndom,ndom,UCP11
62,86,126,2018-08-21 16:32:21,L,R,ucp,ndom,ndom,ndom,UCP11
8,0,0,2018-08-21 16:32:21,R,R,ucp,dom,ndom,dom,UCP11
32,47,79,2018-08-21 16:32:22,L,R,ucp,ndom,ndom,ndom,UCP11
0,3,0,2018-08-21 16:32:22,R,R,ucp,dom,ndom,dom,UCP11
41,100,148,2018-08-21 16:32:23,L,R,ucp,ndom,ndom,ndom,UCP11
9,12,0,2018-08-21 16:32:23,R,R,ucp,dom,ndom,dom,UCP11
40,53,52,2018-08-21 16:32:24,L,R,ucp,ndom,ndom,ndom,UCP11
0,7,0,2018-08-21 16:32:24,R,R,ucp,dom,ndom,dom,UCP11
12,106,59,2018-08-21 16:32:25,L,R,ucp,ndom,ndom,ndom,UCP11
152,132,145,2018-08-21 16:32:25,R,R,ucp,dom,ndom,dom,UCP11
16,232,104,2018-08-21 16:32:26,R,R,ucp,dom,ndom,dom,UCP11
114,143,205,2018-08-21 16:32:26,L,R,ucp,ndom,ndom,ndom,UCP11
34,76,26,2018-08-21 16:32:27,L,R,ucp,ndom,ndom,ndom,UCP11
15,118,50,2018-08-21 16:32:27,R,R,ucp,dom,ndom,dom,UCP11
33,140,57,2018-08-21 16:32:28,R,R,ucp,dom,ndom,dom,UCP11
18,124,102,2018-08-21 16:32:28,L,R,ucp,ndom,ndom,ndom,UCP11
6,143,121,2018-08-21 16:32:29,R,R,ucp,dom,ndom,dom,UCP11
55,100,75,2018-08-21 16:32:29,L,R,ucp,ndom,ndom,ndom,UCP11
5,53,47,2018-08-21 16:32:30,R,R,ucp,dom,ndom,dom,UCP11
15,21,38,2018-08-21 16:32:30,L,R,ucp,ndom,ndom,ndom,UCP11
0,13,1,2018-08-21 16:32:31,R,R,ucp,dom,ndom,dom,UCP11
14,1,15,2018-08-21 16:32:31,L,R,ucp,ndom,ndom,ndom,UCP11
0,0,8,2018-08-21 16:32:32,R,R,ucp,dom,ndom,dom,UCP11
17,107,46,2018-08-21 16:32:32,L,R,ucp,ndom,ndom,ndom,UCP11
0,11,5,2018-08-21 16:32:33,R,R,ucp,dom,ndom,dom,UCP11
37,71,47,2018-08-21 16:32:33,L,R,ucp,ndom,ndom,ndom,UCP11
50,96,99,2018-08-21 16:32:34,L,R,ucp,ndom,ndom,ndom,UCP11
0,24,13,2018-08-21 16:32:34,R,R,ucp,dom,ndom,dom,UCP11
0,24,17,2018-08-21 16:32:35,R,R,ucp,dom,ndom,dom,UCP11
105,81,91,2018-08-21 16:32:35,L,R,ucp,ndom,ndom,ndom,UCP11
0,31,34,2018-08-21 16:32:36,R,R,ucp,dom,ndom,dom,UCP11
30,193,119,2018-08-21 16:32:36,L,R,ucp,ndom,ndom,ndom,UCP11
59,73,64,2018-08-21 16:32:37,L,R,ucp,ndom,ndom,ndom,UCP11
0,12,7,2018-08-21 16:32:37,R,R,ucp,dom,ndom,dom,UCP11
59,141,64,2018-08-21 16:32:38,L,R,ucp,ndom,ndom,ndom,UCP11
0,0,9,2018-08-21 16:32:38,R,R,ucp,dom,ndom,dom,UCP11
66,147,67,2018-08-21 16:32:39,L,R,ucp,ndom,ndom,ndom,UCP11
0,6,8,2018-08-21 16:32:39,R,R,ucp,dom,ndom,dom,UCP11
72,63,29,2018-08-21 16:32:40,L,R,ucp,ndom,ndom,ndom,UCP11
0,4,3,2018-08-21 16:32:40,R,R,ucp,dom,ndom,dom,UCP11
20,25,131,2018-08-21 16:32:41,R,R,ucp,dom,ndom,dom,UCP11
50,46,29,2018-08-21 16:32:41,L,R,ucp,ndom,ndom,ndom,UCP11
39,101,98,2018-08-21 16:32:42,R,R,ucp,dom,ndom,dom,UCP11
29,22,22,2018-08-21 16:32:42,L,R,ucp,ndom,ndom,ndom,UCP11
61,163,58,2018-08-21 16:32:43,R,R,ucp,dom,ndom,dom,UCP11
81,88,20,2018-08-21 16:32:43,L,R,ucp,ndom,ndom,ndom,UCP11
2,106,62,2018-08-21 16:32:44,R,R,ucp,dom,ndom,dom,UCP11
25,119,97,2018-08-21 16:32:44,L,R,ucp,ndom,ndom,ndom,UCP11
0,31,8,2018-08-21 16:32:45,R,R,ucp,dom,ndom,dom,UCP11
35,79,92,2018-08-21 16:32:45,L,R,ucp,ndom,ndom,ndom,UCP11
0,22,15,2018-08-21 16:32:46,R,R,ucp,dom,ndom,dom,UCP11
52,49,75,2018-08-21 16:32:46,L,R,ucp,ndom,ndom,ndom,UCP11
0,6,3,2018-08-21 16:32:47,R,R,ucp,dom,ndom,dom,UCP11
10,55,19,2018-08-21 16:32:47,L,R,ucp,ndom,ndom,ndom,UCP11
0,4,11,2018-08-21 16:32:48,R,R,ucp,dom,ndom,dom,UCP11
89,42,26,2018-08-21 16:32:48,L,R,ucp,ndom,ndom,ndom,UCP11
0,5,9,2018-08-21 16:32:49,R,R,ucp,dom,ndom,dom,UCP11
60,91,52,2018-08-21 16:32:49,L,R,ucp,ndom,ndom,ndom,UCP11
46,85,81,2018-08-21 16:32:50,L,R,ucp,ndom,ndom,ndom,UCP11
0,8,7,2018-08-21 16:32:50,R,R,ucp,dom,ndom,dom,UCP11
0,13,47,2018-08-21 16:32:51,R,R,ucp,dom,ndom,dom,UCP11
49,151,58,2018-08-21 16:32:51,L,R,ucp,ndom,ndom,ndom,UCP11
0,28,68,2018-08-21 16:32:52,R,R,ucp,dom,ndom,dom,UCP11
70,114,48,2018-08-21 16:32:52,L,R,ucp,ndom,ndom,ndom,UCP11
0,1,18,2018-08-21 16:32:53,R,R,ucp,dom,ndom,dom,UCP11
141,141,55,2018-08-21 16:32:53,L,R,ucp,ndom,ndom,ndom,UCP11
0,10,51,2018-08-21 16:32:54,R,R,ucp,dom,ndom,dom,UCP11
78,177,77,2018-08-21 16:32:54,L,R,ucp,ndom,ndom,ndom,UCP11
0,4,16,2018-08-21 16:32:55,R,R,ucp,dom,ndom,dom,UCP11
73,23,31,2018-08-21 16:32:55,L,R,ucp,ndom,ndom,ndom,UCP11
0,22,42,2018-08-21 16:32:56,R,R,ucp,dom,ndom,dom,UCP11
122,139,33,2018-08-21 16:32:56,L,R,ucp,ndom,ndom,ndom,UCP11
46,152,28,2018-08-21 16:32:57,L,R,ucp,ndom,ndom,ndom,UCP11
0,27,50,2018-08-21 16:32:57,R,R,ucp,dom,ndom,dom,UCP11
0,20,43,2018-08-21 16:32:58,R,R,ucp,dom,ndom,dom,UCP11
62,67,57,2018-08-21 16:32:58,L,R,ucp,ndom,ndom,ndom,UCP11
12,95,49,2018-08-21 16:32:59,L,R,ucp,ndom,ndom,ndom,UCP11
0,6,28,2018-08-21 16:32:59,R,R,ucp,dom,ndom,dom,UCP11
0,0,3,2018-08-21 16:33:00,R,R,ucp,dom,ndom,dom,UCP11
63,73,47,2018-08-21 16:33:00,L,R,ucp,ndom,ndom,ndom,UCP11
67,138,37,2018-08-21 16:33:01,L,R,ucp,ndom,ndom,ndom,UCP11
0,5,10,2018-08-21 16:33:01,R,R,ucp,dom,ndom,dom,UCP11
104,201,201,2018-08-21 16:33:02,L,R,ucp,ndom,ndom,ndom,UCP11
0,26,32,2018-08-21 16:33:02,R,R,ucp,dom,ndom,dom,UCP11
93,68,82,2018-08-21 16:33:03,L,R,ucp,ndom,ndom,ndom,UCP11
0,4,17,2018-08-21 16:33:03,R,R,ucp,dom,ndom,dom,UCP11
0,23,2,2018-08-21 16:33:04,R,R,ucp,dom,ndom,dom,UCP11
26,36,58,2018-08-21 16:33:04,L,R,ucp,ndom,ndom,ndom,UCP11
64,59,18,2018-08-21 16:33:05,L,R,ucp,ndom,ndom,ndom,UCP11
0,14,0,2018-08-21 16:33:05,R,R,ucp,dom,ndom,dom,UCP11
47,63,57,2018-08-21 16:33:06,L,R,ucp,ndom,ndom,ndom,UCP11
0,11,0,2018-08-21 16:33:06,R,R,ucp,dom,ndom,dom,UCP11
20,44,64,2018-08-21 16:33:07,L,R,ucp,ndom,ndom,ndom,UCP11
0,0,3,2018-08-21 16:33:07,R,R,ucp,dom,ndom,dom,UCP11
41,39,62,2018-08-21 16:33:08,L,R,ucp,ndom,ndom,ndom,UCP11
0,0,7,2018-08-21 16:33:08,R,R,ucp,dom,ndom,dom,UCP11
34,121,74,2018-08-21 16:33:09,L,R,ucp,ndom,ndom,ndom,UCP11
0,16,46,2018-08-21 16:33:09,R,R,ucp,dom,ndom,dom,UCP11
0,0,0,2018-08-21 16:33:10,R,R,ucp,dom,ndom,dom,UCP11
28,27,23,2018-08-21 16:33:10,L,R,ucp,ndom,ndom,ndom,UCP11
0,0,33,2018-08-21 16:33:11,R,R,ucp,dom,ndom,dom,UCP11
66,48,67,2018-08-21 16:33:11,L,R,ucp,ndom,ndom,ndom,UCP11
76,66,24,2018-08-21 16:33:12,L,R,ucp,ndom,ndom,ndom,UCP11
0,7,10,2018-08-21 16:33:12,R,R,ucp,dom,ndom,dom,UCP11
97,209,62,2018-08-21 16:33:13,L,R,ucp,ndom,ndom,ndom,UCP11
0,2,17,2018-08-21 16:33:13,R,R,ucp,dom,ndom,dom,UCP11
0,11,16,2018-08-21 16:33:14,R,R,ucp,dom,ndom,dom,UCP11
41,135,65,2018-08-21 16:33:14,L,R,ucp,ndom,ndom,ndom,UCP11
0,0,17,2018-08-21 16:33:15,R,R,ucp,dom,ndom,dom,UCP11
41,58,43,2018-08-21 16:33:15,L,R,ucp,ndom,ndom,ndom,UCP11
0,0,0,2018-08-21 16:33:16,R,R,ucp,dom,ndom,dom,UCP11
12,138,38,2018-08-21 16:33:16,L,R,ucp,ndom,ndom,ndom,UCP11
5,8,38,2018-08-21 16:33:17,R,R,ucp,dom,ndom,dom,UCP11
119,166,75,2018-08-21 16:33:17,L,R,ucp,ndom,ndom,ndom,UCP11
0,6,65,2018-08-21 16:33:18,R,R,ucp,dom,ndom,dom,UCP11
100,155,100,2018-08-21 16:33:18,L,R,ucp,ndom,ndom,ndom,UCP11
0,14,30,2018-08-21 16:33:19,R,R,ucp,dom,ndom,dom,UCP11
136,182,63,2018-08-21 16:33:19,L,R,ucp,ndom,ndom,ndom,UCP11
52,208,162,2018-08-21 16:33:20,L,R,ucp,ndom,ndom,ndom,UCP11
62,143,140,2018-08-21 16:33:20,R,R,ucp,dom,ndom,dom,UCP11
99,151,182,2018-08-21 16:34:05,R,R,ucp,dom,dom,dom,UCP11
0,0,0,2018-08-21 16:34:05,L,R,ucp,ndom,dom,ndom,UCP11
71,210,110,2018-08-21 16:34:06,R,R,ucp,dom,dom,dom,UCP11
0,0,0,2018-08-21 16:34:06,L,R,ucp,ndom,dom,ndom,UCP11
0,0,0,2018-08-21 16:34:07,L,R,ucp,ndom,dom,ndom,UCP11
134,113,67,2018-08-21 16:34:07,R,R,ucp,dom,dom,dom,UCP11
0,0,0,2018-08-21 16:34:08,L,R,ucp,ndom,dom,ndom,UCP11
68,112,75,2018-08-21 16:34:08,R,R,ucp,dom,dom,dom,UCP11
0,0,0,2018-08-21 16:34:09,L,R,ucp,ndom,dom,ndom,UCP11
74,117,95,2018-08-21 16:34:09,R,R,ucp,dom,dom,dom,UCP11
93,81,74,2018-08-21 16:34:10,R,R,ucp,dom,dom,dom,UCP11
0,0,0,2018-08-21 16:34:10,L,R,ucp,ndom,dom,ndom,UCP11
64,87,65,2018-08-21 16:34:11,R,R,ucp,dom,dom,dom,UCP11
0,0,0,2018-08-21 16:34:11,L,R,ucp,ndom,dom,ndom,UCP11
60,98,54,2018-08-21 16:34:12,R,R,ucp,dom,dom,dom,UCP11
0,0,0,2018-08-21 16:34:12,L,R,ucp,ndom,dom,ndom,UCP11
0,0,0,2018-08-21 16:34:13,L,R,ucp,ndom,dom,ndom,UCP11
78,191,112,2018-08-21 16:34:13,R,R,ucp,dom,dom,dom,UCP11
0,0,0,2018-08-21 16:34:14,L,R,ucp,ndom,dom,ndom,UCP11
69,37,60,2018-08-21 16:34:14,R,R,ucp,dom,dom,dom,UCP11
0,0,0,2018-08-21 16:34:15,L,R,ucp,ndom,dom,ndom,UCP11
103,94,74,2018-08-21 16:34:15,R,R,ucp,dom,dom,dom,UCP11
3,20,7,2018-08-21 16:34:16,L,R,ucp,ndom,dom,ndom,UCP11
112,72,61,2018-08-21 16:34:16,R,R,ucp,dom,dom,dom,UCP11
103,106,67,2018-08-21 16:34:17,R,R,ucp,dom,dom,dom,UCP11
15,53,45,2018-08-21 16:34:17,L,R,ucp,ndom,dom,ndom,UCP11
0,2,0,2018-08-21 16:34:18,L,R,ucp,ndom,dom,ndom,UCP11
96,157,117,2018-08-21 16:34:18,R,R,ucp,dom,dom,dom,UCP11
0,0,0,2018-08-21 16:34:19,L,R,ucp,ndom,dom,ndom,UCP11
83,83,132,2018-08-21 16:34:19,R,R,ucp,dom,dom,dom,UCP11
0,0,0,2018-08-21 16:34:20,L,R,ucp,ndom,dom,ndom,UCP11
63,180,44,2018-08-21 16:34:20,R,R,ucp,dom,dom,dom,UCP11
0,0,0,2018-08-21 16:34:21,L,R,ucp,ndom,dom,ndom,UCP11
61,129,336,2018-08-21 16:34:21,R,R,ucp,dom,dom,dom,UCP11
0,0,0,2018-08-21 16:34:22,L,R,ucp,ndom,dom,ndom,UCP11
119,66,318,2018-08-21 16:34:22,R,R,ucp,dom,dom,dom,UCP11
0,0,0,2018-08-21 16:34:23,L,R,ucp,ndom,dom,ndom,UCP11
107,151,107,2018-08-21 16:34:23,R,R,ucp,dom,dom,dom,UCP11
0,0,0,2018-08-21 16:34:24,L,R,ucp,ndom,dom,ndom,UCP11
108,132,88,2018-08-21 16:34:24,R,R,ucp,dom,dom,dom,UCP11
79,179,74,2018-08-21 16:34:25,R,R,ucp,dom,dom,dom,UCP11
0,0,0,2018-08-21 16:34:25,L,R,ucp,ndom,dom,ndom,UCP11
81,139,43,2018-08-21 16:34:26,R,R,ucp,dom,dom,dom,UCP11
0,0,0,2018-08-21 16:34:26,L,R,ucp,ndom,dom,ndom,UCP11
105,133,82,2018-08-21 16:34:27,R,R,ucp,dom,dom,dom,UCP11
0,0,0,2018-08-21 16:34:27,L,R,ucp,ndom,dom,ndom,UCP11
0,0,0,2018-08-21 16:34:28,L,R,ucp,ndom,dom,ndom,UCP11
78,97,54,2018-08-21 16:34:28,R,R,ucp,dom,dom,dom,UCP11
58,88,49,2018-08-21 16:34:29,R,R,ucp,dom,dom,dom,UCP11
0,0,0,2018-08-21 16:34:29,L,R,ucp,ndom,dom,ndom,UCP11
2,0,0,2018-08-21 16:34:30,L,R,ucp,ndom,dom,ndom,UCP11
77,108,71,2018-08-21 16:34:30,R,R,ucp,dom,dom,dom,UCP11
0,0,0,2018-08-21 16:34:31,L,R,ucp,ndom,dom,ndom,UCP11
14,81,18,2018-08-21 16:34:31,R,R,ucp,dom,dom,dom,UCP11
1,0,0,2018-08-21 16:34:32,L,R,ucp,ndom,dom,ndom,UCP11
136,133,72,2018-08-21 16:34:32,R,R,ucp,dom,dom,dom,UCP11
68,48,79,2018-08-21 16:34:33,R,R,ucp,dom,dom,dom,UCP11
0,0,0,2018-08-21 16:34:33,L,R,ucp,ndom,dom,ndom,UCP11
76,100,80,2018-08-21 16:34:34,R,R,ucp,dom,dom,dom,UCP11
0,4,0,2018-08-21 16:34:34,L,R,ucp,ndom,dom,ndom,UCP11
68,69,39,2018-08-21 16:34:35,R,R,ucp,dom,dom,dom,UCP11
0,0,0,2018-08-21 16:34:35,L,R,ucp,ndom,dom,ndom,UCP11
81,76,53,2018-08-21 16:34:36,R,R,ucp,dom,dom,dom,UCP11
0,0,0,2018-08-21 16:34:36,L,R,ucp,ndom,dom,ndom,UCP11
0,0,0,2018-08-21 16:34:37,L,R,ucp,ndom,dom,ndom,UCP11
67,18,49,2018-08-21 16:34:37,R,R,ucp,dom,dom,dom,UCP11
0,0,0,2018-08-21 16:34:38,L,R,ucp,ndom,dom,ndom,UCP11
153,82,42,2018-08-21 16:34:38,R,R,ucp,dom,dom,dom,UCP11
0,0,0,2018-08-21 16:34:39,L,R,ucp,ndom,dom,ndom,UCP11
127,87,92,2018-08-21 16:34:39,R,R,ucp,dom,dom,dom,UCP11
0,0,0,2018-08-21 16:34:40,L,R,ucp,ndom,dom,ndom,UCP11
97,65,54,2018-08-21 16:34:40,R,R,ucp,dom,dom,dom,UCP11
0,0,0,2018-08-21 16:34:41,L,R,ucp,ndom,dom,ndom,UCP11
46,58,16,2018-08-21 16:34:41,R,R,ucp,dom,dom,dom,UCP11
0,0,0,2018-08-21 16:34:42,L,R,ucp,ndom,dom,ndom,UCP11
130,67,112,2018-08-21 16:34:42,R,R,ucp,dom,dom,dom,UCP11
0,0,0,2018-08-21 16:34:43,L,R,ucp,ndom,dom,ndom,UCP11
168,122,131,2018-08-21 16:34:43,R,R,ucp,dom,dom,dom,UCP11
0,0,0,2018-08-21 16:34:44,L,R,ucp,ndom,dom,ndom,UCP11
117,102,82,2018-08-21 16:34:44,R,R,ucp,dom,dom,dom,UCP11
0,0,0,2018-08-21 16:34:45,L,R,ucp,ndom,dom,ndom,UCP11
105,77,70,2018-08-21 16:34:45,R,R,ucp,dom,dom,dom,UCP11
29,53,46,2018-08-21 16:34:46,R,R,ucp,dom,dom,dom,UCP11
0,0,0,2018-08-21 16:34:46,L,R,ucp,ndom,dom,ndom,UCP11
56,80,37,2018-08-21 16:34:47,R,R,ucp,dom,dom,dom,UCP11
0,0,0,2018-08-21 16:34:47,L,R,ucp,ndom,dom,ndom,UCP11
0,0,0,2018-08-21 16:34:48,L,R,ucp,ndom,dom,ndom,UCP11
70,96,78,2018-08-21 16:34:48,R,R,ucp,dom,dom,dom,UCP11
60,40,96,2018-08-21 16:34:49,R,R,ucp,dom,dom,dom,UCP11
0,0,0,2018-08-21 16:34:49,L,R,ucp,ndom,dom,ndom,UCP11
0,9,0,2018-08-21 16:34:50,L,R,ucp,ndom,dom,ndom,UCP11
47,116,48,2018-08-21 16:34:50,R,R,ucp,dom,dom,dom,UCP11
117,102,94,2018-08-21 16:34:51,R,R,ucp,dom,dom,dom,UCP11
0,1,0,2018-08-21 16:34:51,L,R,ucp,ndom,dom,ndom,UCP11
0,0,0,2018-08-21 16:34:52,L,R,ucp,ndom,dom,ndom,UCP11
63,142,82,2018-08-21 16:34:52,R,R,ucp,dom,dom,dom,UCP11
0,0,0,2018-08-21 16:34:53,L,R,ucp,ndom,dom,ndom,UCP11
99,125,145,2018-08-21 16:34:53,R,R,ucp,dom,dom,dom,UCP11
0,0,0,2018-08-21 16:34:54,L,R,ucp,ndom,dom,ndom,UCP11
92,179,63,2018-08-21 16:34:54,R,R,ucp,dom,dom,dom,UCP11
0,0,0,2018-08-21 16:34:55,L,R,ucp,ndom,dom,ndom,UCP11
71,96,31,2018-08-21 16:34:55,R,R,ucp,dom,dom,dom,UCP11
0,0,0,2018-08-21 16:34:56,L,R,ucp,ndom,dom,ndom,UCP11
126,153,79,2018-08-21 16:34:56,R,R,ucp,dom,dom,dom,UCP11
0,0,0,2018-08-21 16:34:57,L,R,ucp,ndom,dom,ndom,UCP11
112,122,53,2018-08-21 16:34:57,R,R,ucp,dom,dom,dom,UCP11
136,78,88,2018-08-21 16:34:58,R,R,ucp,dom,dom,dom,UCP11
0,0,0,2018-08-21 16:34:58,L,R,ucp,ndom,dom,ndom,UCP11
90,64,40,2018-08-21 16:34:59,R,R,ucp,dom,dom,dom,UCP11
0,0,0,2018-08-21 16:34:59,L,R,ucp,ndom,dom,ndom,UCP11
108,65,54,2018-08-21 16:35:00,R,R,ucp,dom,dom,dom,UCP11
0,0,0,2018-08-21 16:35:00,L,R,ucp,ndom,dom,ndom,UCP11
111,98,58,2018-08-21 16:35:01,R,R,ucp,dom,dom,dom,UCP11
0,0,0,2018-08-21 16:35:01,L,R,ucp,ndom,dom,ndom,UCP11
0,0,0,2018-08-21 16:35:02,L,R,ucp,ndom,dom,ndom,UCP11
134,77,79,2018-08-21 16:35:02,R,R,ucp,dom,dom,dom,UCP11
132,97,88,2018-08-21 16:35:03,R,R,ucp,dom,dom,dom,UCP11
0,0,0,2018-08-21 16:35:03,L,R,ucp,ndom,dom,ndom,UCP11
0,0,0,2018-08-21 16:35:04,L,R,ucp,ndom,dom,ndom,UCP11
103,55,60,2018-08-21 16:35:04,R,R,ucp,dom,dom,dom,UCP11
141,171,273,2018-08-21 16:35:05,R,R,ucp,dom,dom,dom,UCP11
0,4,0,2018-08-21 16:35:05,L,R,ucp,ndom,dom,ndom,UCP11
54,52,94,2017-08-01 16:06:45,R,L,ucp,ndom,ndom,ndom,UCP12
44,37,58,2017-08-01 16:06:45,L,L,ucp,dom,ndom,dom,UCP12
288,115,92,2017-08-01 16:06:46,R,L,ucp,ndom,ndom,ndom,UCP12
17,0,11,2017-08-01 16:06:46,L,L,ucp,dom,ndom,dom,UCP12
29,0,28,2017-08-01 16:06:47,L,L,ucp,dom,ndom,dom,UCP12
127,67,119,2017-08-01 16:06:47,R,L,ucp,ndom,ndom,ndom,UCP12
0,0,0,2017-08-01 16:06:48,L,L,ucp,dom,ndom,dom,UCP12
173,118,74,2017-08-01 16:06:48,R,L,ucp,ndom,ndom,ndom,UCP12
0,0,0,2017-08-01 16:06:49,L,L,ucp,dom,ndom,dom,UCP12
108,65,94,2017-08-01 16:06:49,R,L,ucp,ndom,ndom,ndom,UCP12
0,0,0,2017-08-01 16:06:50,L,L,ucp,dom,ndom,dom,UCP12
93,52,65,2017-08-01 16:06:50,R,L,ucp,ndom,ndom,ndom,UCP12
0,0,0,2017-08-01 16:06:51,L,L,ucp,dom,ndom,dom,UCP12
123,27,82,2017-08-01 16:06:51,R,L,ucp,ndom,ndom,ndom,UCP12
63,41,64,2017-08-01 16:06:52,R,L,ucp,ndom,ndom,ndom,UCP12
0,0,0,2017-08-01 16:06:52,L,L,ucp,dom,ndom,dom,UCP12
39,4,14,2017-08-01 16:06:53,R,L,ucp,ndom,ndom,ndom,UCP12
0,0,0,2017-08-01 16:06:53,L,L,ucp,dom,ndom,dom,UCP12
0,0,0,2017-08-01 16:06:54,L,L,ucp,dom,ndom,dom,UCP12
179,40,73,2017-08-01 16:06:54,R,L,ucp,ndom,ndom,ndom,UCP12
47,31,88,2017-08-01 16:06:55,R,L,ucp,ndom,ndom,ndom,UCP12
5,0,0,2017-08-01 16:06:55,L,L,ucp,dom,ndom,dom,UCP12
0,0,0,2017-08-01 16:06:56,L,L,ucp,dom,ndom,dom,UCP12
161,31,47,2017-08-01 16:06:56,R,L,ucp,ndom,ndom,ndom,UCP12
0,0,0,2017-08-01 16:06:57,L,L,ucp,dom,ndom,dom,UCP12
28,13,76,2017-08-01 16:06:57,R,L,ucp,ndom,ndom,ndom,UCP12
1,0,0,2017-08-01 16:06:58,L,L,ucp,dom,ndom,dom,UCP12
162,70,57,2017-08-01 16:06:58,R,L,ucp,ndom,ndom,ndom,UCP12
0,0,0,2017-08-01 16:06:59,L,L,ucp,dom,ndom,dom,UCP12
78,20,76,2017-08-01 16:06:59,R,L,ucp,ndom,ndom,ndom,UCP12
165,82,65,2017-08-01 16:07:00,R,L,ucp,ndom,ndom,ndom,UCP12
0,0,0,2017-08-01 16:07:00,L,L,ucp,dom,ndom,dom,UCP12
0,0,0,2017-08-01 16:07:01,L,L,ucp,dom,ndom,dom,UCP12
73,83,26,2017-08-01 16:07:01,R,L,ucp,ndom,ndom,ndom,UCP12
149,144,52,2017-08-01 16:07:02,R,L,ucp,ndom,ndom,ndom,UCP12
0,0,0,2017-08-01 16:07:02,L,L,ucp,dom,ndom,dom,UCP12
0,0,0,2017-08-01 16:07:03,L,L,ucp,dom,ndom,dom,UCP12
114,2,32,2017-08-01 16:07:03,R,L,ucp,ndom,ndom,ndom,UCP12
0,0,0,2017-08-01 16:07:04,L,L,ucp,dom,ndom,dom,UCP12
108,20,66,2017-08-01 16:07:04,R,L,ucp,ndom,ndom,ndom,UCP12
136,42,86,2017-08-01 16:07:05,R,L,ucp,ndom,ndom,ndom,UCP12
0,0,0,2017-08-01 16:07:05,L,L,ucp,dom,ndom,dom,UCP12
1,0,0,2017-08-01 16:07:06,L,L,ucp,dom,ndom,dom,UCP12
122,48,77,2017-08-01 16:07:06,R,L,ucp,ndom,ndom,ndom,UCP12
132,52,64,2017-08-01 16:07:07,R,L,ucp,ndom,ndom,ndom,UCP12
8,0,0,2017-08-01 16:07:07,L,L,ucp,dom,ndom,dom,UCP12
18,0,0,2017-08-01 16:07:08,L,L,ucp,dom,ndom,dom,UCP12
0,22,10,2017-08-01 16:07:08,R,L,ucp,ndom,ndom,ndom,UCP12
49,23,56,2017-08-01 16:07:09,R,L,ucp,ndom,ndom,ndom,UCP12
0,0,0,2017-08-01 16:07:09,L,L,ucp,dom,ndom,dom,UCP12
144,104,85,2017-08-01 16:07:10,R,L,ucp,ndom,ndom,ndom,UCP12
0,0,0,2017-08-01 16:07:10,L,L,ucp,dom,ndom,dom,UCP12
44,20,57,2017-08-01 16:07:11,R,L,ucp,ndom,ndom,ndom,UCP12
0,0,0,2017-08-01 16:07:11,L,L,ucp,dom,ndom,dom,UCP12
0,0,0,2017-08-01 16:07:12,L,L,ucp,dom,ndom,dom,UCP12
69,30,33,2017-08-01 16:07:12,R,L,ucp,ndom,ndom,ndom,UCP12
5,24,7,2017-08-01 16:07:13,R,L,ucp,ndom,ndom,ndom,UCP12
0,0,0,2017-08-01 16:07:13,L,L,ucp,dom,ndom,dom,UCP12
50,41,33,2017-08-01 16:07:14,R,L,ucp,ndom,ndom,ndom,UCP12
0,0,0,2017-08-01 16:07:14,L,L,ucp,dom,ndom,dom,UCP12
103,64,42,2017-08-01 16:07:15,R,L,ucp,ndom,ndom,ndom,UCP12
8,0,0,2017-08-01 16:07:15,L,L,ucp,dom,ndom,dom,UCP12
30,41,8,2017-08-01 16:07:16,R,L,ucp,ndom,ndom,ndom,UCP12
8,0,0,2017-08-01 16:07:16,L,L,ucp,dom,ndom,dom,UCP12
78,112,47,2017-08-01 16:07:17,R,L,ucp,ndom,ndom,ndom,UCP12
0,4,9,2017-08-01 16:07:17,L,L,ucp,dom,ndom,dom,UCP12
0,0,0,2017-08-01 16:07:18,L,L,ucp,dom,ndom,dom,UCP12
143,30,29,2017-08-01 16:07:18,R,L,ucp,ndom,ndom,ndom,UCP12
12,0,0,2017-08-01 16:07:19,L,L,ucp,dom,ndom,dom,UCP12
72,42,38,2017-08-01 16:07:19,R,L,ucp,ndom,ndom,ndom,UCP12
128,43,26,2017-08-01 16:07:20,R,L,ucp,ndom,ndom,ndom,UCP12
0,0,0,2017-08-01 16:07:20,L,L,ucp,dom,ndom,dom,UCP12
145,53,43,2017-08-01 16:07:21,R,L,ucp,ndom,ndom,ndom,UCP12
0,0,0,2017-08-01 16:07:21,L,L,ucp,dom,ndom,dom,UCP12
111,23,18,2017-08-01 16:07:22,R,L,ucp,ndom,ndom,ndom,UCP12
0,0,0,2017-08-01 16:07:22,L,L,ucp,dom,ndom,dom,UCP12
0,0,0,2017-08-01 16:07:23,L,L,ucp,dom,ndom,dom,UCP12
128,24,76,2017-08-01 16:07:23,R,L,ucp,ndom,ndom,ndom,UCP12
2,0,0,2017-08-01 16:07:24,L,L,ucp,dom,ndom,dom,UCP12
118,21,37,2017-08-01 16:07:24,R,L,ucp,ndom,ndom,ndom,UCP12
4,0,0,2017-08-01 16:07:25,L,L,ucp,dom,ndom,dom,UCP12
165,71,45,2017-08-01 16:07:25,R,L,ucp,ndom,ndom,ndom,UCP12
0,0,0,2017-08-01 16:07:26,L,L,ucp,dom,ndom,dom,UCP12
123,33,55,2017-08-01 16:07:26,R,L,ucp,ndom,ndom,ndom,UCP12
142,41,21,2017-08-01 16:07:27,R,L,ucp,ndom,ndom,ndom,UCP12
0,0,0,2017-08-01 16:07:27,L,L,ucp,dom,ndom,dom,UCP12
107,34,81,2017-08-01 16:07:28,R,L,ucp,ndom,ndom,ndom,UCP12
0,0,0,2017-08-01 16:07:28,L,L,ucp,dom,ndom,dom,UCP12
145,49,51,2017-08-01 16:07:29,R,L,ucp,ndom,ndom,ndom,UCP12
0,0,0,2017-08-01 16:07:29,L,L,ucp,dom,ndom,dom,UCP12
83,25,87,2017-08-01 16:07:30,R,L,ucp,ndom,ndom,ndom,UCP12
0,0,0,2017-08-01 16:07:30,L,L,ucp,dom,ndom,dom,UCP12
143,52,27,2017-08-01 16:07:31,R,L,ucp,ndom,ndom,ndom,UCP12
0,0,0,2017-08-01 16:07:31,L,L,ucp,dom,ndom,dom,UCP12
26,48,22,2017-08-01 16:07:32,R,L,ucp,ndom,ndom,ndom,UCP12
0,0,17,2017-08-01 16:07:32,L,L,ucp,dom,ndom,dom,UCP12
113,68,25,2017-08-01 16:07:33,R,L,ucp,ndom,ndom,ndom,UCP12
0,0,2,2017-08-01 16:07:33,L,L,ucp,dom,ndom,dom,UCP12
127,10,38,2017-08-01 16:07:34,R,L,ucp,ndom,ndom,ndom,UCP12
0,0,0,2017-08-01 16:07:34,L,L,ucp,dom,ndom,dom,UCP12
120,32,55,2017-08-01 16:07:35,R,L,ucp,ndom,ndom,ndom,UCP12
0,0,0,2017-08-01 16:07:35,L,L,ucp,dom,ndom,dom,UCP12
3,0,0,2017-08-01 16:07:36,L,L,ucp,dom,ndom,dom,UCP12
135,15,56,2017-08-01 16:07:36,R,L,ucp,ndom,ndom,ndom,UCP12
0,0,3,2017-08-01 16:07:37,L,L,ucp,dom,ndom,dom,UCP12
175,50,73,2017-08-01 16:07:37,R,L,ucp,ndom,ndom,ndom,UCP12
0,13,24,2017-08-01 16:07:38,L,L,ucp,dom,ndom,dom,UCP12
52,1,28,2017-08-01 16:07:38,R,L,ucp,ndom,ndom,ndom,UCP12
0,0,0,2017-08-01 16:07:39,L,L,ucp,dom,ndom,dom,UCP12
143,35,74,2017-08-01 16:07:39,R,L,ucp,ndom,ndom,ndom,UCP12
0,0,0,2017-08-01 16:07:40,L,L,ucp,dom,ndom,dom,UCP12
66,24,33,2017-08-01 16:07:40,R,L,ucp,ndom,ndom,ndom,UCP12
81,22,29,2017-08-01 16:07:41,R,L,ucp,ndom,ndom,ndom,UCP12
6,0,0,2017-08-01 16:07:41,L,L,ucp,dom,ndom,dom,UCP12
15,48,0,2017-08-01 16:07:42,R,L,ucp,ndom,ndom,ndom,UCP12
0,0,0,2017-08-01 16:07:42,L,L,ucp,dom,ndom,dom,UCP12
132,31,29,2017-08-01 16:07:43,R,L,ucp,ndom,ndom,ndom,UCP12
1,0,0,2017-08-01 16:07:43,L,L,ucp,dom,ndom,dom,UCP12
50,27,34,2017-08-01 16:07:44,R,L,ucp,ndom,ndom,ndom,UCP12
4,0,0,2017-08-01 16:07:44,L,L,ucp,dom,ndom,dom,UCP12
9,10,0,2017-08-01 16:07:45,R,L,ucp,ndom,ndom,ndom,UCP12
4,0,0,2017-08-01 16:07:45,L,L,ucp,dom,ndom,dom,UCP12
0,0,0,2017-08-01 16:08:50,R,L,ucp,ndom,dom,ndom,UCP12
110,110,172,2017-08-01 16:08:50,L,L,ucp,dom,dom,dom,UCP12
0,9,0,2017-08-01 16:08:51,R,L,ucp,ndom,dom,ndom,UCP12
363,151,150,2017-08-01 16:08:51,L,L,ucp,dom,dom,dom,UCP12
292,155,140,2017-08-01 16:08:52,L,L,ucp,dom,dom,dom,UCP12
0,1,0,2017-08-01 16:08:52,R,L,ucp,ndom,dom,ndom,UCP12
240,113,163,2017-08-01 16:08:53,L,L,ucp,dom,dom,dom,UCP12
0,9,0,2017-08-01 16:08:53,R,L,ucp,ndom,dom,ndom,UCP12
0,0,0,2017-08-01 16:08:54,R,L,ucp,ndom,dom,ndom,UCP12
160,156,111,2017-08-01 16:08:54,L,L,ucp,dom,dom,dom,UCP12
0,0,0,2017-08-01 16:08:55,R,L,ucp,ndom,dom,ndom,UCP12
144,126,122,2017-08-01 16:08:55,L,L,ucp,dom,dom,dom,UCP12
0,5,0,2017-08-01 16:08:56,R,L,ucp,ndom,dom,ndom,UCP12
98,147,99,2017-08-01 16:08:56,L,L,ucp,dom,dom,dom,UCP12
0,32,0,2017-08-01 16:08:57,R,L,ucp,ndom,dom,ndom,UCP12
47,123,57,2017-08-01 16:08:57,L,L,ucp,dom,dom,dom,UCP12
0,1,0,2017-08-01 16:08:58,R,L,ucp,ndom,dom,ndom,UCP12
130,159,112,2017-08-01 16:08:58,L,L,ucp,dom,dom,dom,UCP12
0,0,0,2017-08-01 16:08:59,R,L,ucp,ndom,dom,ndom,UCP12
113,71,129,2017-08-01 16:08:59,L,L,ucp,dom,dom,dom,UCP12
175,107,115,2017-08-01 16:09:00,L,L,ucp,dom,dom,dom,UCP12
0,16,0,2017-08-01 16:09:00,R,L,ucp,ndom,dom,ndom,UCP12
0,15,0,2017-08-01 16:09:01,R,L,ucp,ndom,dom,ndom,UCP12
117,65,94,2017-08-01 16:09:01,L,L,ucp,dom,dom,dom,UCP12
91,112,92,2017-08-01 16:09:02,L,L,ucp,dom,dom,dom,UCP12
0,10,0,2017-08-01 16:09:02,R,L,ucp,ndom,dom,ndom,UCP12
0,28,0,2017-08-01 16:09:03,R,L,ucp,ndom,dom,ndom,UCP12
131,92,130,2017-08-01 16:09:03,L,L,ucp,dom,dom,dom,UCP12
186,106,108,2017-08-01 16:09:04,L,L,ucp,dom,dom,dom,UCP12
0,6,0,2017-08-01 16:09:04,R,L,ucp,ndom,dom,ndom,UCP12
199,74,103,2017-08-01 16:09:05,L,L,ucp,dom,dom,dom,UCP12
0,21,2,2017-08-01 16:09:05,R,L,ucp,ndom,dom,ndom,UCP12
229,72,139,2017-08-01 16:09:06,L,L,ucp,dom,dom,dom,UCP12
0,28,1,2017-08-01 16:09:06,R,L,ucp,ndom,dom,ndom,UCP12
144,58,95,2017-08-01 16:09:07,L,L,ucp,dom,dom,dom,UCP12
0,6,0,2017-08-01 16:09:07,R,L,ucp,ndom,dom,ndom,UCP12
0,0,0,2017-08-01 16:09:08,R,L,ucp,ndom,dom,ndom,UCP12
166,47,103,2017-08-01 16:09:08,L,L,ucp,dom,dom,dom,UCP12
138,84,97,2017-08-01 16:09:09,L,L,ucp,dom,dom,dom,UCP12
0,7,0,2017-08-01 16:09:09,R,L,ucp,ndom,dom,ndom,UCP12
160,121,112,2017-08-01 16:09:10,L,L,ucp,dom,dom,dom,UCP12
0,11,0,2017-08-01 16:09:10,R,L,ucp,ndom,dom,ndom,UCP12
55,92,95,2017-08-01 16:09:11,L,L,ucp,dom,dom,dom,UCP12
0,22,0,2017-08-01 16:09:11,R,L,ucp,ndom,dom,ndom,UCP12
114,67,71,2017-08-01 16:09:12,L,L,ucp,dom,dom,dom,UCP12
0,29,0,2017-08-01 16:09:12,R,L,ucp,ndom,dom,ndom,UCP12
158,78,103,2017-08-01 16:09:13,L,L,ucp,dom,dom,dom,UCP12
0,6,0,2017-08-01 16:09:13,R,L,ucp,ndom,dom,ndom,UCP12
126,72,113,2017-08-01 16:09:14,L,L,ucp,dom,dom,dom,UCP12
0,35,0,2017-08-01 16:09:14,R,L,ucp,ndom,dom,ndom,UCP12
133,37,104,2017-08-01 16:09:15,L,L,ucp,dom,dom,dom,UCP12
0,9,0,2017-08-01 16:09:15,R,L,ucp,ndom,dom,ndom,UCP12
186,74,93,2017-08-01 16:09:16,L,L,ucp,dom,dom,dom,UCP12
0,15,0,2017-08-01 16:09:16,R,L,ucp,ndom,dom,ndom,UCP12
0,0,0,2017-08-01 16:09:17,R,L,ucp,ndom,dom,ndom,UCP12
82,93,106,2017-08-01 16:09:17,L,L,ucp,dom,dom,dom,UCP12
90,55,110,2017-08-01 16:09:18,L,L,ucp,dom,dom,dom,UCP12
4,18,0,2017-08-01 16:09:18,R,L,ucp,ndom,dom,ndom,UCP12
98,72,97,2017-08-01 16:09:19,L,L,ucp,dom,dom,dom,UCP12
12,15,0,2017-08-01 16:09:19,R,L,ucp,ndom,dom,ndom,UCP12
0,0,0,2017-08-01 16:09:20,R,L,ucp,ndom,dom,ndom,UCP12
101,45,117,2017-08-01 16:09:20,L,L,ucp,dom,dom,dom,UCP12
50,77,104,2017-08-01 16:09:21,L,L,ucp,dom,dom,dom,UCP12
0,11,0,2017-08-01 16:09:21,R,L,ucp,ndom,dom,ndom,UCP12
0,13,4,2017-08-01 16:09:22,R,L,ucp,ndom,dom,ndom,UCP12
101,54,89,2017-08-01 16:09:22,L,L,ucp,dom,dom,dom,UCP12
67,62,101,2017-08-01 16:09:23,L,L,ucp,dom,dom,dom,UCP12
0,9,0,2017-08-01 16:09:23,R,L,ucp,ndom,dom,ndom,UCP12
25,67,28,2017-08-01 16:09:24,L,L,ucp,dom,dom,dom,UCP12
0,13,0,2017-08-01 16:09:24,R,L,ucp,ndom,dom,ndom,UCP12
110,96,115,2017-08-01 16:09:25,L,L,ucp,dom,dom,dom,UCP12
0,21,0,2017-08-01 16:09:25,R,L,ucp,ndom,dom,ndom,UCP12
0,0,0,2017-08-01 16:09:26,R,L,ucp,ndom,dom,ndom,UCP12
19,76,58,2017-08-01 16:09:26,L,L,ucp,dom,dom,dom,UCP12
72,56,99,2017-08-01 16:09:27,L,L,ucp,dom,dom,dom,UCP12
0,9,0,2017-08-01 16:09:27,R,L,ucp,ndom,dom,ndom,UCP12
61,55,93,2017-08-01 16:09:28,L,L,ucp,dom,dom,dom,UCP12
0,5,0,2017-08-01 16:09:28,R,L,ucp,ndom,dom,ndom,UCP12
141,60,89,2017-08-01 16:09:29,L,L,ucp,dom,dom,dom,UCP12
0,10,0,2017-08-01 16:09:29,R,L,ucp,ndom,dom,ndom,UCP12
8,29,2,2017-08-01 16:09:30,R,L,ucp,ndom,dom,ndom,UCP12
57,93,92,2017-08-01 16:09:30,L,L,ucp,dom,dom,dom,UCP12
0,9,0,2017-08-01 16:09:31,R,L,ucp,ndom,dom,ndom,UCP12
69,75,52,2017-08-01 16:09:31,L,L,ucp,dom,dom,dom,UCP12
0,6,0,2017-08-01 16:09:32,R,L,ucp,ndom,dom,ndom,UCP12
74,64,88,2017-08-01 16:09:32,L,L,ucp,dom,dom,dom,UCP12
0,6,0,2017-08-01 16:09:33,R,L,ucp,ndom,dom,ndom,UCP12
54,76,84,2017-08-01 16:09:33,L,L,ucp,dom,dom,dom,UCP12
0,2,0,2017-08-01 16:09:34,R,L,ucp,ndom,dom,ndom,UCP12
55,54,74,2017-08-01 16:09:34,L,L,ucp,dom,dom,dom,UCP12
0,7,0,2017-08-01 16:09:35,R,L,ucp,ndom,dom,ndom,UCP12
52,45,94,2017-08-01 16:09:35,L,L,ucp,dom,dom,dom,UCP12
0,34,0,2017-08-01 16:09:36,R,L,ucp,ndom,dom,ndom,UCP12
78,105,56,2017-08-01 16:09:36,L,L,ucp,dom,dom,dom,UCP12
0,17,0,2017-08-01 16:09:37,R,L,ucp,ndom,dom,ndom,UCP12
62,126,79,2017-08-01 16:09:37,L,L,ucp,dom,dom,dom,UCP12
35,93,47,2017-08-01 16:09:38,L,L,ucp,dom,dom,dom,UCP12
0,1,0,2017-08-01 16:09:38,R,L,ucp,ndom,dom,ndom,UCP12
0,11,0,2017-08-01 16:09:39,R,L,ucp,ndom,dom,ndom,UCP12
39,83,65,2017-08-01 16:09:39,L,L,ucp,dom,dom,dom,UCP12
0,0,0,2017-08-01 16:09:40,R,L,ucp,ndom,dom,ndom,UCP12
51,106,87,2017-08-01 16:09:40,L,L,ucp,dom,dom,dom,UCP12
0,0,0,2017-08-01 16:09:41,R,L,ucp,ndom,dom,ndom,UCP12
60,79,89,2017-08-01 16:09:41,L,L,ucp,dom,dom,dom,UCP12
108,87,72,2017-08-01 16:09:42,L,L,ucp,dom,dom,dom,UCP12
14,1,0,2017-08-01 16:09:42,R,L,ucp,ndom,dom,ndom,UCP12
91,75,95,2017-08-01 16:09:43,L,L,ucp,dom,dom,dom,UCP12
13,0,0,2017-08-01 16:09:43,R,L,ucp,ndom,dom,ndom,UCP12
74,77,51,2017-08-01 16:09:44,L,L,ucp,dom,dom,dom,UCP12
4,4,0,2017-08-01 16:09:44,R,L,ucp,ndom,dom,ndom,UCP12
58,63,81,2017-08-01 16:09:45,L,L,ucp,dom,dom,dom,UCP12
0,10,0,2017-08-01 16:09:45,R,L,ucp,ndom,dom,ndom,UCP12
41,86,67,2017-08-01 16:09:46,L,L,ucp,dom,dom,dom,UCP12
0,13,0,2017-08-01 16:09:46,R,L,ucp,ndom,dom,ndom,UCP12
54,72,91,2017-08-01 16:09:47,L,L,ucp,dom,dom,dom,UCP12
0,9,0,2017-08-01 16:09:47,R,L,ucp,ndom,dom,ndom,UCP12
39,47,54,2017-08-01 16:09:48,L,L,ucp,dom,dom,dom,UCP12
1,0,0,2017-08-01 16:09:48,R,L,ucp,ndom,dom,ndom,UCP12
74,53,66,2017-08-01 16:09:49,L,L,ucp,dom,dom,dom,UCP12
17,22,7,2017-08-01 16:09:49,R,L,ucp,ndom,dom,ndom,UCP12
93,102,146,2017-08-01 16:09:50,L,L,ucp,dom,dom,dom,UCP12
4,7,0,2017-08-01 16:09:50,R,L,ucp,ndom,dom,ndom,UCP12
73,79,61,2016-12-17 16:21:01,L,R,ucp,ndom,ndom,ndom,UCP13
0,30,2,2016-12-17 16:21:01,R,R,ucp,dom,ndom,dom,UCP13
99,33,39,2016-12-17 16:21:02,L,R,ucp,ndom,ndom,ndom,UCP13
0,0,2,2016-12-17 16:21:02,R,R,ucp,dom,ndom,dom,UCP13
0,0,0,2016-12-17 16:21:03,R,R,ucp,dom,ndom,dom,UCP13
88,39,74,2016-12-17 16:21:03,L,R,ucp,ndom,ndom,ndom,UCP13
0,0,0,2016-12-17 16:21:04,R,R,ucp,dom,ndom,dom,UCP13
126,60,81,2016-12-17 16:21:04,L,R,ucp,ndom,ndom,ndom,UCP13
0,0,0,2016-12-17 16:21:05,R,R,ucp,dom,ndom,dom,UCP13
96,32,77,2016-12-17 16:21:05,L,R,ucp,ndom,ndom,ndom,UCP13
111,105,48,2016-12-17 16:21:06,L,R,ucp,ndom,ndom,ndom,UCP13
0,0,0,2016-12-17 16:21:06,R,R,ucp,dom,ndom,dom,UCP13
0,0,0,2016-12-17 16:21:07,R,R,ucp,dom,ndom,dom,UCP13
132,74,72,2016-12-17 16:21:07,L,R,ucp,ndom,ndom,ndom,UCP13
0,0,2,2016-12-17 16:21:08,R,R,ucp,dom,ndom,dom,UCP13
109,66,98,2016-12-17 16:21:08,L,R,ucp,ndom,ndom,ndom,UCP13
0,0,1,2016-12-17 16:21:09,R,R,ucp,dom,ndom,dom,UCP13
98,66,108,2016-12-17 16:21:09,L,R,ucp,ndom,ndom,ndom,UCP13
95,73,124,2016-12-17 16:21:10,L,R,ucp,ndom,ndom,ndom,UCP13
0,0,15,2016-12-17 16:21:10,R,R,ucp,dom,ndom,dom,UCP13
130,82,94,2016-12-17 16:21:11,L,R,ucp,ndom,ndom,ndom,UCP13
0,0,4,2016-12-17 16:21:11,R,R,ucp,dom,ndom,dom,UCP13
81,28,48,2016-12-17 16:21:12,L,R,ucp,ndom,ndom,ndom,UCP13
0,0,4,2016-12-17 16:21:12,R,R,ucp,dom,ndom,dom,UCP13
100,64,57,2016-12-17 16:21:13,L,R,ucp,ndom,ndom,ndom,UCP13
0,0,1,2016-12-17 16:21:13,R,R,ucp,dom,ndom,dom,UCP13
41,41,0,2016-12-17 16:21:14,L,R,ucp,ndom,ndom,ndom,UCP13
0,0,20,2016-12-17 16:21:14,R,R,ucp,dom,ndom,dom,UCP13
30,118,28,2016-12-17 16:21:15,L,R,ucp,ndom,ndom,ndom,UCP13
0,0,10,2016-12-17 16:21:15,R,R,ucp,dom,ndom,dom,UCP13
77,71,78,2016-12-17 16:21:16,L,R,ucp,ndom,ndom,ndom,UCP13
0,0,9,2016-12-17 16:21:16,R,R,ucp,dom,ndom,dom,UCP13
67,31,108,2016-12-17 16:21:17,L,R,ucp,ndom,ndom,ndom,UCP13
0,0,7,2016-12-17 16:21:17,R,R,ucp,dom,ndom,dom,UCP13
67,51,61,2016-12-17 16:21:18,L,R,ucp,ndom,ndom,ndom,UCP13
0,0,5,2016-12-17 16:21:18,R,R,ucp,dom,ndom,dom,UCP13
0,0,4,2016-12-17 16:21:19,R,R,ucp,dom,ndom,dom,UCP13
29,55,77,2016-12-17 16:21:19,L,R,ucp,ndom,ndom,ndom,UCP13
0,3,19,2016-12-17 16:21:20,R,R,ucp,dom,ndom,dom,UCP13
70,44,84,2016-12-17 16:21:20,L,R,ucp,ndom,ndom,ndom,UCP13
51,52,66,2016-12-17 16:21:21,L,R,ucp,ndom,ndom,ndom,UCP13
5,13,48,2016-12-17 16:21:21,R,R,ucp,dom,ndom,dom,UCP13
0,10,15,2016-12-17 16:21:22,R,R,ucp,dom,ndom,dom,UCP13
69,63,76,2016-12-17 16:21:22,L,R,ucp,ndom,ndom,ndom,UCP13
0,0,10,2016-12-17 16:21:23,R,R,ucp,dom,ndom,dom,UCP13
67,61,27,2016-12-17 16:21:23,L,R,ucp,ndom,ndom,ndom,UCP13
79,15,19,2016-12-17 16:21:24,L,R,ucp,ndom,ndom,ndom,UCP13
0,0,0,2016-12-17 16:21:24,R,R,ucp,dom,ndom,dom,UCP13
61,59,63,2016-12-17 16:21:25,L,R,ucp,ndom,ndom,ndom,UCP13
0,0,0,2016-12-17 16:21:25,R,R,ucp,dom,ndom,dom,UCP13
13,23,26,2016-12-17 16:21:26,L,R,ucp,ndom,ndom,ndom,UCP13
0,0,0,2016-12-17 16:21:26,R,R,ucp,dom,ndom,dom,UCP13
0,0,0,2016-12-17 16:21:27,R,R,ucp,dom,ndom,dom,UCP13
95,97,60,2016-12-17 16:21:27,L,R,ucp,ndom,ndom,ndom,UCP13
137,100,79,2016-12-17 16:21:28,L,R,ucp,ndom,ndom,ndom,UCP13
0,45,46,2016-12-17 16:21:28,R,R,ucp,dom,ndom,dom,UCP13
0,1,0,2016-12-17 16:21:29,R,R,ucp,dom,ndom,dom,UCP13
71,35,37,2016-12-17 16:21:29,L,R,ucp,ndom,ndom,ndom,UCP13
0,0,0,2016-12-17 16:21:30,R,R,ucp,dom,ndom,dom,UCP13
62,44,45,2016-12-17 16:21:30,L,R,ucp,ndom,ndom,ndom,UCP13
0,0,0,2016-12-17 16:21:31,R,R,ucp,dom,ndom,dom,UCP13
99,43,65,2016-12-17 16:21:31,L,R,ucp,ndom,ndom,ndom,UCP13
25,54,34,2016-12-17 16:21:32,L,R,ucp,ndom,ndom,ndom,UCP13
0,21,28,2016-12-17 16:21:32,R,R,ucp,dom,ndom,dom,UCP13
4,4,23,2016-12-17 16:21:33,R,R,ucp,dom,ndom,dom,UCP13
86,42,89,2016-12-17 16:21:33,L,R,ucp,ndom,ndom,ndom,UCP13
0,0,0,2016-12-17 16:21:34,R,R,ucp,dom,ndom,dom,UCP13
19,1,7,2016-12-17 16:21:34,L,R,ucp,ndom,ndom,ndom,UCP13
0,0,0,2016-12-17 16:21:35,R,R,ucp,dom,ndom,dom,UCP13
94,36,75,2016-12-17 16:21:35,L,R,ucp,ndom,ndom,ndom,UCP13
5,0,0,2016-12-17 16:21:36,R,R,ucp,dom,ndom,dom,UCP13
92,80,73,2016-12-17 16:21:36,L,R,ucp,ndom,ndom,ndom,UCP13
0,0,0,2016-12-17 16:21:37,R,R,ucp,dom,ndom,dom,UCP13
84,67,12,2016-12-17 16:21:37,L,R,ucp,ndom,ndom,ndom,UCP13
96,90,93,2016-12-17 16:21:38,L,R,ucp,ndom,ndom,ndom,UCP13
0,0,0,2016-12-17 16:21:38,R,R,ucp,dom,ndom,dom,UCP13
63,76,24,2016-12-17 16:21:39,L,R,ucp,ndom,ndom,ndom,UCP13
0,0,20,2016-12-17 16:21:39,R,R,ucp,dom,ndom,dom,UCP13
72,59,87,2016-12-17 16:21:40,L,R,ucp,ndom,ndom,ndom,UCP13
2,0,1,2016-12-17 16:21:40,R,R,ucp,dom,ndom,dom,UCP13
84,53,55,2016-12-17 16:21:41,L,R,ucp,ndom,ndom,ndom,UCP13
0,0,14,2016-12-17 16:21:41,R,R,ucp,dom,ndom,dom,UCP13
162,77,89,2016-12-17 16:21:42,L,R,ucp,ndom,ndom,ndom,UCP13
0,0,17,2016-12-17 16:21:42,R,R,ucp,dom,ndom,dom,UCP13
77,88,66,2016-12-17 16:21:43,L,R,ucp,ndom,ndom,ndom,UCP13
0,11,70,2016-12-17 16:21:43,R,R,ucp,dom,ndom,dom,UCP13
121,53,87,2016-12-17 16:21:44,L,R,ucp,ndom,ndom,ndom,UCP13
0,0,17,2016-12-17 16:21:44,R,R,ucp,dom,ndom,dom,UCP13
55,49,0,2016-12-17 16:21:45,L,R,ucp,ndom,ndom,ndom,UCP13
0,0,0,2016-12-17 16:21:45,R,R,ucp,dom,ndom,dom,UCP13
79,75,75,2016-12-17 16:21:46,L,R,ucp,ndom,ndom,ndom,UCP13
0,1,21,2016-12-17 16:21:46,R,R,ucp,dom,ndom,dom,UCP13
6,0,16,2016-12-17 16:21:47,R,R,ucp,dom,ndom,dom,UCP13
74,52,31,2016-12-17 16:21:47,L,R,ucp,ndom,ndom,ndom,UCP13
0,0,8,2016-12-17 16:21:48,R,R,ucp,dom,ndom,dom,UCP13
76,53,40,2016-12-17 16:21:48,L,R,ucp,ndom,ndom,ndom,UCP13
109,90,66,2016-12-17 16:21:49,L,R,ucp,ndom,ndom,ndom,UCP13
0,0,4,2016-12-17 16:21:49,R,R,ucp,dom,ndom,dom,UCP13
100,34,49,2016-12-17 16:21:50,L,R,ucp,ndom,ndom,ndom,UCP13
0,0,0,2016-12-17 16:21:50,R,R,ucp,dom,ndom,dom,UCP13
72,66,31,2016-12-17 16:21:51,L,R,ucp,ndom,ndom,ndom,UCP13
5,0,36,2016-12-17 16:21:51,R,R,ucp,dom,ndom,dom,UCP13
43,73,15,2016-12-17 16:21:52,L,R,ucp,ndom,ndom,ndom,UCP13
0,0,0,2016-12-17 16:21:52,R,R,ucp,dom,ndom,dom,UCP13
107,67,81,2016-12-17 16:21:53,L,R,ucp,ndom,ndom,ndom,UCP13
0,6,25,2016-12-17 16:21:53,R,R,ucp,dom,ndom,dom,UCP13
85,67,101,2016-12-17 16:21:54,L,R,ucp,ndom,ndom,ndom,UCP13
0,0,29,2016-12-17 16:21:54,R,R,ucp,dom,ndom,dom,UCP13
91,66,77,2016-12-17 16:21:55,L,R,ucp,ndom,ndom,ndom,UCP13
0,11,39,2016-12-17 16:21:55,R,R,ucp,dom,ndom,dom,UCP13
36,40,64,2016-12-17 16:21:56,L,R,ucp,ndom,ndom,ndom,UCP13
0,0,6,2016-12-17 16:21:56,R,R,ucp,dom,ndom,dom,UCP13
91,52,91,2016-12-17 16:21:57,L,R,ucp,ndom,ndom,ndom,UCP13
0,19,52,2016-12-17 16:21:57,R,R,ucp,dom,ndom,dom,UCP13
0,4,20,2016-12-17 16:21:58,R,R,ucp,dom,ndom,dom,UCP13
52,26,15,2016-12-17 16:21:58,L,R,ucp,ndom,ndom,ndom,UCP13
0,0,7,2016-12-17 16:21:59,R,R,ucp,dom,ndom,dom,UCP13
69,26,107,2016-12-17 16:21:59,L,R,ucp,ndom,ndom,ndom,UCP13
117,68,115,2016-12-17 16:22:00,L,R,ucp,ndom,ndom,ndom,UCP13
10,0,0,2016-12-17 16:22:00,R,R,ucp,dom,ndom,dom,UCP13
146,163,55,2016-12-17 16:22:01,L,R,ucp,ndom,ndom,ndom,UCP13
50,66,58,2016-12-17 16:22:01,R,R,ucp,dom,ndom,dom,UCP13
0,0,0,2016-12-17 16:23:20,L,R,ucp,ndom,dom,ndom,UCP13
183,49,111,2016-12-17 16:23:20,R,R,ucp,dom,dom,dom,UCP13
0,0,0,2016-12-17 16:23:21,L,R,ucp,ndom,dom,ndom,UCP13
142,40,132,2016-12-17 16:23:21,R,R,ucp,dom,dom,dom,UCP13
0,0,0,2016-12-17 16:23:22,L,R,ucp,ndom,dom,ndom,UCP13
100,97,114,2016-12-17 16:23:22,R,R,ucp,dom,dom,dom,UCP13
0,0,0,2016-12-17 16:23:23,L,R,ucp,ndom,dom,ndom,UCP13
129,47,108,2016-12-17 16:23:23,R,R,ucp,dom,dom,dom,UCP13
83,45,85,2016-12-17 16:23:24,R,R,ucp,dom,dom,dom,UCP13
0,0,0,2016-12-17 16:23:24,L,R,ucp,ndom,dom,ndom,UCP13
94,70,74,2016-12-17 16:23:25,R,R,ucp,dom,dom,dom,UCP13
0,0,0,2016-12-17 16:23:25,L,R,ucp,ndom,dom,ndom,UCP13
110,118,88,2016-12-17 16:23:26,R,R,ucp,dom,dom,dom,UCP13
0,0,0,2016-12-17 16:23:26,L,R,ucp,ndom,dom,ndom,UCP13
0,0,0,2016-12-17 16:23:27,L,R,ucp,ndom,dom,ndom,UCP13
131,55,62,2016-12-17 16:23:27,R,R,ucp,dom,dom,dom,UCP13
122,68,57,2016-12-17 16:23:28,R,R,ucp,dom,dom,dom,UCP13
0,0,0,2016-12-17 16:23:28,L,R,ucp,ndom,dom,ndom,UCP13
0,0,0,2016-12-17 16:23:29,L,R,ucp,ndom,dom,ndom,UCP13
189,67,65,2016-12-17 16:23:29,R,R,ucp,dom,dom,dom,UCP13
0,0,0,2016-12-17 16:23:30,L,R,ucp,ndom,dom,ndom,UCP13
104,104,66,2016-12-17 16:23:30,R,R,ucp,dom,dom,dom,UCP13
0,0,0,2016-12-17 16:23:31,L,R,ucp,ndom,dom,ndom,UCP13
114,50,94,2016-12-17 16:23:31,R,R,ucp,dom,dom,dom,UCP13
0,0,0,2016-12-17 16:23:32,L,R,ucp,ndom,dom,ndom,UCP13
108,67,81,2016-12-17 16:23:32,R,R,ucp,dom,dom,dom,UCP13
0,0,0,2016-12-17 16:23:33,L,R,ucp,ndom,dom,ndom,UCP13
46,53,52,2016-12-17 16:23:33,R,R,ucp,dom,dom,dom,UCP13
0,0,0,2016-12-17 16:23:34,L,R,ucp,ndom,dom,ndom,UCP13
66,122,98,2016-12-17 16:23:34,R,R,ucp,dom,dom,dom,UCP13
0,0,0,2016-12-17 16:23:35,L,R,ucp,ndom,dom,ndom,UCP13
101,79,85,2016-12-17 16:23:35,R,R,ucp,dom,dom,dom,UCP13
0,0,0,2016-12-17 16:23:36,L,R,ucp,ndom,dom,ndom,UCP13
1,135,35,2016-12-17 16:23:36,R,R,ucp,dom,dom,dom,UCP13
0,0,0,2016-12-17 16:23:37,L,R,ucp,ndom,dom,ndom,UCP13
154,46,96,2016-12-17 16:23:37,R,R,ucp,dom,dom,dom,UCP13
0,0,0,2016-12-17 16:23:38,L,R,ucp,ndom,dom,ndom,UCP13
95,58,72,2016-12-17 16:23:38,R,R,ucp,dom,dom,dom,UCP13
0,0,0,2016-12-17 16:23:39,L,R,ucp,ndom,dom,ndom,UCP13
94,66,85,2016-12-17 16:23:39,R,R,ucp,dom,dom,dom,UCP13
107,77,99,2016-12-17 16:23:40,R,R,ucp,dom,dom,dom,UCP13
0,0,0,2016-12-17 16:23:40,L,R,ucp,ndom,dom,ndom,UCP13
89,74,33,2016-12-17 16:23:41,R,R,ucp,dom,dom,dom,UCP13
0,0,0,2016-12-17 16:23:41,L,R,ucp,ndom,dom,ndom,UCP13
101,62,67,2016-12-17 16:23:42,R,R,ucp,dom,dom,dom,UCP13
0,0,0,2016-12-17 16:23:42,L,R,ucp,ndom,dom,ndom,UCP13
0,0,0,2016-12-17 16:23:43,L,R,ucp,ndom,dom,ndom,UCP13
87,80,59,2016-12-17 16:23:43,R,R,ucp,dom,dom,dom,UCP13
49,96,93,2016-12-17 16:23:44,R,R,ucp,dom,dom,dom,UCP13
0,0,0,2016-12-17 16:23:44,L,R,ucp,ndom,dom,ndom,UCP13
50,28,55,2016-12-17 16:23:45,R,R,ucp,dom,dom,dom,UCP13
0,0,0,2016-12-17 16:23:45,L,R,ucp,ndom,dom,ndom,UCP13
71,87,60,2016-12-17 16:23:46,R,R,ucp,dom,dom,dom,UCP13
0,0,0,2016-12-17 16:23:46,L,R,ucp,ndom,dom,ndom,UCP13
83,139,43,2016-12-17 16:23:47,R,R,ucp,dom,dom,dom,UCP13
0,0,0,2016-12-17 16:23:47,L,R,ucp,ndom,dom,ndom,UCP13
142,82,53,2016-12-17 16:23:48,R,R,ucp,dom,dom,dom,UCP13
0,0,0,2016-12-17 16:23:48,L,R,ucp,ndom,dom,ndom,UCP13
177,83,120,2016-12-17 16:23:49,R,R,ucp,dom,dom,dom,UCP13
0,0,0,2016-12-17 16:23:49,L,R,ucp,ndom,dom,ndom,UCP13
178,73,92,2016-12-17 16:23:50,R,R,ucp,dom,dom,dom,UCP13
0,0,0,2016-12-17 16:23:50,L,R,ucp,ndom,dom,ndom,UCP13
177,55,78,2016-12-17 16:23:51,R,R,ucp,dom,dom,dom,UCP13
0,0,0,2016-12-17 16:23:51,L,R,ucp,ndom,dom,ndom,UCP13
109,30,78,2016-12-17 16:23:52,R,R,ucp,dom,dom,dom,UCP13
0,0,0,2016-12-17 16:23:52,L,R,ucp,ndom,dom,ndom,UCP13
109,93,93,2016-12-17 16:23:53,R,R,ucp,dom,dom,dom,UCP13
0,0,0,2016-12-17 16:23:53,L,R,ucp,ndom,dom,ndom,UCP13
94,42,70,2016-12-17 16:23:54,R,R,ucp,dom,dom,dom,UCP13
0,0,0,2016-12-17 16:23:54,L,R,ucp,ndom,dom,ndom,UCP13
100,80,84,2016-12-17 16:23:55,R,R,ucp,dom,dom,dom,UCP13
0,0,0,2016-12-17 16:23:55,L,R,ucp,ndom,dom,ndom,UCP13
52,29,27,2016-12-17 16:23:56,R,R,ucp,dom,dom,dom,UCP13
0,0,0,2016-12-17 16:23:56,L,R,ucp,ndom,dom,ndom,UCP13
65,122,109,2016-12-17 16:23:57,R,R,ucp,dom,dom,dom,UCP13
0,0,0,2016-12-17 16:23:57,L,R,ucp,ndom,dom,ndom,UCP13
99,98,91,2016-12-17 16:23:58,R,R,ucp,dom,dom,dom,UCP13
0,0,0,2016-12-17 16:23:58,L,R,ucp,ndom,dom,ndom,UCP13
103,54,104,2016-12-17 16:23:59,R,R,ucp,dom,dom,dom,UCP13
0,0,0,2016-12-17 16:23:59,L,R,ucp,ndom,dom,ndom,UCP13
130,54,85,2016-12-17 16:24:00,R,R,ucp,dom,dom,dom,UCP13
0,0,0,2016-12-17 16:24:00,L,R,ucp,ndom,dom,ndom,UCP13
0,0,0,2016-12-17 16:24:01,L,R,ucp,ndom,dom,ndom,UCP13
137,65,87,2016-12-17 16:24:01,R,R,ucp,dom,dom,dom,UCP13
142,23,79,2016-12-17 16:24:02,R,R,ucp,dom,dom,dom,UCP13
0,0,0,2016-12-17 16:24:02,L,R,ucp,ndom,dom,ndom,UCP13
0,0,0,2016-12-17 16:24:03,L,R,ucp,ndom,dom,ndom,UCP13
65,15,31,2016-12-17 16:24:03,R,R,ucp,dom,dom,dom,UCP13
90,71,81,2016-12-17 16:24:04,R,R,ucp,dom,dom,dom,UCP13
0,0,0,2016-12-17 16:24:04,L,R,ucp,ndom,dom,ndom,UCP13
0,0,0,2016-12-17 16:24:05,L,R,ucp,ndom,dom,ndom,UCP13
122,60,100,2016-12-17 16:24:05,R,R,ucp,dom,dom,dom,UCP13
0,0,0,2016-12-17 16:24:06,L,R,ucp,ndom,dom,ndom,UCP13
89,29,68,2016-12-17 16:24:06,R,R,ucp,dom,dom,dom,UCP13
0,0,0,2016-12-17 16:24:07,L,R,ucp,ndom,dom,ndom,UCP13
103,34,50,2016-12-17 16:24:07,R,R,ucp,dom,dom,dom,UCP13
0,0,0,2016-12-17 16:24:08,L,R,ucp,ndom,dom,ndom,UCP13
114,64,62,2016-12-17 16:24:08,R,R,ucp,dom,dom,dom,UCP13
0,0,0,2016-12-17 16:24:09,L,R,ucp,ndom,dom,ndom,UCP13
137,95,58,2016-12-17 16:24:09,R,R,ucp,dom,dom,dom,UCP13
0,0,0,2016-12-17 16:24:10,L,R,ucp,ndom,dom,ndom,UCP13
170,131,62,2016-12-17 16:24:10,R,R,ucp,dom,dom,dom,UCP13
186,104,45,2016-12-17 16:24:11,R,R,ucp,dom,dom,dom,UCP13
0,0,0,2016-12-17 16:24:11,L,R,ucp,ndom,dom,ndom,UCP13
91,79,43,2016-12-17 16:24:12,R,R,ucp,dom,dom,dom,UCP13
0,0,0,2016-12-17 16:24:12,L,R,ucp,ndom,dom,ndom,UCP13
128,18,29,2016-12-17 16:24:13,R,R,ucp,dom,dom,dom,UCP13
0,0,0,2016-12-17 16:24:13,L,R,ucp,ndom,dom,ndom,UCP13
135,74,62,2016-12-17 16:24:14,R,R,ucp,dom,dom,dom,UCP13
0,0,0,2016-12-17 16:24:14,L,R,ucp,ndom,dom,ndom,UCP13
0,0,0,2016-12-17 16:24:15,L,R,ucp,ndom,dom,ndom,UCP13
85,48,32,2016-12-17 16:24:15,R,R,ucp,dom,dom,dom,UCP13
0,0,0,2016-12-17 16:24:16,L,R,ucp,ndom,dom,ndom,UCP13
111,49,90,2016-12-17 16:24:16,R,R,ucp,dom,dom,dom,UCP13
0,0,0,2016-12-17 16:24:17,L,R,ucp,ndom,dom,ndom,UCP13
126,17,67,2016-12-17 16:24:17,R,R,ucp,dom,dom,dom,UCP13
0,0,0,2016-12-17 16:24:18,L,R,ucp,ndom,dom,ndom,UCP13
123,65,97,2016-12-17 16:24:18,R,R,ucp,dom,dom,dom,UCP13
0,0,0,2016-12-17 16:24:19,L,R,ucp,ndom,dom,ndom,UCP13
87,43,20,2016-12-17 16:24:19,R,R,ucp,dom,dom,dom,UCP13
16,34,5,2016-12-17 16:24:20,R,R,ucp,dom,dom,dom,UCP13
3,9,3,2016-12-17 16:24:20,L,R,ucp,ndom,dom,ndom,UCP13
3,6,0,2016-11-16 15:54:00,R,L,ucp,ndom,dom,ndom,UCP14
118,127,88,2016-11-16 15:54:00,L,L,ucp,dom,dom,dom,UCP14
72,115,89,2016-11-16 15:54:01,L,L,ucp,dom,dom,dom,UCP14
0,2,0,2016-11-16 15:54:01,R,L,ucp,ndom,dom,ndom,UCP14
0,0,0,2016-11-16 15:54:02,R,L,ucp,ndom,dom,ndom,UCP14
76,108,74,2016-11-16 15:54:02,L,L,ucp,dom,dom,dom,UCP14
105,109,80,2016-11-16 15:54:03,L,L,ucp,dom,dom,dom,UCP14
0,0,0,2016-11-16 15:54:03,R,L,ucp,ndom,dom,ndom,UCP14
59,105,79,2016-11-16 15:54:04,L,L,ucp,dom,dom,dom,UCP14
0,0,0,2016-11-16 15:54:04,R,L,ucp,ndom,dom,ndom,UCP14
62,106,91,2016-11-16 15:54:05,L,L,ucp,dom,dom,dom,UCP14
0,0,0,2016-11-16 15:54:05,R,L,ucp,ndom,dom,ndom,UCP14
58,121,53,2016-11-16 15:54:06,L,L,ucp,dom,dom,dom,UCP14
0,0,0,2016-11-16 15:54:06,R,L,ucp,ndom,dom,ndom,UCP14
0,0,0,2016-11-16 15:54:07,R,L,ucp,ndom,dom,ndom,UCP14
101,99,60,2016-11-16 15:54:07,L,L,ucp,dom,dom,dom,UCP14
0,0,0,2016-11-16 15:54:08,R,L,ucp,ndom,dom,ndom,UCP14
77,120,54,2016-11-16 15:54:08,L,L,ucp,dom,dom,dom,UCP14
0,0,0,2016-11-16 15:54:09,R,L,ucp,ndom,dom,ndom,UCP14
65,89,87,2016-11-16 15:54:09,L,L,ucp,dom,dom,dom,UCP14
0,0,0,2016-11-16 15:54:10,R,L,ucp,ndom,dom,ndom,UCP14
63,86,50,2016-11-16 15:54:10,L,L,ucp,dom,dom,dom,UCP14
0,0,0,2016-11-16 15:54:11,R,L,ucp,ndom,dom,ndom,UCP14
85,90,58,2016-11-16 15:54:11,L,L,ucp,dom,dom,dom,UCP14
0,0,0,2016-11-16 15:54:12,R,L,ucp,ndom,dom,ndom,UCP14
129,125,53,2016-11-16 15:54:12,L,L,ucp,dom,dom,dom,UCP14
0,1,0,2016-11-16 15:54:13,R,L,ucp,ndom,dom,ndom,UCP14
99,86,69,2016-11-16 15:54:13,L,L,ucp,dom,dom,dom,UCP14
0,0,0,2016-11-16 15:54:14,R,L,ucp,ndom,dom,ndom,UCP14
52,108,53,2016-11-16 15:54:14,L,L,ucp,dom,dom,dom,UCP14
0,0,0,2016-11-16 15:54:15,R,L,ucp,ndom,dom,ndom,UCP14
47,117,56,2016-11-16 15:54:15,L,L,ucp,dom,dom,dom,UCP14
0,0,0,2016-11-16 15:54:16,R,L,ucp,ndom,dom,ndom,UCP14
43,116,62,2016-11-16 15:54:16,L,L,ucp,dom,dom,dom,UCP14
0,0,0,2016-11-16 15:54:17,R,L,ucp,ndom,dom,ndom,UCP14
62,85,56,2016-11-16 15:54:17,L,L,ucp,dom,dom,dom,UCP14
0,0,0,2016-11-16 15:54:18,R,L,ucp,ndom,dom,ndom,UCP14
61,125,89,2016-11-16 15:54:18,L,L,ucp,dom,dom,dom,UCP14
50,75,80,2016-11-16 15:54:19,L,L,ucp,dom,dom,dom,UCP14
0,0,0,2016-11-16 15:54:19,R,L,ucp,ndom,dom,ndom,UCP14
0,0,0,2016-11-16 15:54:20,R,L,ucp,ndom,dom,ndom,UCP14
55,54,49,2016-11-16 15:54:20,L,L,ucp,dom,dom,dom,UCP14
92,83,98,2016-11-16 15:54:21,L,L,ucp,dom,dom,dom,UCP14
0,0,0,2016-11-16 15:54:21,R,L,ucp,ndom,dom,ndom,UCP14
78,79,73,2016-11-16 15:54:22,L,L,ucp,dom,dom,dom,UCP14
0,2,0,2016-11-16 15:54:22,R,L,ucp,ndom,dom,ndom,UCP14
60,111,24,2016-11-16 15:54:23,L,L,ucp,dom,dom,dom,UCP14
0,2,0,2016-11-16 15:54:23,R,L,ucp,ndom,dom,ndom,UCP14
0,0,0,2016-11-16 15:54:24,R,L,ucp,ndom,dom,ndom,UCP14
103,124,34,2016-11-16 15:54:24,L,L,ucp,dom,dom,dom,UCP14
86,59,59,2016-11-16 15:54:25,L,L,ucp,dom,dom,dom,UCP14
0,0,0,2016-11-16 15:54:25,R,L,ucp,ndom,dom,ndom,UCP14
0,11,0,2016-11-16 15:54:26,R,L,ucp,ndom,dom,ndom,UCP14
79,45,28,2016-11-16 15:54:26,L,L,ucp,dom,dom,dom,UCP14
2,0,0,2016-11-16 15:54:27,R,L,ucp,ndom,dom,ndom,UCP14
92,89,75,2016-11-16 15:54:27,L,L,ucp,dom,dom,dom,UCP14
21,34,16,2016-11-16 15:54:28,R,L,ucp,ndom,dom,ndom,UCP14
53,58,56,2016-11-16 15:54:28,L,L,ucp,dom,dom,dom,UCP14
4,0,0,2016-11-16 15:54:29,R,L,ucp,ndom,dom,ndom,UCP14
80,41,65,2016-11-16 15:54:29,L,L,ucp,dom,dom,dom,UCP14
0,0,0,2016-11-16 15:54:30,R,L,ucp,ndom,dom,ndom,UCP14
38,43,60,2016-11-16 15:54:30,L,L,ucp,dom,dom,dom,UCP14
0,0,0,2016-11-16 15:54:31,R,L,ucp,ndom,dom,ndom,UCP14
89,67,70,2016-11-16 15:54:31,L,L,ucp,dom,dom,dom,UCP14
0,0,0,2016-11-16 15:54:32,R,L,ucp,ndom,dom,ndom,UCP14
61,40,77,2016-11-16 15:54:32,L,L,ucp,dom,dom,dom,UCP14
0,0,0,2016-11-16 15:54:33,R,L,ucp,ndom,dom,ndom,UCP14
71,112,76,2016-11-16 15:54:33,L,L,ucp,dom,dom,dom,UCP14
60,94,56,2016-11-16 15:54:34,L,L,ucp,dom,dom,dom,UCP14
0,0,0,2016-11-16 15:54:34,R,L,ucp,ndom,dom,ndom,UCP14
94,57,68,2016-11-16 15:54:35,L,L,ucp,dom,dom,dom,UCP14
0,0,0,2016-11-16 15:54:35,R,L,ucp,ndom,dom,ndom,UCP14
61,71,77,2016-11-16 15:54:36,L,L,ucp,dom,dom,dom,UCP14
0,0,0,2016-11-16 15:54:36,R,L,ucp,ndom,dom,ndom,UCP14
0,0,0,2016-11-16 15:54:37,R,L,ucp,ndom,dom,ndom,UCP14
45,67,75,2016-11-16 15:54:37,L,L,ucp,dom,dom,dom,UCP14
0,0,0,2016-11-16 15:54:38,R,L,ucp,ndom,dom,ndom,UCP14
66,98,45,2016-11-16 15:54:38,L,L,ucp,dom,dom,dom,UCP14
0,0,0,2016-11-16 15:54:39,R,L,ucp,ndom,dom,ndom,UCP14
64,74,32,2016-11-16 15:54:39,L,L,ucp,dom,dom,dom,UCP14
0,0,0,2016-11-16 15:54:40,R,L,ucp,ndom,dom,ndom,UCP14
64,93,60,2016-11-16 15:54:40,L,L,ucp,dom,dom,dom,UCP14
0,0,0,2016-11-16 15:54:41,R,L,ucp,ndom,dom,ndom,UCP14
53,81,23,2016-11-16 15:54:41,L,L,ucp,dom,dom,dom,UCP14
77,40,67,2016-11-16 15:54:42,L,L,ucp,dom,dom,dom,UCP14
0,0,0,2016-11-16 15:54:42,R,L,ucp,ndom,dom,ndom,UCP14
0,0,0,2016-11-16 15:54:43,R,L,ucp,ndom,dom,ndom,UCP14
74,103,88,2016-11-16 15:54:43,L,L,ucp,dom,dom,dom,UCP14
94,74,84,2016-11-16 15:54:44,L,L,ucp,dom,dom,dom,UCP14
0,0,0,2016-11-16 15:54:44,R,L,ucp,ndom,dom,ndom,UCP14
0,0,0,2016-11-16 15:54:45,R,L,ucp,ndom,dom,ndom,UCP14
104,109,69,2016-11-16 15:54:45,L,L,ucp,dom,dom,dom,UCP14
68,137,49,2016-11-16 15:54:46,L,L,ucp,dom,dom,dom,UCP14
11,9,0,2016-11-16 15:54:46,R,L,ucp,ndom,dom,ndom,UCP14
65,110,66,2016-11-16 15:54:47,L,L,ucp,dom,dom,dom,UCP14
37,54,30,2016-11-16 15:54:47,R,L,ucp,ndom,dom,ndom,UCP14
0,23,5,2016-11-16 15:54:48,R,L,ucp,ndom,dom,ndom,UCP14
100,112,32,2016-11-16 15:54:48,L,L,ucp,dom,dom,dom,UCP14
47,87,65,2016-11-16 15:54:49,L,L,ucp,dom,dom,dom,UCP14
0,0,0,2016-11-16 15:54:49,R,L,ucp,ndom,dom,ndom,UCP14
94,167,53,2016-11-16 15:54:50,L,L,ucp,dom,dom,dom,UCP14
0,0,0,2016-11-16 15:54:50,R,L,ucp,ndom,dom,ndom,UCP14
100,159,69,2016-11-16 15:54:51,L,L,ucp,dom,dom,dom,UCP14
0,0,5,2016-11-16 15:54:51,R,L,ucp,ndom,dom,ndom,UCP14
79,116,69,2016-11-16 15:54:52,L,L,ucp,dom,dom,dom,UCP14
0,0,0,2016-11-16 15:54:52,R,L,ucp,ndom,dom,ndom,UCP14
103,118,34,2016-11-16 15:54:53,L,L,ucp,dom,dom,dom,UCP14
0,0,0,2016-11-16 15:54:53,R,L,ucp,ndom,dom,ndom,UCP14
82,103,51,2016-11-16 15:54:54,L,L,ucp,dom,dom,dom,UCP14
0,1,0,2016-11-16 15:54:54,R,L,ucp,ndom,dom,ndom,UCP14
77,90,75,2016-11-16 15:54:55,L,L,ucp,dom,dom,dom,UCP14
0,8,0,2016-11-16 15:54:55,R,L,ucp,ndom,dom,ndom,UCP14
0,0,0,2016-11-16 15:54:56,R,L,ucp,ndom,dom,ndom,UCP14
85,46,63,2016-11-16 15:54:56,L,L,ucp,dom,dom,dom,UCP14
0,0,0,2016-11-16 15:54:57,R,L,ucp,ndom,dom,ndom,UCP14
96,76,53,2016-11-16 15:54:57,L,L,ucp,dom,dom,dom,UCP14
81,88,71,2016-11-16 15:54:58,L,L,ucp,dom,dom,dom,UCP14
0,0,0,2016-11-16 15:54:58,R,L,ucp,ndom,dom,ndom,UCP14
0,0,0,2016-11-16 15:54:59,R,L,ucp,ndom,dom,ndom,UCP14
54,54,76,2016-11-16 15:54:59,L,L,ucp,dom,dom,dom,UCP14
31,5,0,2016-11-16 15:55:00,L,L,ucp,dom,dom,dom,UCP14
0,0,0,2016-11-16 15:55:00,R,L,ucp,ndom,dom,ndom,UCP14
39,53,99,2016-11-16 15:56:30,R,L,ucp,ndom,ndom,ndom,UCP14
0,0,0,2016-11-16 15:56:30,L,L,ucp,dom,ndom,dom,UCP14
0,0,0,2016-11-16 15:56:31,L,L,ucp,dom,ndom,dom,UCP14
36,39,48,2016-11-16 15:56:31,R,L,ucp,ndom,ndom,ndom,UCP14
0,0,0,2016-11-16 15:56:32,L,L,ucp,dom,ndom,dom,UCP14
64,25,55,2016-11-16 15:56:32,R,L,ucp,ndom,ndom,ndom,UCP14
38,31,94,2016-11-16 15:56:33,R,L,ucp,ndom,ndom,ndom,UCP14
0,0,0,2016-11-16 15:56:33,L,L,ucp,dom,ndom,dom,UCP14
0,0,0,2016-11-16 15:56:34,L,L,ucp,dom,ndom,dom,UCP14
31,36,45,2016-11-16 15:56:34,R,L,ucp,ndom,ndom,ndom,UCP14
43,7,107,2016-11-16 15:56:35,R,L,ucp,ndom,ndom,ndom,UCP14
0,0,0,2016-11-16 15:56:35,L,L,ucp,dom,ndom,dom,UCP14
0,0,0,2016-11-16 15:56:36,L,L,ucp,dom,ndom,dom,UCP14
37,45,53,2016-11-16 15:56:36,R,L,ucp,ndom,ndom,ndom,UCP14
0,0,0,2016-11-16 15:56:37,L,L,ucp,dom,ndom,dom,UCP14
16,0,24,2016-11-16 15:56:37,R,L,ucp,ndom,ndom,ndom,UCP14
0,0,0,2016-11-16 15:56:38,L,L,ucp,dom,ndom,dom,UCP14
40,27,70,2016-11-16 15:56:38,R,L,ucp,ndom,ndom,ndom,UCP14
0,0,0,2016-11-16 15:56:39,L,L,ucp,dom,ndom,dom,UCP14
0,26,27,2016-11-16 15:56:39,R,L,ucp,ndom,ndom,ndom,UCP14
0,0,0,2016-11-16 15:56:40,L,L,ucp,dom,ndom,dom,UCP14
3,0,12,2016-11-16 15:56:40,R,L,ucp,ndom,ndom,ndom,UCP14
0,0,0,2016-11-16 15:56:41,L,L,ucp,dom,ndom,dom,UCP14
41,54,93,2016-11-16 15:56:41,R,L,ucp,ndom,ndom,ndom,UCP14
32,36,72,2016-11-16 15:56:42,R,L,ucp,ndom,ndom,ndom,UCP14
0,0,0,2016-11-16 15:56:42,L,L,ucp,dom,ndom,dom,UCP14
0,0,0,2016-11-16 15:56:43,L,L,ucp,dom,ndom,dom,UCP14
22,27,29,2016-11-16 15:56:43,R,L,ucp,ndom,ndom,ndom,UCP14
6,14,13,2016-11-16 15:56:44,R,L,ucp,ndom,ndom,ndom,UCP14
0,0,0,2016-11-16 15:56:44,L,L,ucp,dom,ndom,dom,UCP14
0,0,0,2016-11-16 15:56:45,L,L,ucp,dom,ndom,dom,UCP14
52,41,67,2016-11-16 15:56:45,R,L,ucp,ndom,ndom,ndom,UCP14
0,0,0,2016-11-16 15:56:46,L,L,ucp,dom,ndom,dom,UCP14
64,50,91,2016-11-16 15:56:46,R,L,ucp,ndom,ndom,ndom,UCP14
0,0,0,2016-11-16 15:56:47,L,L,ucp,dom,ndom,dom,UCP14
13,23,37,2016-11-16 15:56:47,R,L,ucp,ndom,ndom,ndom,UCP14
0,0,0,2016-11-16 15:56:48,L,L,ucp,dom,ndom,dom,UCP14
22,31,67,2016-11-16 15:56:48,R,L,ucp,ndom,ndom,ndom,UCP14
9,21,67,2016-11-16 15:56:49,R,L,ucp,ndom,ndom,ndom,UCP14
0,0,0,2016-11-16 15:56:49,L,L,ucp,dom,ndom,dom,UCP14
0,0,0,2016-11-16 15:56:50,L,L,ucp,dom,ndom,dom,UCP14
21,48,61,2016-11-16 15:56:50,R,L,ucp,ndom,ndom,ndom,UCP14
21,24,62,2016-11-16 15:56:51,R,L,ucp,ndom,ndom,ndom,UCP14
0,0,0,2016-11-16 15:56:51,L,L,ucp,dom,ndom,dom,UCP14
26,48,80,2016-11-16 15:56:52,R,L,ucp,ndom,ndom,ndom,UCP14
0,0,0,2016-11-16 15:56:52,L,L,ucp,dom,ndom,dom,UCP14
26,30,44,2016-11-16 15:56:53,R,L,ucp,ndom,ndom,ndom,UCP14
0,0,0,2016-11-16 15:56:53,L,L,ucp,dom,ndom,dom,UCP14
41,21,73,2016-11-16 15:56:54,R,L,ucp,ndom,ndom,ndom,UCP14
0,0,0,2016-11-16 15:56:54,L,L,ucp,dom,ndom,dom,UCP14
31,26,37,2016-11-16 15:56:55,R,L,ucp,ndom,ndom,ndom,UCP14
0,0,0,2016-11-16 15:56:55,L,L,ucp,dom,ndom,dom,UCP14
11,27,57,2016-11-16 15:56:56,R,L,ucp,ndom,ndom,ndom,UCP14
0,0,0,2016-11-16 15:56:56,L,L,ucp,dom,ndom,dom,UCP14
43,38,89,2016-11-16 15:56:57,R,L,ucp,ndom,ndom,ndom,UCP14
0,0,0,2016-11-16 15:56:57,L,L,ucp,dom,ndom,dom,UCP14
58,31,65,2016-11-16 15:56:58,R,L,ucp,ndom,ndom,ndom,UCP14
0,0,0,2016-11-16 15:56:58,L,L,ucp,dom,ndom,dom,UCP14
66,35,82,2016-11-16 15:56:59,R,L,ucp,ndom,ndom,ndom,UCP14
0,0,0,2016-11-16 15:56:59,L,L,ucp,dom,ndom,dom,UCP14
14,12,15,2016-11-16 15:57:00,R,L,ucp,ndom,ndom,ndom,UCP14
0,0,0,2016-11-16 15:57:00,L,L,ucp,dom,ndom,dom,UCP14
51,42,53,2016-11-16 15:57:01,R,L,ucp,ndom,ndom,ndom,UCP14
0,0,0,2016-11-16 15:57:01,L,L,ucp,dom,ndom,dom,UCP14
20,23,9,2016-11-16 15:57:02,R,L,ucp,ndom,ndom,ndom,UCP14
0,0,0,2016-11-16 15:57:02,L,L,ucp,dom,ndom,dom,UCP14
41,76,56,2016-11-16 15:57:03,R,L,ucp,ndom,ndom,ndom,UCP14
0,0,0,2016-11-16 15:57:03,L,L,ucp,dom,ndom,dom,UCP14
31,26,62,2016-11-16 15:57:04,R,L,ucp,ndom,ndom,ndom,UCP14
0,0,0,2016-11-16 15:57:04,L,L,ucp,dom,ndom,dom,UCP14
36,63,64,2016-11-16 15:57:05,R,L,ucp,ndom,ndom,ndom,UCP14
0,0,0,2016-11-16 15:57:05,L,L,ucp,dom,ndom,dom,UCP14
47,56,76,2016-11-16 15:57:06,R,L,ucp,ndom,ndom,ndom,UCP14
0,0,0,2016-11-16 15:57:06,L,L,ucp,dom,ndom,dom,UCP14
55,43,75,2016-11-16 15:57:07,R,L,ucp,ndom,ndom,ndom,UCP14
0,0,0,2016-11-16 15:57:07,L,L,ucp,dom,ndom,dom,UCP14
40,36,39,2016-11-16 15:57:08,R,L,ucp,ndom,ndom,ndom,UCP14
0,0,0,2016-11-16 15:57:08,L,L,ucp,dom,ndom,dom,UCP14
0,0,0,2016-11-16 15:57:09,L,L,ucp,dom,ndom,dom,UCP14
39,23,58,2016-11-16 15:57:09,R,L,ucp,ndom,ndom,ndom,UCP14
10,16,15,2016-11-16 15:57:10,R,L,ucp,ndom,ndom,ndom,UCP14
0,0,0,2016-11-16 15:57:10,L,L,ucp,dom,ndom,dom,UCP14
55,30,50,2016-11-16 15:57:11,R,L,ucp,ndom,ndom,ndom,UCP14
0,0,0,2016-11-16 15:57:11,L,L,ucp,dom,ndom,dom,UCP14
37,26,48,2016-11-16 15:57:12,R,L,ucp,ndom,ndom,ndom,UCP14
0,0,0,2016-11-16 15:57:12,L,L,ucp,dom,ndom,dom,UCP14
0,0,0,2016-11-16 15:57:13,L,L,ucp,dom,ndom,dom,UCP14
45,62,74,2016-11-16 15:57:13,R,L,ucp,ndom,ndom,ndom,UCP14
0,0,0,2016-11-16 15:57:14,L,L,ucp,dom,ndom,dom,UCP14
14,30,7,2016-11-16 15:57:14,R,L,ucp,ndom,ndom,ndom,UCP14
0,0,0,2016-11-16 15:57:15,L,L,ucp,dom,ndom,dom,UCP14
1,39,13,2016-11-16 15:57:15,R,L,ucp,ndom,ndom,ndom,UCP14
36,40,57,2016-11-16 15:57:16,R,L,ucp,ndom,ndom,ndom,UCP14
0,0,0,2016-11-16 15:57:16,L,L,ucp,dom,ndom,dom,UCP14
0,0,0,2016-11-16 15:57:17,L,L,ucp,dom,ndom,dom,UCP14
35,33,39,2016-11-16 15:57:17,R,L,ucp,ndom,ndom,ndom,UCP14
0,0,0,2016-11-16 15:57:18,L,L,ucp,dom,ndom,dom,UCP14
33,61,78,2016-11-16 15:57:18,R,L,ucp,ndom,ndom,ndom,UCP14
0,0,0,2016-11-16 15:57:19,L,L,ucp,dom,ndom,dom,UCP14
37,81,59,2016-11-16 15:57:19,R,L,ucp,ndom,ndom,ndom,UCP14
0,0,0,2016-11-16 15:57:20,L,L,ucp,dom,ndom,dom,UCP14
16,21,32,2016-11-16 15:57:20,R,L,ucp,ndom,ndom,ndom,UCP14
0,0,0,2016-11-16 15:57:21,L,L,ucp,dom,ndom,dom,UCP14
23,42,64,2016-11-16 15:57:21,R,L,ucp,ndom,ndom,ndom,UCP14
0,0,0,2016-11-16 15:57:22,L,L,ucp,dom,ndom,dom,UCP14
35,44,45,2016-11-16 15:57:22,R,L,ucp,ndom,ndom,ndom,UCP14
0,0,0,2016-11-16 15:57:23,L,L,ucp,dom,ndom,dom,UCP14
37,63,89,2016-11-16 15:57:23,R,L,ucp,ndom,ndom,ndom,UCP14
0,0,0,2016-11-16 15:57:24,L,L,ucp,dom,ndom,dom,UCP14
14,12,3,2016-11-16 15:57:24,R,L,ucp,ndom,ndom,ndom,UCP14
0,0,0,2016-11-16 15:57:25,L,L,ucp,dom,ndom,dom,UCP14
38,32,72,2016-11-16 15:57:25,R,L,ucp,ndom,ndom,ndom,UCP14
0,0,0,2016-11-16 15:57:26,L,L,ucp,dom,ndom,dom,UCP14
46,30,58,2016-11-16 15:57:26,R,L,ucp,ndom,ndom,ndom,UCP14
0,0,0,2016-11-16 15:57:27,L,L,ucp,dom,ndom,dom,UCP14
36,8,87,2016-11-16 15:57:27,R,L,ucp,ndom,ndom,ndom,UCP14
0,0,0,2016-11-16 15:57:28,L,L,ucp,dom,ndom,dom,UCP14
27,50,103,2016-11-16 15:57:28,R,L,ucp,ndom,ndom,ndom,UCP14
57,183,196,2016-11-16 15:57:29,L,L,ucp,dom,ndom,dom,UCP14
40,38,73,2016-11-16 15:57:29,R,L,ucp,ndom,ndom,ndom,UCP14
37,88,64,2016-11-16 15:57:30,R,L,ucp,ndom,ndom,ndom,UCP14
79,81,97,2016-11-16 15:57:30,L,L,ucp,dom,ndom,dom,UCP14
0,3,0,2017-07-11 10:48:40,L,R,ucp,ndom,dom,ndom,UCP15
376,185,115,2017-07-11 10:48:40,R,R,ucp,dom,dom,dom,UCP15
169,134,97,2017-07-11 10:48:41,R,R,ucp,dom,dom,dom,UCP15
0,0,0,2017-07-11 10:48:41,L,R,ucp,ndom,dom,ndom,UCP15
0,0,0,2017-07-11 10:48:42,L,R,ucp,ndom,dom,ndom,UCP15
269,156,92,2017-07-11 10:48:42,R,R,ucp,dom,dom,dom,UCP15
297,169,92,2017-07-11 10:48:43,R,R,ucp,dom,dom,dom,UCP15
0,0,0,2017-07-11 10:48:43,L,R,ucp,ndom,dom,ndom,UCP15
114,95,96,2017-07-11 10:48:44,R,R,ucp,dom,dom,dom,UCP15
0,0,0,2017-07-11 10:48:44,L,R,ucp,ndom,dom,ndom,UCP15
97,72,79,2017-07-11 10:48:45,R,R,ucp,dom,dom,dom,UCP15
0,0,0,2017-07-11 10:48:45,L,R,ucp,ndom,dom,ndom,UCP15
60,91,101,2017-07-11 10:48:46,R,R,ucp,dom,dom,dom,UCP15
0,0,0,2017-07-11 10:48:46,L,R,ucp,ndom,dom,ndom,UCP15
154,63,91,2017-07-11 10:48:47,R,R,ucp,dom,dom,dom,UCP15
0,0,0,2017-07-11 10:48:47,L,R,ucp,ndom,dom,ndom,UCP15
32,52,52,2017-07-11 10:48:48,R,R,ucp,dom,dom,dom,UCP15
0,0,0,2017-07-11 10:48:48,L,R,ucp,ndom,dom,ndom,UCP15
170,81,110,2017-07-11 10:48:49,R,R,ucp,dom,dom,dom,UCP15
0,0,0,2017-07-11 10:48:49,L,R,ucp,ndom,dom,ndom,UCP15
185,76,99,2017-07-11 10:48:50,R,R,ucp,dom,dom,dom,UCP15
0,0,0,2017-07-11 10:48:50,L,R,ucp,ndom,dom,ndom,UCP15
135,69,80,2017-07-11 10:48:51,R,R,ucp,dom,dom,dom,UCP15
0,0,0,2017-07-11 10:48:51,L,R,ucp,ndom,dom,ndom,UCP15
132,63,80,2017-07-11 10:48:52,R,R,ucp,dom,dom,dom,UCP15
0,0,0,2017-07-11 10:48:52,L,R,ucp,ndom,dom,ndom,UCP15
136,57,61,2017-07-11 10:48:53,R,R,ucp,dom,dom,dom,UCP15
0,0,0,2017-07-11 10:48:53,L,R,ucp,ndom,dom,ndom,UCP15
89,49,55,2017-07-11 10:48:54,R,R,ucp,dom,dom,dom,UCP15
0,0,0,2017-07-11 10:48:54,L,R,ucp,ndom,dom,ndom,UCP15
0,0,0,2017-07-11 10:48:55,L,R,ucp,ndom,dom,ndom,UCP15
86,40,64,2017-07-11 10:48:55,R,R,ucp,dom,dom,dom,UCP15
124,66,96,2017-07-11 10:48:56,R,R,ucp,dom,dom,dom,UCP15
0,0,0,2017-07-11 10:48:56,L,R,ucp,ndom,dom,ndom,UCP15
83,53,62,2017-07-11 10:48:57,R,R,ucp,dom,dom,dom,UCP15
0,0,0,2017-07-11 10:48:57,L,R,ucp,ndom,dom,ndom,UCP15
81,67,93,2017-07-11 10:48:58,R,R,ucp,dom,dom,dom,UCP15
0,0,0,2017-07-11 10:48:58,L,R,ucp,ndom,dom,ndom,UCP15
63,65,74,2017-07-11 10:48:59,R,R,ucp,dom,dom,dom,UCP15
0,0,0,2017-07-11 10:48:59,L,R,ucp,ndom,dom,ndom,UCP15
0,0,0,2017-07-11 10:49:00,L,R,ucp,ndom,dom,ndom,UCP15
80,48,52,2017-07-11 10:49:00,R,R,ucp,dom,dom,dom,UCP15
92,29,75,2017-07-11 10:49:01,R,R,ucp,dom,dom,dom,UCP15
0,0,0,2017-07-11 10:49:01,L,R,ucp,ndom,dom,ndom,UCP15
57,42,66,2017-07-11 10:49:02,R,R,ucp,dom,dom,dom,UCP15
0,0,0,2017-07-11 10:49:02,L,R,ucp,ndom,dom,ndom,UCP15
0,0,0,2017-07-11 10:49:03,L,R,ucp,ndom,dom,ndom,UCP15
65,44,47,2017-07-11 10:49:03,R,R,ucp,dom,dom,dom,UCP15
55,30,61,2017-07-11 10:49:04,R,R,ucp,dom,dom,dom,UCP15
0,0,0,2017-07-11 10:49:04,L,R,ucp,ndom,dom,ndom,UCP15
55,12,16,2017-07-11 10:49:05,R,R,ucp,dom,dom,dom,UCP15
0,0,0,2017-07-11 10:49:05,L,R,ucp,ndom,dom,ndom,UCP15
72,66,48,2017-07-11 10:49:06,R,R,ucp,dom,dom,dom,UCP15
0,0,0,2017-07-11 10:49:06,L,R,ucp,ndom,dom,ndom,UCP15
61,51,61,2017-07-11 10:49:07,R,R,ucp,dom,dom,dom,UCP15
0,0,0,2017-07-11 10:49:07,L,R,ucp,ndom,dom,ndom,UCP15
0,0,0,2017-07-11 10:49:08,L,R,ucp,ndom,dom,ndom,UCP15
94,61,71,2017-07-11 10:49:08,R,R,ucp,dom,dom,dom,UCP15
0,0,0,2017-07-11 10:49:09,L,R,ucp,ndom,dom,ndom,UCP15
83,41,74,2017-07-11 10:49:09,R,R,ucp,dom,dom,dom,UCP15
0,0,0,2017-07-11 10:49:10,L,R,ucp,ndom,dom,ndom,UCP15
94,58,85,2017-07-11 10:49:10,R,R,ucp,dom,dom,dom,UCP15
0,0,0,2017-07-11 10:49:11,L,R,ucp,ndom,dom,ndom,UCP15
23,24,44,2017-07-11 10:49:11,R,R,ucp,dom,dom,dom,UCP15
0,0,0,2017-07-11 10:49:12,L,R,ucp,ndom,dom,ndom,UCP15
179,63,88,2017-07-11 10:49:12,R,R,ucp,dom,dom,dom,UCP15
0,0,0,2017-07-11 10:49:13,L,R,ucp,ndom,dom,ndom,UCP15
105,66,95,2017-07-11 10:49:13,R,R,ucp,dom,dom,dom,UCP15
0,0,0,2017-07-11 10:49:14,L,R,ucp,ndom,dom,ndom,UCP15
101,70,88,2017-07-11 10:49:14,R,R,ucp,dom,dom,dom,UCP15
0,0,0,2017-07-11 10:49:15,L,R,ucp,ndom,dom,ndom,UCP15
77,58,54,2017-07-11 10:49:15,R,R,ucp,dom,dom,dom,UCP15
0,0,0,2017-07-11 10:49:16,L,R,ucp,ndom,dom,ndom,UCP15
67,87,76,2017-07-11 10:49:16,R,R,ucp,dom,dom,dom,UCP15
0,0,0,2017-07-11 10:49:17,L,R,ucp,ndom,dom,ndom,UCP15
56,46,51,2017-07-11 10:49:17,R,R,ucp,dom,dom,dom,UCP15
47,63,65,2017-07-11 10:49:18,R,R,ucp,dom,dom,dom,UCP15
0,0,0,2017-07-11 10:49:18,L,R,ucp,ndom,dom,ndom,UCP15
84,68,67,2017-07-11 10:49:19,R,R,ucp,dom,dom,dom,UCP15
0,0,0,2017-07-11 10:49:19,L,R,ucp,ndom,dom,ndom,UCP15
83,55,60,2017-07-11 10:49:20,R,R,ucp,dom,dom,dom,UCP15
0,0,0,2017-07-11 10:49:20,L,R,ucp,ndom,dom,ndom,UCP15
59,54,59,2017-07-11 10:49:21,R,R,ucp,dom,dom,dom,UCP15
0,0,0,2017-07-11 10:49:21,L,R,ucp,ndom,dom,ndom,UCP15
77,80,63,2017-07-11 10:49:22,R,R,ucp,dom,dom,dom,UCP15
0,0,0,2017-07-11 10:49:22,L,R,ucp,ndom,dom,ndom,UCP15
84,62,89,2017-07-11 10:49:23,R,R,ucp,dom,dom,dom,UCP15
0,0,0,2017-07-11 10:49:23,L,R,ucp,ndom,dom,ndom,UCP15
0,0,0,2017-07-11 10:49:24,L,R,ucp,ndom,dom,ndom,UCP15
54,49,73,2017-07-11 10:49:24,R,R,ucp,dom,dom,dom,UCP15
0,0,0,2017-07-11 10:49:25,L,R,ucp,ndom,dom,ndom,UCP15
37,42,49,2017-07-11 10:49:25,R,R,ucp,dom,dom,dom,UCP15
0,0,0,2017-07-11 10:49:26,L,R,ucp,ndom,dom,ndom,UCP15
59,19,46,2017-07-11 10:49:26,R,R,ucp,dom,dom,dom,UCP15
0,0,0,2017-07-11 10:49:27,L,R,ucp,ndom,dom,ndom,UCP15
47,56,57,2017-07-11 10:49:27,R,R,ucp,dom,dom,dom,UCP15
0,0,0,2017-07-11 10:49:28,L,R,ucp,ndom,dom,ndom,UCP15
44,84,71,2017-07-11 10:49:28,R,R,ucp,dom,dom,dom,UCP15
71,53,82,2017-07-11 10:49:29,R,R,ucp,dom,dom,dom,UCP15
0,0,0,2017-07-11 10:49:29,L,R,ucp,ndom,dom,ndom,UCP15
0,0,0,2017-07-11 10:49:30,L,R,ucp,ndom,dom,ndom,UCP15
55,90,47,2017-07-11 10:49:30,R,R,ucp,dom,dom,dom,UCP15
39,102,39,2017-07-11 10:49:31,R,R,ucp,dom,dom,dom,UCP15
0,0,0,2017-07-11 10:49:31,L,R,ucp,ndom,dom,ndom,UCP15
50,114,80,2017-07-11 10:49:32,R,R,ucp,dom,dom,dom,UCP15
0,0,0,2017-07-11 10:49:32,L,R,ucp,ndom,dom,ndom,UCP15
59,56,23,2017-07-11 10:49:33,R,R,ucp,dom,dom,dom,UCP15
0,0,0,2017-07-11 10:49:33,L,R,ucp,ndom,dom,ndom,UCP15
37,82,65,2017-07-11 10:49:34,R,R,ucp,dom,dom,dom,UCP15
0,0,0,2017-07-11 10:49:34,L,R,ucp,ndom,dom,ndom,UCP15
45,72,50,2017-07-11 10:49:35,R,R,ucp,dom,dom,dom,UCP15
0,0,0,2017-07-11 10:49:35,L,R,ucp,ndom,dom,ndom,UCP15
65,72,91,2017-07-11 10:49:36,R,R,ucp,dom,dom,dom,UCP15
0,0,0,2017-07-11 10:49:36,L,R,ucp,ndom,dom,ndom,UCP15
67,56,95,2017-07-11 10:49:37,R,R,ucp,dom,dom,dom,UCP15
0,0,0,2017-07-11 10:49:37,L,R,ucp,ndom,dom,ndom,UCP15
103,66,73,2017-07-11 10:49:38,R,R,ucp,dom,dom,dom,UCP15
0,0,0,2017-07-11 10:49:38,L,R,ucp,ndom,dom,ndom,UCP15
178,99,108,2017-07-11 10:49:39,R,R,ucp,dom,dom,dom,UCP15
36,14,21,2017-07-11 10:49:39,L,R,ucp,ndom,dom,ndom,UCP15
80,22,37,2017-07-11 10:49:40,R,R,ucp,dom,dom,dom,UCP15
117,22,20,2017-07-11 10:49:40,L,R,ucp,ndom,dom,ndom,UCP15
0,0,0,2017-07-11 10:51:10,R,R,ucp,dom,ndom,dom,UCP15
74,69,55,2017-07-11 10:51:10,L,R,ucp,ndom,ndom,ndom,UCP15
225,140,98,2017-07-11 10:51:11,L,R,ucp,ndom,ndom,ndom,UCP15
0,0,0,2017-07-11 10:51:11,R,R,ucp,dom,ndom,dom,UCP15
8,71,18,2017-07-11 10:51:12,L,R,ucp,ndom,ndom,ndom,UCP15
0,0,0,2017-07-11 10:51:12,R,R,ucp,dom,ndom,dom,UCP15
128,29,84,2017-07-11 10:51:13,L,R,ucp,ndom,ndom,ndom,UCP15
0,0,0,2017-07-11 10:51:13,R,R,ucp,dom,ndom,dom,UCP15
166,120,75,2017-07-11 10:51:14,L,R,ucp,ndom,ndom,ndom,UCP15
0,0,0,2017-07-11 10:51:14,R,R,ucp,dom,ndom,dom,UCP15
194,143,79,2017-07-11 10:51:15,L,R,ucp,ndom,ndom,ndom,UCP15
0,0,0,2017-07-11 10:51:15,R,R,ucp,dom,ndom,dom,UCP15
0,0,0,2017-07-11 10:51:16,R,R,ucp,dom,ndom,dom,UCP15
83,92,67,2017-07-11 10:51:16,L,R,ucp,ndom,ndom,ndom,UCP15
0,0,0,2017-07-11 10:51:17,R,R,ucp,dom,ndom,dom,UCP15
103,101,47,2017-07-11 10:51:17,L,R,ucp,ndom,ndom,ndom,UCP15
101,80,55,2017-07-11 10:51:18,L,R,ucp,ndom,ndom,ndom,UCP15
0,0,0,2017-07-11 10:51:18,R,R,ucp,dom,ndom,dom,UCP15
119,117,77,2017-07-11 10:51:19,L,R,ucp,ndom,ndom,ndom,UCP15
0,0,0,2017-07-11 10:51:19,R,R,ucp,dom,ndom,dom,UCP15
100,112,25,2017-07-11 10:51:20,L,R,ucp,ndom,ndom,ndom,UCP15
0,0,0,2017-07-11 10:51:20,R,R,ucp,dom,ndom,dom,UCP15
34,16,13,2017-07-11 10:51:21,L,R,ucp,ndom,ndom,ndom,UCP15
0,0,0,2017-07-11 10:51:21,R,R,ucp,dom,ndom,dom,UCP15
123,70,53,2017-07-11 10:51:22,L,R,ucp,ndom,ndom,ndom,UCP15
0,0,0,2017-07-11 10:51:22,R,R,ucp,dom,ndom,dom,UCP15
69,54,51,2017-07-11 10:51:23,L,R,ucp,ndom,ndom,ndom,UCP15
0,0,0,2017-07-11 10:51:23,R,R,ucp,dom,ndom,dom,UCP15
0,0,0,2017-07-11 10:51:24,R,R,ucp,dom,ndom,dom,UCP15
106,119,61,2017-07-11 10:51:24,L,R,ucp,ndom,ndom,ndom,UCP15
0,0,0,2017-07-11 10:51:25,R,R,ucp,dom,ndom,dom,UCP15
84,89,51,2017-07-11 10:51:25,L,R,ucp,ndom,ndom,ndom,UCP15
0,0,0,2017-07-11 10:51:26,R,R,ucp,dom,ndom,dom,UCP15
55,22,19,2017-07-11 10:51:26,L,R,ucp,ndom,ndom,ndom,UCP15
0,0,0,2017-07-11 10:51:27,R,R,ucp,dom,ndom,dom,UCP15
84,119,48,2017-07-11 10:51:27,L,R,ucp,ndom,ndom,ndom,UCP15
0,0,0,2017-07-11 10:51:28,R,R,ucp,dom,ndom,dom,UCP15
39,67,18,2017-07-11 10:51:28,L,R,ucp,ndom,ndom,ndom,UCP15
0,0,0,2017-07-11 10:51:29,R,R,ucp,dom,ndom,dom,UCP15
131,102,72,2017-07-11 10:51:29,L,R,ucp,ndom,ndom,ndom,UCP15
17,33,10,2017-07-11 10:51:30,L,R,ucp,ndom,ndom,ndom,UCP15
0,0,0,2017-07-11 10:51:30,R,R,ucp,dom,ndom,dom,UCP15
92,46,66,2017-07-11 10:51:31,L,R,ucp,ndom,ndom,ndom,UCP15
0,0,0,2017-07-11 10:51:31,R,R,ucp,dom,ndom,dom,UCP15
0,0,0,2017-07-11 10:51:32,R,R,ucp,dom,ndom,dom,UCP15
72,94,23,2017-07-11 10:51:32,L,R,ucp,ndom,ndom,ndom,UCP15
146,129,72,2017-07-11 10:51:33,L,R,ucp,ndom,ndom,ndom,UCP15
0,0,0,2017-07-11 10:51:33,R,R,ucp,dom,ndom,dom,UCP15
80,82,62,2017-07-11 10:51:34,L,R,ucp,ndom,ndom,ndom,UCP15
0,0,0,2017-07-11 10:51:34,R,R,ucp,dom,ndom,dom,UCP15
76,93,37,2017-07-11 10:51:35,L,R,ucp,ndom,ndom,ndom,UCP15
0,0,0,2017-07-11 10:51:35,R,R,ucp,dom,ndom,dom,UCP15
108,48,45,2017-07-11 10:51:36,L,R,ucp,ndom,ndom,ndom,UCP15
0,0,0,2017-07-11 10:51:36,R,R,ucp,dom,ndom,dom,UCP15
158,105,41,2017-07-11 10:51:37,L,R,ucp,ndom,ndom,ndom,UCP15
0,0,0,2017-07-11 10:51:37,R,R,ucp,dom,ndom,dom,UCP15
0,0,0,2017-07-11 10:51:38,R,R,ucp,dom,ndom,dom,UCP15
108,35,45,2017-07-11 10:51:38,L,R,ucp,ndom,ndom,ndom,UCP15
108,61,71,2017-07-11 10:51:39,L,R,ucp,ndom,ndom,ndom,UCP15
0,0,0,2017-07-11 10:51:39,R,R,ucp,dom,ndom,dom,UCP15
0,0,0,2017-07-11 10:51:40,R,R,ucp,dom,ndom,dom,UCP15
105,67,68,2017-07-11 10:51:40,L,R,ucp,ndom,ndom,ndom,UCP15
0,0,0,2017-07-11 10:51:41,R,R,ucp,dom,ndom,dom,UCP15
90,70,58,2017-07-11 10:51:41,L,R,ucp,ndom,ndom,ndom,UCP15
0,0,0,2017-07-11 10:51:42,R,R,ucp,dom,ndom,dom,UCP15
140,63,43,2017-07-11 10:51:42,L,R,ucp,ndom,ndom,ndom,UCP15
0,0,0,2017-07-11 10:51:43,R,R,ucp,dom,ndom,dom,UCP15
76,64,25,2017-07-11 10:51:43,L,R,ucp,ndom,ndom,ndom,UCP15
105,105,38,2017-07-11 10:51:44,L,R,ucp,ndom,ndom,ndom,UCP15
0,0,0,2017-07-11 10:51:44,R,R,ucp,dom,ndom,dom,UCP15
0,0,0,2017-07-11 10:51:45,R,R,ucp,dom,ndom,dom,UCP15
90,34,38,2017-07-11 10:51:45,L,R,ucp,ndom,ndom,ndom,UCP15
0,0,0,2017-07-11 10:51:46,R,R,ucp,dom,ndom,dom,UCP15
94,85,21,2017-07-11 10:51:46,L,R,ucp,ndom,ndom,ndom,UCP15
0,0,0,2017-07-11 10:51:47,R,R,ucp,dom,ndom,dom,UCP15
14,80,6,2017-07-11 10:51:47,L,R,ucp,ndom,ndom,ndom,UCP15
0,0,0,2017-07-11 10:51:48,R,R,ucp,dom,ndom,dom,UCP15
131,95,35,2017-07-11 10:51:48,L,R,ucp,ndom,ndom,ndom,UCP15
99,90,44,2017-07-11 10:51:49,L,R,ucp,ndom,ndom,ndom,UCP15
0,0,0,2017-07-11 10:51:49,R,R,ucp,dom,ndom,dom,UCP15
51,90,51,2017-07-11 10:51:50,L,R,ucp,ndom,ndom,ndom,UCP15
0,0,0,2017-07-11 10:51:50,R,R,ucp,dom,ndom,dom,UCP15
102,87,42,2017-07-11 10:51:51,L,R,ucp,ndom,ndom,ndom,UCP15
0,0,0,2017-07-11 10:51:51,R,R,ucp,dom,ndom,dom,UCP15
55,94,54,2017-07-11 10:51:52,L,R,ucp,ndom,ndom,ndom,UCP15
0,0,0,2017-07-11 10:51:52,R,R,ucp,dom,ndom,dom,UCP15
65,85,40,2017-07-11 10:51:53,L,R,ucp,ndom,ndom,ndom,UCP15
0,0,0,2017-07-11 10:51:53,R,R,ucp,dom,ndom,dom,UCP15
87,102,49,2017-07-11 10:51:54,L,R,ucp,ndom,ndom,ndom,UCP15
0,0,0,2017-07-11 10:51:54,R,R,ucp,dom,ndom,dom,UCP15
0,0,0,2017-07-11 10:51:55,R,R,ucp,dom,ndom,dom,UCP15
74,60,42,2017-07-11 10:51:55,L,R,ucp,ndom,ndom,ndom,UCP15
0,0,0,2017-07-11 10:51:56,R,R,ucp,dom,ndom,dom,UCP15
45,80,22,2017-07-11 10:51:56,L,R,ucp,ndom,ndom,ndom,UCP15
67,42,35,2017-07-11 10:51:57,L,R,ucp,ndom,ndom,ndom,UCP15
0,0,0,2017-07-11 10:51:57,R,R,ucp,dom,ndom,dom,UCP15
103,58,31,2017-07-11 10:51:58,L,R,ucp,ndom,ndom,ndom,UCP15
0,0,7,2017-07-11 10:51:58,R,R,ucp,dom,ndom,dom,UCP15
84,88,52,2017-07-11 10:51:59,L,R,ucp,ndom,ndom,ndom,UCP15
0,0,0,2017-07-11 10:51:59,R,R,ucp,dom,ndom,dom,UCP15
90,76,20,2017-07-11 10:52:00,L,R,ucp,ndom,ndom,ndom,UCP15
0,0,0,2017-07-11 10:52:00,R,R,ucp,dom,ndom,dom,UCP15
55,71,18,2017-07-11 10:52:01,L,R,ucp,ndom,ndom,ndom,UCP15
0,0,0,2017-07-11 10:52:01,R,R,ucp,dom,ndom,dom,UCP15
104,101,38,2017-07-11 10:52:02,L,R,ucp,ndom,ndom,ndom,UCP15
0,0,0,2017-07-11 10:52:02,R,R,ucp,dom,ndom,dom,UCP15
63,73,35,2017-07-11 10:52:03,L,R,ucp,ndom,ndom,ndom,UCP15
0,0,0,2017-07-11 10:52:03,R,R,ucp,dom,ndom,dom,UCP15
0,0,0,2017-07-11 10:52:04,R,R,ucp,dom,ndom,dom,UCP15
78,112,45,2017-07-11 10:52:04,L,R,ucp,ndom,ndom,ndom,UCP15
63,56,46,2017-07-11 10:52:05,L,R,ucp,ndom,ndom,ndom,UCP15
0,0,0,2017-07-11 10:52:05,R,R,ucp,dom,ndom,dom,UCP15
115,74,27,2017-07-11 10:52:06,L,R,ucp,ndom,ndom,ndom,UCP15
0,0,0,2017-07-11 10:52:06,R,R,ucp,dom,ndom,dom,UCP15
27,47,18,2017-07-11 10:52:07,L,R,ucp,ndom,ndom,ndom,UCP15
0,0,0,2017-07-11 10:52:07,R,R,ucp,dom,ndom,dom,UCP15
99,111,44,2017-07-11 10:52:08,L,R,ucp,ndom,ndom,ndom,UCP15
0,0,0,2017-07-11 10:52:08,R,R,ucp,dom,ndom,dom,UCP15
8,6,45,2017-07-11 10:52:09,R,R,ucp,dom,ndom,dom,UCP15
110,73,87,2017-07-11 10:52:09,L,R,ucp,ndom,ndom,ndom,UCP15
170,255,96,2017-07-11 10:52:10,L,R,ucp,ndom,ndom,ndom,UCP15
103,67,36,2017-07-11 10:52:10,R,R,ucp,dom,ndom,dom,UCP15
0,0,0,2017-09-04 15:14:30,L,L,ucp,dom,ndom,dom,UCP16
103,34,119,2017-09-04 15:14:30,R,L,ucp,ndom,ndom,ndom,UCP16
63,29,82,2017-09-04 15:14:31,R,L,ucp,ndom,ndom,ndom,UCP16
0,0,0,2017-09-04 15:14:31,L,L,ucp,dom,ndom,dom,UCP16
0,0,0,2017-09-04 15:14:32,L,L,ucp,dom,ndom,dom,UCP16
53,6,91,2017-09-04 15:14:32,R,L,ucp,ndom,ndom,ndom,UCP16
43,16,77,2017-09-04 15:14:33,R,L,ucp,ndom,ndom,ndom,UCP16
0,0,0,2017-09-04 15:14:33,L,L,ucp,dom,ndom,dom,UCP16
53,55,71,2017-09-04 15:14:34,R,L,ucp,ndom,ndom,ndom,UCP16
0,0,0,2017-09-04 15:14:34,L,L,ucp,dom,ndom,dom,UCP16
0,0,0,2017-09-04 15:14:35,L,L,ucp,dom,ndom,dom,UCP16
57,2,83,2017-09-04 15:14:35,R,L,ucp,ndom,ndom,ndom,UCP16
0,0,0,2017-09-04 15:14:36,L,L,ucp,dom,ndom,dom,UCP16
35,71,44,2017-09-04 15:14:36,R,L,ucp,ndom,ndom,ndom,UCP16
86,35,142,2017-09-04 15:14:37,R,L,ucp,ndom,ndom,ndom,UCP16
0,0,0,2017-09-04 15:14:37,L,L,ucp,dom,ndom,dom,UCP16
0,0,0,2017-09-04 15:14:38,L,L,ucp,dom,ndom,dom,UCP16
40,49,64,2017-09-04 15:14:38,R,L,ucp,ndom,ndom,ndom,UCP16
0,0,0,2017-09-04 15:14:39,L,L,ucp,dom,ndom,dom,UCP16
64,44,88,2017-09-04 15:14:39,R,L,ucp,ndom,ndom,ndom,UCP16
65,11,87,2017-09-04 15:14:40,R,L,ucp,ndom,ndom,ndom,UCP16
0,0,0,2017-09-04 15:14:40,L,L,ucp,dom,ndom,dom,UCP16
31,25,58,2017-09-04 15:14:41,R,L,ucp,ndom,ndom,ndom,UCP16
0,0,0,2017-09-04 15:14:41,L,L,ucp,dom,ndom,dom,UCP16
60,44,91,2017-09-04 15:14:42,R,L,ucp,ndom,ndom,ndom,UCP16
0,0,0,2017-09-04 15:14:42,L,L,ucp,dom,ndom,dom,UCP16
22,67,32,2017-09-04 15:14:43,R,L,ucp,ndom,ndom,ndom,UCP16
0,0,0,2017-09-04 15:14:43,L,L,ucp,dom,ndom,dom,UCP16
60,79,95,2017-09-04 15:14:44,R,L,ucp,ndom,ndom,ndom,UCP16
0,0,0,2017-09-04 15:14:44,L,L,ucp,dom,ndom,dom,UCP16
28,121,19,2017-09-04 15:14:45,R,L,ucp,ndom,ndom,ndom,UCP16
0,0,0,2017-09-04 15:14:45,L,L,ucp,dom,ndom,dom,UCP16
12,59,42,2017-09-04 15:14:46,R,L,ucp,ndom,ndom,ndom,UCP16
0,0,0,2017-09-04 15:14:46,L,L,ucp,dom,ndom,dom,UCP16
63,75,33,2017-09-04 15:14:47,R,L,ucp,ndom,ndom,ndom,UCP16
0,0,0,2017-09-04 15:14:47,L,L,ucp,dom,ndom,dom,UCP16
0,0,0,2017-09-04 15:14:48,L,L,ucp,dom,ndom,dom,UCP16
58,35,57,2017-09-04 15:14:48,R,L,ucp,ndom,ndom,ndom,UCP16
0,0,0,2017-09-04 15:14:49,L,L,ucp,dom,ndom,dom,UCP16
25,34,47,2017-09-04 15:14:49,R,L,ucp,ndom,ndom,ndom,UCP16
0,0,0,2017-09-04 15:14:50,L,L,ucp,dom,ndom,dom,UCP16
44,43,34,2017-09-04 15:14:50,R,L,ucp,ndom,ndom,ndom,UCP16
0,0,0,2017-09-04 15:14:51,L,L,ucp,dom,ndom,dom,UCP16
65,73,73,2017-09-04 15:14:51,R,L,ucp,ndom,ndom,ndom,UCP16
0,0,0,2017-09-04 15:14:52,L,L,ucp,dom,ndom,dom,UCP16
73,78,85,2017-09-04 15:14:52,R,L,ucp,ndom,ndom,ndom,UCP16
0,0,0,2017-09-04 15:14:53,L,L,ucp,dom,ndom,dom,UCP16
54,76,91,2017-09-04 15:14:53,R,L,ucp,ndom,ndom,ndom,UCP16
67,85,82,2017-09-04 15:14:54,R,L,ucp,ndom,ndom,ndom,UCP16
0,0,0,2017-09-04 15:14:54,L,L,ucp,dom,ndom,dom,UCP16
44,84,26,2017-09-04 15:14:55,R,L,ucp,ndom,ndom,ndom,UCP16
0,0,0,2017-09-04 15:14:55,L,L,ucp,dom,ndom,dom,UCP16
70,60,86,2017-09-04 15:14:56,R,L,ucp,ndom,ndom,ndom,UCP16
0,0,0,2017-09-04 15:14:56,L,L,ucp,dom,ndom,dom,UCP16
21,93,30,2017-09-04 15:14:57,R,L,ucp,ndom,ndom,ndom,UCP16
0,0,0,2017-09-04 15:14:57,L,L,ucp,dom,ndom,dom,UCP16
0,0,0,2017-09-04 15:14:58,L,L,ucp,dom,ndom,dom,UCP16
53,63,68,2017-09-04 15:14:58,R,L,ucp,ndom,ndom,ndom,UCP16
0,0,0,2017-09-04 15:14:59,L,L,ucp,dom,ndom,dom,UCP16
90,130,164,2017-09-04 15:14:59,R,L,ucp,ndom,ndom,ndom,UCP16
0,0,0,2017-09-04 15:15:00,L,L,ucp,dom,ndom,dom,UCP16
72,63,56,2017-09-04 15:15:00,R,L,ucp,ndom,ndom,ndom,UCP16
33,130,6,2017-09-04 15:15:01,R,L,ucp,ndom,ndom,ndom,UCP16
0,0,0,2017-09-04 15:15:01,L,L,ucp,dom,ndom,dom,UCP16
63,57,53,2017-09-04 15:15:02,R,L,ucp,ndom,ndom,ndom,UCP16
0,0,0,2017-09-04 15:15:02,L,L,ucp,dom,ndom,dom,UCP16
0,0,0,2017-09-04 15:15:03,L,L,ucp,dom,ndom,dom,UCP16
40,28,44,2017-09-04 15:15:03,R,L,ucp,ndom,ndom,ndom,UCP16
0,0,0,2017-09-04 15:15:04,L,L,ucp,dom,ndom,dom,UCP16
59,43,66,2017-09-04 15:15:04,R,L,ucp,ndom,ndom,ndom,UCP16
0,0,0,2017-09-04 15:15:05,L,L,ucp,dom,ndom,dom,UCP16
43,51,28,2017-09-04 15:15:05,R,L,ucp,ndom,ndom,ndom,UCP16
67,76,74,2017-09-04 15:15:06,R,L,ucp,ndom,ndom,ndom,UCP16
0,0,0,2017-09-04 15:15:06,L,L,ucp,dom,ndom,dom,UCP16
0,0,0,2017-09-04 15:15:07,L,L,ucp,dom,ndom,dom,UCP16
37,75,21,2017-09-04 15:15:07,R,L,ucp,ndom,ndom,ndom,UCP16
0,0,0,2017-09-04 15:15:08,L,L,ucp,dom,ndom,dom,UCP16
66,41,65,2017-09-04 15:15:08,R,L,ucp,ndom,ndom,ndom,UCP16
0,0,0,2017-09-04 15:15:09,L,L,ucp,dom,ndom,dom,UCP16
40,53,70,2017-09-04 15:15:09,R,L,ucp,ndom,ndom,ndom,UCP16
51,8,31,2017-09-04 15:15:10,R,L,ucp,ndom,ndom,ndom,UCP16
0,0,0,2017-09-04 15:15:10,L,L,ucp,dom,ndom,dom,UCP16
52,65,44,2017-09-04 15:15:11,R,L,ucp,ndom,ndom,ndom,UCP16
0,0,0,2017-09-04 15:15:11,L,L,ucp,dom,ndom,dom,UCP16
64,27,93,2017-09-04 15:15:12,R,L,ucp,ndom,ndom,ndom,UCP16
0,0,0,2017-09-04 15:15:12,L,L,ucp,dom,ndom,dom,UCP16
0,0,0,2017-09-04 15:15:13,L,L,ucp,dom,ndom,dom,UCP16
30,45,39,2017-09-04 15:15:13,R,L,ucp,ndom,ndom,ndom,UCP16
0,0,0,2017-09-04 15:15:14,L,L,ucp,dom,ndom,dom,UCP16
76,80,91,2017-09-04 15:15:14,R,L,ucp,ndom,ndom,ndom,UCP16
0,0,0,2017-09-04 15:15:15,L,L,ucp,dom,ndom,dom,UCP16
22,39,30,2017-09-04 15:15:15,R,L,ucp,ndom,ndom,ndom,UCP16
0,0,0,2017-09-04 15:15:16,L,L,ucp,dom,ndom,dom,UCP16
74,107,61,2017-09-04 15:15:16,R,L,ucp,ndom,ndom,ndom,UCP16
0,0,0,2017-09-04 15:15:17,L,L,ucp,dom,ndom,dom,UCP16
76,49,41,2017-09-04 15:15:17,R,L,ucp,ndom,ndom,ndom,UCP16
0,0,0,2017-09-04 15:15:18,L,L,ucp,dom,ndom,dom,UCP16
39,67,35,2017-09-04 15:15:18,R,L,ucp,ndom,ndom,ndom,UCP16
74,29,63,2017-09-04 15:15:19,R,L,ucp,ndom,ndom,ndom,UCP16
0,0,0,2017-09-04 15:15:19,L,L,ucp,dom,ndom,dom,UCP16
49,71,40,2017-09-04 15:15:20,R,L,ucp,ndom,ndom,ndom,UCP16
0,0,0,2017-09-04 15:15:20,L,L,ucp,dom,ndom,dom,UCP16
42,77,63,2017-09-04 15:15:21,R,L,ucp,ndom,ndom,ndom,UCP16
0,0,0,2017-09-04 15:15:21,L,L,ucp,dom,ndom,dom,UCP16
69,62,60,2017-09-04 15:15:22,R,L,ucp,ndom,ndom,ndom,UCP16
0,0,0,2017-09-04 15:15:22,L,L,ucp,dom,ndom,dom,UCP16
48,68,66,2017-09-04 15:15:23,R,L,ucp,ndom,ndom,ndom,UCP16
0,0,0,2017-09-04 15:15:23,L,L,ucp,dom,ndom,dom,UCP16
36,55,19,2017-09-04 15:15:24,R,L,ucp,ndom,ndom,ndom,UCP16
0,0,0,2017-09-04 15:15:24,L,L,ucp,dom,ndom,dom,UCP16
75,96,115,2017-09-04 15:15:25,R,L,ucp,ndom,ndom,ndom,UCP16
0,0,0,2017-09-04 15:15:25,L,L,ucp,dom,ndom,dom,UCP16
86,53,136,2017-09-04 15:15:26,R,L,ucp,ndom,ndom,ndom,UCP16
0,0,0,2017-09-04 15:15:26,L,L,ucp,dom,ndom,dom,UCP16
98,126,94,2017-09-04 15:15:27,R,L,ucp,ndom,ndom,ndom,UCP16
0,0,0,2017-09-04 15:15:27,L,L,ucp,dom,ndom,dom,UCP16
25,105,61,2017-09-04 15:15:28,R,L,ucp,ndom,ndom,ndom,UCP16
203,152,221,2017-09-04 15:15:28,L,L,ucp,dom,ndom,dom,UCP16
88,65,52,2017-09-04 15:15:29,L,L,ucp,dom,ndom,dom,UCP16
92,90,55,2017-09-04 15:15:29,R,L,ucp,ndom,ndom,ndom,UCP16
164,131,102,2017-09-04 15:15:30,L,L,ucp,dom,ndom,dom,UCP16
30,0,0,2017-09-04 15:15:30,R,L,ucp,ndom,ndom,ndom,UCP16
0,0,0,2017-09-04 15:16:17,R,L,ucp,ndom,dom,ndom,UCP16
93,77,120,2017-09-04 15:16:17,L,L,ucp,dom,dom,dom,UCP16
120,99,85,2017-09-04 15:16:18,L,L,ucp,dom,dom,dom,UCP16
0,0,0,2017-09-04 15:16:18,R,L,ucp,ndom,dom,ndom,UCP16
92,77,32,2017-09-04 15:16:19,L,L,ucp,dom,dom,dom,UCP16
0,0,0,2017-09-04 15:16:19,R,L,ucp,ndom,dom,ndom,UCP16
97,140,60,2017-09-04 15:16:20,L,L,ucp,dom,dom,dom,UCP16
0,0,0,2017-09-04 15:16:20,R,L,ucp,ndom,dom,ndom,UCP16
0,0,0,2017-09-04 15:16:21,R,L,ucp,ndom,dom,ndom,UCP16
47,115,86,2017-09-04 15:16:21,L,L,ucp,dom,dom,dom,UCP16
0,0,0,2017-09-04 15:16:22,R,L,ucp,ndom,dom,ndom,UCP16
67,80,57,2017-09-04 15:16:22,L,L,ucp,dom,dom,dom,UCP16
0,0,0,2017-09-04 15:16:23,R,L,ucp,ndom,dom,ndom,UCP16
55,66,104,2017-09-04 15:16:23,L,L,ucp,dom,dom,dom,UCP16
61,55,75,2017-09-04 15:16:24,L,L,ucp,dom,dom,dom,UCP16
0,0,0,2017-09-04 15:16:24,R,L,ucp,ndom,dom,ndom,UCP16
63,85,105,2017-09-04 15:16:25,L,L,ucp,dom,dom,dom,UCP16
0,0,0,2017-09-04 15:16:25,R,L,ucp,ndom,dom,ndom,UCP16
0,0,0,2017-09-04 15:16:26,R,L,ucp,ndom,dom,ndom,UCP16
53,51,105,2017-09-04 15:16:26,L,L,ucp,dom,dom,dom,UCP16
0,0,0,2017-09-04 15:16:27,R,L,ucp,ndom,dom,ndom,UCP16
27,76,7,2017-09-04 15:16:27,L,L,ucp,dom,dom,dom,UCP16
0,0,0,2017-09-04 15:16:28,R,L,ucp,ndom,dom,ndom,UCP16
91,112,97,2017-09-04 15:16:28,L,L,ucp,dom,dom,dom,UCP16
0,0,0,2017-09-04 15:16:29,R,L,ucp,ndom,dom,ndom,UCP16
53,107,93,2017-09-04 15:16:29,L,L,ucp,dom,dom,dom,UCP16
0,0,0,2017-09-04 15:16:30,R,L,ucp,ndom,dom,ndom,UCP16
97,133,54,2017-09-04 15:16:30,L,L,ucp,dom,dom,dom,UCP16
0,0,0,2017-09-04 15:16:31,R,L,ucp,ndom,dom,ndom,UCP16
102,66,69,2017-09-04 15:16:31,L,L,ucp,dom,dom,dom,UCP16
76,64,138,2017-09-04 15:16:32,L,L,ucp,dom,dom,dom,UCP16
0,0,0,2017-09-04 15:16:32,R,L,ucp,ndom,dom,ndom,UCP16
0,0,0,2017-09-04 15:16:33,R,L,ucp,ndom,dom,ndom,UCP16
93,61,58,2017-09-04 15:16:33,L,L,ucp,dom,dom,dom,UCP16
0,0,0,2017-09-04 15:16:34,R,L,ucp,ndom,dom,ndom,UCP16
89,61,93,2017-09-04 15:16:34,L,L,ucp,dom,dom,dom,UCP16
48,95,81,2017-09-04 15:16:35,L,L,ucp,dom,dom,dom,UCP16
0,0,0,2017-09-04 15:16:35,R,L,ucp,ndom,dom,ndom,UCP16
80,181,34,2017-09-04 15:16:36,L,L,ucp,dom,dom,dom,UCP16
0,0,0,2017-09-04 15:16:36,R,L,ucp,ndom,dom,ndom,UCP16
58,43,46,2017-09-04 15:16:37,L,L,ucp,dom,dom,dom,UCP16
0,0,0,2017-09-04 15:16:37,R,L,ucp,ndom,dom,ndom,UCP16
0,0,0,2017-09-04 15:16:38,R,L,ucp,ndom,dom,ndom,UCP16
78,59,86,2017-09-04 15:16:38,L,L,ucp,dom,dom,dom,UCP16
85,56,70,2017-09-04 15:16:39,L,L,ucp,dom,dom,dom,UCP16
0,0,0,2017-09-04 15:16:39,R,L,ucp,ndom,dom,ndom,UCP16
0,0,0,2017-09-04 15:16:40,R,L,ucp,ndom,dom,ndom,UCP16
115,92,72,2017-09-04 15:16:40,L,L,ucp,dom,dom,dom,UCP16
0,0,0,2017-09-04 15:16:41,R,L,ucp,ndom,dom,ndom,UCP16
131,65,92,2017-09-04 15:16:41,L,L,ucp,dom,dom,dom,UCP16
0,0,0,2017-09-04 15:16:42,R,L,ucp,ndom,dom,ndom,UCP16
126,67,105,2017-09-04 15:16:42,L,L,ucp,dom,dom,dom,UCP16
86,60,88,2017-09-04 15:16:43,L,L,ucp,dom,dom,dom,UCP16
0,0,0,2017-09-04 15:16:43,R,L,ucp,ndom,dom,ndom,UCP16
75,75,126,2017-09-04 15:16:44,L,L,ucp,dom,dom,dom,UCP16
0,0,0,2017-09-04 15:16:44,R,L,ucp,ndom,dom,ndom,UCP16
0,0,0,2017-09-04 15:16:45,R,L,ucp,ndom,dom,ndom,UCP16
81,58,103,2017-09-04 15:16:45,L,L,ucp,dom,dom,dom,UCP16
0,0,0,2017-09-04 15:16:46,R,L,ucp,ndom,dom,ndom,UCP16
80,51,102,2017-09-04 15:16:46,L,L,ucp,dom,dom,dom,UCP16
51,38,58,2017-09-04 15:16:47,L,L,ucp,dom,dom,dom,UCP16
0,0,0,2017-09-04 15:16:47,R,L,ucp,ndom,dom,ndom,UCP16
91,51,116,2017-09-04 15:16:48,L,L,ucp,dom,dom,dom,UCP16
0,0,0,2017-09-04 15:16:48,R,L,ucp,ndom,dom,ndom,UCP16
91,59,88,2017-09-04 15:16:49,L,L,ucp,dom,dom,dom,UCP16
0,0,0,2017-09-04 15:16:49,R,L,ucp,ndom,dom,ndom,UCP16
120,24,97,2017-09-04 15:16:50,L,L,ucp,dom,dom,dom,UCP16
0,0,0,2017-09-04 15:16:50,R,L,ucp,ndom,dom,ndom,UCP16
122,65,93,2017-09-04 15:16:51,L,L,ucp,dom,dom,dom,UCP16
0,0,0,2017-09-04 15:16:51,R,L,ucp,ndom,dom,ndom,UCP16
101,70,80,2017-09-04 15:16:52,L,L,ucp,dom,dom,dom,UCP16
0,0,0,2017-09-04 15:16:52,R,L,ucp,ndom,dom,ndom,UCP16
68,66,110,2017-09-04 15:16:53,L,L,ucp,dom,dom,dom,UCP16
0,0,0,2017-09-04 15:16:53,R,L,ucp,ndom,dom,ndom,UCP16
0,0,0,2017-09-04 15:16:54,R,L,ucp,ndom,dom,ndom,UCP16
61,82,93,2017-09-04 15:16:54,L,L,ucp,dom,dom,dom,UCP16
0,0,0,2017-09-04 15:16:55,R,L,ucp,ndom,dom,ndom,UCP16
59,47,66,2017-09-04 15:16:55,L,L,ucp,dom,dom,dom,UCP16
0,0,0,2017-09-04 15:16:56,R,L,ucp,ndom,dom,ndom,UCP16
59,66,59,2017-09-04 15:16:56,L,L,ucp,dom,dom,dom,UCP16
0,0,0,2017-09-04 15:16:57,R,L,ucp,ndom,dom,ndom,UCP16
43,42,89,2017-09-04 15:16:57,L,L,ucp,dom,dom,dom,UCP16
0,0,0,2017-09-04 15:16:58,R,L,ucp,ndom,dom,ndom,UCP16
48,89,105,2017-09-04 15:16:58,L,L,ucp,dom,dom,dom,UCP16
0,0,0,2017-09-04 15:16:59,R,L,ucp,ndom,dom,ndom,UCP16
58,66,132,2017-09-04 15:16:59,L,L,ucp,dom,dom,dom,UCP16
0,0,0,2017-09-04 15:17:00,R,L,ucp,ndom,dom,ndom,UCP16
81,34,95,2017-09-04 15:17:00,L,L,ucp,dom,dom,dom,UCP16
0,0,0,2017-09-04 15:17:01,R,L,ucp,ndom,dom,ndom,UCP16
60,46,117,2017-09-04 15:17:01,L,L,ucp,dom,dom,dom,UCP16
0,0,0,2017-09-04 15:17:02,R,L,ucp,ndom,dom,ndom,UCP16
57,34,41,2017-09-04 15:17:02,L,L,ucp,dom,dom,dom,UCP16
0,0,0,2017-09-04 15:17:03,R,L,ucp,ndom,dom,ndom,UCP16
207,78,112,2017-09-04 15:17:03,L,L,ucp,dom,dom,dom,UCP16
213,106,131,2017-09-04 15:17:04,L,L,ucp,dom,dom,dom,UCP16
0,0,0,2017-09-04 15:17:04,R,L,ucp,ndom,dom,ndom,UCP16
0,0,0,2017-09-04 15:17:05,R,L,ucp,ndom,dom,ndom,UCP16
98,83,83,2017-09-04 15:17:05,L,L,ucp,dom,dom,dom,UCP16
0,0,0,2017-09-04 15:17:06,R,L,ucp,ndom,dom,ndom,UCP16
96,80,94,2017-09-04 15:17:06,L,L,ucp,dom,dom,dom,UCP16
100,89,92,2017-09-04 15:17:07,L,L,ucp,dom,dom,dom,UCP16
6,15,16,2017-09-04 15:17:07,R,L,ucp,ndom,dom,ndom,UCP16
164,107,37,2017-09-04 15:17:08,L,L,ucp,dom,dom,dom,UCP16
115,55,144,2017-09-04 15:17:08,R,L,ucp,ndom,dom,ndom,UCP16
75,56,78,2017-09-04 15:17:09,R,L,ucp,ndom,dom,ndom,UCP16
84,97,243,2017-09-04 15:17:09,L,L,ucp,dom,dom,dom,UCP16
4,27,30,2017-09-04 15:17:10,R,L,ucp,ndom,dom,ndom,UCP16
8,61,0,2017-09-04 15:17:10,L,L,ucp,dom,dom,dom,UCP16
2,0,10,2017-09-04 15:17:11,R,L,ucp,ndom,dom,ndom,UCP16
22,43,0,2017-09-04 15:17:11,L,L,ucp,dom,dom,dom,UCP16
11,16,24,2017-09-04 15:17:12,R,L,ucp,ndom,dom,ndom,UCP16
0,46,11,2017-09-04 15:17:12,L,L,ucp,dom,dom,dom,UCP16
6,0,0,2017-09-04 15:17:13,R,L,ucp,ndom,dom,ndom,UCP16
17,46,4,2017-09-04 15:17:13,L,L,ucp,dom,dom,dom,UCP16
84,89,70,2017-09-04 15:17:14,L,L,ucp,dom,dom,dom,UCP16
68,58,34,2017-09-04 15:17:14,R,L,ucp,ndom,dom,ndom,UCP16
258,112,82,2017-09-04 15:17:15,L,L,ucp,dom,dom,dom,UCP16
113,71,100,2017-09-04 15:17:15,R,L,ucp,ndom,dom,ndom,UCP16
344,100,130,2017-09-04 15:17:16,L,L,ucp,dom,dom,dom,UCP16
67,38,52,2017-09-04 15:17:16,R,L,ucp,ndom,dom,ndom,UCP16
121,126,168,2017-09-04 15:17:17,L,L,ucp,dom,dom,dom,UCP16
7,5,24,2017-09-04 15:17:17,R,L,ucp,ndom,dom,ndom,UCP16
